#
# There is insufficient memory for the Java Runtime Environment to continue.
# Native memory allocation (mmap) failed to map 298844160 bytes. Error detail: G1 virtual space
# Possible reasons:
#   The system is out of physical RAM or swap space
#   This process is running with CompressedOops enabled, and the Java Heap may be blocking the growth of the native heap
# Possible solutions:
#   Reduce memory load on the system
#   Increase physical memory or swap space
#   Check if swap backing store is full
#   Decrease Java heap size (-Xmx/-Xms)
#   Decrease number of Java threads
#   Decrease Java thread stack sizes (-Xss)
#   Set larger code cache with -XX:ReservedCodeCacheSize=
#   JVM is running with Unscaled Compressed Oops mode in which the Java heap is
#     placed in the first 4GB address space. The Java Heap base address is the
#     maximum limit for the native heap growth. Please use -XX:HeapBaseMinAddress
#     to set the Java Heap base and to place the Java Heap above 4GB virtual address.
# This output file may be truncated or incomplete.
#
#  Out of Memory Error (os_windows.cpp:3618), pid=24632, tid=7212
#
# JRE version: OpenJDK Runtime Environment Temurin-17.0.18+8 (17.0.18+8) (build 17.0.18+8)
# Java VM: OpenJDK 64-Bit Server VM Temurin-17.0.18+8 (17.0.18+8, mixed mode, sharing, tiered, compressed oops, compressed class ptrs, g1 gc, windows-amd64)
# No core dump will be written. Minidumps are not enabled by default on client versions of Windows
#

---------------  S U M M A R Y ------------

Command Line: --add-opens=java.base/java.lang=ALL-UNNAMED --add-opens=java.base/java.lang.invoke=ALL-UNNAMED --add-opens=java.base/java.util=ALL-UNNAMED --add-opens=java.prefs/java.util.prefs=ALL-UNNAMED --add-exports=jdk.compiler/com.sun.tools.javac.api=ALL-UNNAMED --add-exports=jdk.compiler/com.sun.tools.javac.util=ALL-UNNAMED --add-opens=java.base/java.util=ALL-UNNAMED --add-opens=java.prefs/java.util.prefs=ALL-UNNAMED --add-opens=java.base/java.nio.charset=ALL-UNNAMED --add-opens=java.base/java.net=ALL-UNNAMED --add-opens=java.base/java.util.concurrent=ALL-UNNAMED --add-opens=java.base/java.util.concurrent.atomic=ALL-UNNAMED --add-opens=java.xml/javax.xml.namespace=ALL-UNNAMED -XX:MaxMetaspaceSize=512m -Xmx1536m -Dfile.encoding=windows-1252 -Duser.country=IN -Duser.language=en -Duser.variant -javaagent:E:\GradleCache\wrapper\dists\gradle-9.0.0-bin\d6wjpkvcgsg3oed0qlfss3wgl\gradle-9.0.0\lib\agents\gradle-instrumentation-agent-9.0.0.jar org.gradle.launcher.daemon.bootstrap.GradleDaemon 9.0.0

Host: AMD Ryzen 5 5600H with Radeon Graphics         , 12 cores, 5G,  Windows 11 , 64 bit Build 26100 (10.0.26100.8328)
Time: Sun May  3 20:06:40 2026 India Standard Time elapsed time: 305.967021 seconds (0d 0h 5m 5s)

---------------  T H R E A D  ---------------

Current thread (0x0000014ef5ff30f0):  VMThread "VM Thread" [stack: 0x0000000e43f00000,0x0000000e44000000] [id=7212]

Stack: [0x0000000e43f00000,0x0000000e44000000]
Native frames: (J=compiled Java code, j=interpreted, Vv=VM code, C=native code)
V  [jvm.dll+0x6846f9]
V  [jvm.dll+0x839ea5]
V  [jvm.dll+0x83b91e]
V  [jvm.dll+0x83bfa3]
V  [jvm.dll+0x248eff]
V  [jvm.dll+0x6814b9]
V  [jvm.dll+0x6762ba]
V  [jvm.dll+0x309257]
V  [jvm.dll+0x310826]
V  [jvm.dll+0x360d9e]
V  [jvm.dll+0x360fdd]
V  [jvm.dll+0x2e02dc]
V  [jvm.dll+0x2e3366]
V  [jvm.dll+0x2edaa4]
V  [jvm.dll+0x320d5d]
V  [jvm.dll+0x8407bd]
V  [jvm.dll+0x8414f3]
V  [jvm.dll+0x841a1f]
V  [jvm.dll+0x841e05]
V  [jvm.dll+0x841ece]
V  [jvm.dll+0x7eaaec]
V  [jvm.dll+0x6835c7]
C  [ucrtbase.dll+0x37b0]
C  [KERNEL32.DLL+0x2e957]
C  [ntdll.dll+0x427c]

VM_Operation (0x0000000e43bffbd0): G1PauseRemark, mode: safepoint, requested by thread 0x0000014ed6ab82f0


---------------  P R O C E S S  ---------------

Threads class SMR info:
_java_thread_list=0x0000014ea3cc7260, length=93, elements={
0x0000014ed6a5d2c0, 0x0000014ef5ffa0f0, 0x0000014ef5ffcbd0, 0x0000014ef60153c0,
0x0000014ef6015c90, 0x0000014ef6016560, 0x0000014ef6016e30, 0x0000014ef6019a40,
0x0000014ef6022410, 0x0000014ef6023d30, 0x0000014ef5fe4600, 0x0000014ef63c3d50,
0x0000014efb6094d0, 0x0000014efb60c260, 0x0000014efb6099e0, 0x0000014efb608fc0,
0x0000014efb608ab0, 0x0000014efb60b840, 0x0000014efb60a400, 0x0000014efb60ae20,
0x0000014efb609ef0, 0x0000014efb60a910, 0x0000014efb60bd50, 0x0000014efb60b330,
0x0000014efb897b30, 0x0000014efb894da0, 0x0000014efb897110, 0x0000014efb896c00,
0x0000014efb894890, 0x0000014efb897620, 0x0000014efb8961e0, 0x0000014efb8957c0,
0x0000014efb895cd0, 0x0000014efb8966f0, 0x0000014efc5f3650, 0x0000014efc5f3b60,
0x0000014efc5f1d00, 0x0000014efc5f4070, 0x0000014efc5f2720, 0x0000014efc5f4580,
0x0000014efc5f2c30, 0x0000014efc5f0dd0, 0x0000014efc5f4a90, 0x0000014efc5f12e0,
0x0000014efc5f8750, 0x0000014efc5f68f0, 0x0000014efc5f4fa0, 0x0000014efc5f63e0,
0x0000014efc5f7310, 0x0000014efc5f6e00, 0x0000014efc5f7820, 0x0000014efc5f7d30,
0x0000014efdb6dd30, 0x0000014efdb6a580, 0x0000014efdb6b4b0, 0x0000014efdb6aa90,
0x0000014efdb6c8f0, 0x0000014efde1ee70, 0x0000014efde1c5f0, 0x0000014efde1d010,
0x0000014efde1cb00, 0x0000014efde1e450, 0x0000014efde23a60, 0x0000014efde23f70,
0x0000014efde21c00, 0x0000014efde22110, 0x0000014efde23550, 0x0000014efde22620,
0x0000014efde202b0, 0x0000014efde207c0, 0x0000014efde20cd0, 0x0000014efc850930,
0x0000014efc851860, 0x0000014efc84efe0, 0x0000014efc84ff10, 0x0000014efc851350,
0x0000014efc84fa00, 0x0000014efc852790, 0x0000014efc8540e0, 0x0000014efc855f40,
0x0000014efc856450, 0x0000014efc854b00, 0x0000014efc855520, 0x0000014efdb6ce00,
0x0000014efdb6c3e0, 0x0000014efdb6d310, 0x0000014efdb6d820, 0x0000014efdb6afa0,
0x0000014ea54109b0, 0x0000014ea3cf1a30, 0x0000014ea5d920b0, 0x0000014ea369ec40,
0x0000014ea365ea80
}

Java Threads: ( => current thread )
  0x0000014ed6a5d2c0 JavaThread "main" [_thread_blocked, id=20312, stack(0x0000000e43900000,0x0000000e43a00000)]
  0x0000014ef5ffa0f0 JavaThread "Reference Handler" daemon [_thread_blocked, id=19264, stack(0x0000000e44000000,0x0000000e44100000)]
  0x0000014ef5ffcbd0 JavaThread "Finalizer" daemon [_thread_blocked, id=3132, stack(0x0000000e44100000,0x0000000e44200000)]
  0x0000014ef60153c0 JavaThread "Signal Dispatcher" daemon [_thread_blocked, id=30352, stack(0x0000000e44200000,0x0000000e44300000)]
  0x0000014ef6015c90 JavaThread "Attach Listener" daemon [_thread_blocked, id=15840, stack(0x0000000e44300000,0x0000000e44400000)]
  0x0000014ef6016560 JavaThread "Service Thread" daemon [_thread_blocked, id=16792, stack(0x0000000e44400000,0x0000000e44500000)]
  0x0000014ef6016e30 JavaThread "Monitor Deflation Thread" daemon [_thread_blocked, id=21980, stack(0x0000000e44500000,0x0000000e44600000)]
  0x0000014ef6019a40 JavaThread "C2 CompilerThread0" daemon [_thread_blocked, id=25908, stack(0x0000000e44600000,0x0000000e44700000)]
  0x0000014ef6022410 JavaThread "C1 CompilerThread0" daemon [_thread_blocked, id=30148, stack(0x0000000e44700000,0x0000000e44800000)]
  0x0000014ef6023d30 JavaThread "Sweeper thread" daemon [_thread_blocked, id=26944, stack(0x0000000e44800000,0x0000000e44900000)]
  0x0000014ef5fe4600 JavaThread "Common-Cleaner" daemon [_thread_blocked, id=30404, stack(0x0000000e44900000,0x0000000e44a00000)]
  0x0000014ef63c3d50 JavaThread "Notification Thread" daemon [_thread_blocked, id=22348, stack(0x0000000e44a00000,0x0000000e44b00000)]
  0x0000014efb6094d0 JavaThread "Daemon health stats" [_thread_blocked, id=33904, stack(0x0000000e45000000,0x0000000e45100000)]
  0x0000014efb60c260 JavaThread "Incoming local TCP Connector on port 50096" [_thread_in_native, id=21636, stack(0x0000000e45100000,0x0000000e45200000)]
  0x0000014efb6099e0 JavaThread "Daemon periodic checks" [_thread_blocked, id=29788, stack(0x0000000e45200000,0x0000000e45300000)]
  0x0000014efb608fc0 JavaThread "Daemon" [_thread_blocked, id=27824, stack(0x0000000e45300000,0x0000000e45400000)]
  0x0000014efb608ab0 JavaThread "Handler for socket connection from /127.0.0.1:50096 to /127.0.0.1:50097" [_thread_in_native, id=10468, stack(0x0000000e45400000,0x0000000e45500000)]
  0x0000014efb60b840 JavaThread "Cancel handler" [_thread_blocked, id=16164, stack(0x0000000e45500000,0x0000000e45600000)]
  0x0000014efb60a400 JavaThread "Daemon worker" [_thread_blocked, id=28252, stack(0x0000000e45600000,0x0000000e45700000)]
  0x0000014efb60ae20 JavaThread "Asynchronous log dispatcher for DefaultDaemonConnection: socket connection from /127.0.0.1:50096 to /127.0.0.1:50097" [_thread_blocked, id=32952, stack(0x0000000e45700000,0x0000000e45800000)]
  0x0000014efb609ef0 JavaThread "Stdin handler" [_thread_blocked, id=23248, stack(0x0000000e45800000,0x0000000e45900000)]
  0x0000014efb60a910 JavaThread "Daemon client event forwarder" [_thread_blocked, id=32384, stack(0x0000000e45900000,0x0000000e45a00000)]
  0x0000014efb60bd50 JavaThread "Cache worker for journal cache (E:\GradleCache\caches\journal-1)" [_thread_blocked, id=18196, stack(0x0000000e45f00000,0x0000000e46000000)]
  0x0000014efb60b330 JavaThread "File lock request listener" [_thread_in_native, id=10720, stack(0x0000000e46000000,0x0000000e46100000)]
  0x0000014efb897b30 JavaThread "Cache worker for file hash cache (E:\GradleCache\caches\9.0.0\fileHashes)" [_thread_blocked, id=34252, stack(0x0000000e46200000,0x0000000e46300000)]
  0x0000014efb894da0 JavaThread "Cache worker for file hash cache (E:\visionFrontend\frontend\SpeakingCoach\android\.gradle\9.0.0\fileHashes)" [_thread_blocked, id=16852, stack(0x0000000e46600000,0x0000000e46700000)]
  0x0000014efb897110 JavaThread "Cache worker for Build Output Cleanup Cache (E:\visionFrontend\frontend\SpeakingCoach\android\.gradle\buildOutputCleanup)" [_thread_blocked, id=16176, stack(0x0000000e46700000,0x0000000e46800000)]
  0x0000014efb896c00 JavaThread "File watcher server" daemon [_thread_in_native, id=17156, stack(0x0000000e46800000,0x0000000e46900000)]
  0x0000014efb894890 JavaThread "File watcher consumer" daemon [_thread_blocked, id=18752, stack(0x0000000e46900000,0x0000000e46a00000)]
  0x0000014efb897620 JavaThread "Cache worker for checksums cache (E:\visionFrontend\frontend\SpeakingCoach\android\.gradle\9.0.0\checksums)" [_thread_blocked, id=15668, stack(0x0000000e46a00000,0x0000000e46b00000)]
  0x0000014efb8961e0 JavaThread "Cache worker for file content cache (E:\GradleCache\caches\9.0.0\fileContent)" [_thread_blocked, id=26760, stack(0x0000000e46b00000,0x0000000e46c00000)]
  0x0000014efb8957c0 JavaThread "Cache worker for cache directory md-supplier (E:\GradleCache\caches\9.0.0\md-supplier)" [_thread_blocked, id=24040, stack(0x0000000e46c00000,0x0000000e46d00000)]
  0x0000014efb895cd0 JavaThread "Cache worker for cache directory md-rule (E:\GradleCache\caches\9.0.0\md-rule)" [_thread_blocked, id=34436, stack(0x0000000e46d00000,0x0000000e46e00000)]
  0x0000014efb8966f0 JavaThread "jar transforms" [_thread_blocked, id=27264, stack(0x0000000e46f00000,0x0000000e47000000)]
  0x0000014efc5f3650 JavaThread "Cache worker for Build Output Cleanup Cache (E:\visionFrontend\frontend\SpeakingCoach\node_modules\@react-native\gradle-plugin\.gradle\buildOutputCleanup)" [_thread_blocked, id=33164, stack(0x0000000e46100000,0x0000000e46200000)]
  0x0000014efc5f3b60 JavaThread "Unconstrained build operations" [_thread_blocked, id=31888, stack(0x0000000e47300000,0x0000000e47400000)]
  0x0000014efc5f1d00 JavaThread "Unconstrained build operations Thread 2" [_thread_blocked, id=26488, stack(0x0000000e47400000,0x0000000e47500000)]
  0x0000014efc5f4070 JavaThread "Unconstrained build operations Thread 3" [_thread_blocked, id=12120, stack(0x0000000e47500000,0x0000000e47600000)]
  0x0000014efc5f2720 JavaThread "Cache worker for Build Output Cleanup Cache (E:\visionFrontend\frontend\SpeakingCoach\node_modules\expo-modules-autolinking\android\expo-gradle-plugin\.gradle\buildOutputCleanup)" [_thread_blocked, id=20640, stack(0x0000000e47600000,0x0000000e47700000)]
  0x0000014efc5f4580 JavaThread "Unconstrained build operations Thread 4" [_thread_blocked, id=13296, stack(0x0000000e47700000,0x0000000e47800000)]
  0x0000014efc5f2c30 JavaThread "Unconstrained build operations Thread 5" [_thread_blocked, id=31248, stack(0x0000000e47800000,0x0000000e47900000)]
  0x0000014efc5f0dd0 JavaThread "Unconstrained build operations Thread 6" [_thread_blocked, id=19504, stack(0x0000000e47900000,0x0000000e47a00000)]
  0x0000014efc5f4a90 JavaThread "build event listener" [_thread_blocked, id=17796, stack(0x0000000e47c00000,0x0000000e47d00000)]
  0x0000014efc5f12e0 JavaThread "Memory manager" [_thread_blocked, id=25804, stack(0x0000000e47d00000,0x0000000e47e00000)]
  0x0000014efc5f8750 JavaThread "Unconstrained build operations Thread 7" [_thread_blocked, id=31336, stack(0x0000000e47e00000,0x0000000e47f00000)]
  0x0000014efc5f68f0 JavaThread "build event listener" [_thread_blocked, id=1712, stack(0x0000000e47f00000,0x0000000e48000000)]
  0x0000014efc5f4fa0 JavaThread "Unconstrained build operations Thread 8" [_thread_blocked, id=18412, stack(0x0000000e48000000,0x0000000e48100000)]
  0x0000014efc5f63e0 JavaThread "Unconstrained build operations Thread 9" [_thread_blocked, id=21608, stack(0x0000000e48100000,0x0000000e48200000)]
  0x0000014efc5f7310 JavaThread "Unconstrained build operations Thread 10" [_thread_blocked, id=2320, stack(0x0000000e48200000,0x0000000e48300000)]
  0x0000014efc5f6e00 JavaThread "ForkJoinPool.commonPool-worker-1" daemon [_thread_blocked, id=33512, stack(0x0000000e43600000,0x0000000e43700000)]
  0x0000014efc5f7820 JavaThread "ForkJoinPool.commonPool-worker-2" daemon [_thread_blocked, id=26304, stack(0x0000000e43700000,0x0000000e43800000)]
  0x0000014efc5f7d30 JavaThread "ForkJoinPool.commonPool-worker-4" daemon [_thread_blocked, id=17096, stack(0x0000000e48300000,0x0000000e48400000)]
  0x0000014efdb6dd30 JavaThread "ForkJoinPool.commonPool-worker-6" daemon [_thread_blocked, id=20836, stack(0x0000000e48500000,0x0000000e48600000)]
  0x0000014efdb6a580 JavaThread "ForkJoinPool.commonPool-worker-8" daemon [_thread_blocked, id=18916, stack(0x0000000e48700000,0x0000000e48800000)]
  0x0000014efdb6b4b0 JavaThread "ForkJoinPool.commonPool-worker-10" daemon [_thread_blocked, id=28636, stack(0x0000000e48800000,0x0000000e48900000)]
  0x0000014efdb6aa90 JavaThread "ForkJoinPool.commonPool-worker-9" daemon [_thread_blocked, id=34580, stack(0x0000000e48900000,0x0000000e48a00000)]
  0x0000014efdb6c8f0 JavaThread "Cache worker for execution history cache (E:\visionFrontend\frontend\SpeakingCoach\node_modules\expo-modules-autolinking\android\expo-gradle-plugin\.gradle\9.0.0\executionHistory)" [_thread_blocked, id=30280, stack(0x0000000e48f00000,0x0000000e49000000)]
  0x0000014efde1ee70 JavaThread "Cache worker for execution history cache (E:\visionFrontend\frontend\SpeakingCoach\node_modules\@react-native\gradle-plugin\.gradle\9.0.0\executionHistory)" [_thread_blocked, id=30932, stack(0x0000000e49000000,0x0000000e49100000)]
  0x0000014efde1c5f0 JavaThread "WorkerExecutor Queue" [_thread_blocked, id=22904, stack(0x0000000e49100000,0x0000000e49200000)]
  0x0000014efde1d010 JavaThread "RMI Scheduler(0)" daemon [_thread_blocked, id=21060, stack(0x0000000e49200000,0x0000000e49300000)]
  0x0000014efde1cb00 JavaThread "RMI TCP Accept-0" daemon [_thread_in_native, id=33272, stack(0x0000000e49500000,0x0000000e49600000)]
  0x0000014efde1e450 JavaThread "RMI TCP Accept-0" daemon [_thread_in_native, id=24364, stack(0x0000000e49b00000,0x0000000e49c00000)]
  0x0000014efde23a60 JavaThread "jar transforms Thread 2" [_thread_blocked, id=20220, stack(0x0000000e49d00000,0x0000000e49e00000)]
  0x0000014efde23f70 JavaThread "Cache worker for Build Output Cleanup Cache (E:\visionFrontend\frontend\SpeakingCoach\node_modules\expo-dev-launcher\expo-dev-launcher-gradle-plugin\.gradle\buildOutputCleanup)" [_thread_blocked, id=24944, stack(0x0000000e49f00000,0x0000000e4a000000)]
  0x0000014efde21c00 JavaThread "Cache worker for Build Output Cleanup Cache (E:\visionFrontend\frontend\SpeakingCoach\node_modules\expo-modules-core\expo-module-gradle-plugin\.gradle\buildOutputCleanup)" [_thread_blocked, id=31624, stack(0x0000000e4a000000,0x0000000e4a100000)]
  0x0000014efde22110 JavaThread "build event listener" [_thread_blocked, id=2780, stack(0x0000000e4a100000,0x0000000e4a200000)]
  0x0000014efde23550 JavaThread "build event listener" [_thread_blocked, id=30152, stack(0x0000000e49300000,0x0000000e49400000)]
  0x0000014efde22620 JavaThread "jar transforms Thread 3" [_thread_blocked, id=28604, stack(0x0000000e49400000,0x0000000e49500000)]
  0x0000014efde202b0 JavaThread "Cache worker for execution history cache (E:\visionFrontend\frontend\SpeakingCoach\node_modules\expo-dev-launcher\expo-dev-launcher-gradle-plugin\.gradle\9.0.0\executionHistory)" [_thread_blocked, id=30976, stack(0x0000000e49a00000,0x0000000e49b00000)]
  0x0000014efde207c0 JavaThread "Cache worker for execution history cache (E:\visionFrontend\frontend\SpeakingCoach\node_modules\expo-modules-core\expo-module-gradle-plugin\.gradle\9.0.0\executionHistory)" [_thread_blocked, id=34656, stack(0x0000000e4a200000,0x0000000e4a300000)]
  0x0000014efde20cd0 JavaThread "RMI RenewClean-[127.0.0.1:17654,org.jetbrains.kotlin.daemon.common.LoopbackNetworkInterface$ClientLoopbackSocketFactory@7e85eede]" daemon [_thread_blocked, id=8864, stack(0x0000000e4a300000,0x0000000e4a400000)]
  0x0000014efc850930 JavaThread "RMI GC Daemon" daemon [_thread_blocked, id=31456, stack(0x0000000e4a400000,0x0000000e4a500000)]
  0x0000014efc851860 JavaThread "RMI Reaper" [_thread_blocked, id=29580, stack(0x0000000e4a500000,0x0000000e4a600000)]
  0x0000014efc84efe0 JavaThread "RMI RenewClean-[127.0.0.1:17654,org.jetbrains.kotlin.daemon.common.LoopbackNetworkInterface$ClientLoopbackSocketFactory@12c3a147]" daemon [_thread_blocked, id=16652, stack(0x0000000e4a700000,0x0000000e4a800000)]
  0x0000014efc84ff10 JavaThread "jar transforms Thread 4" [_thread_blocked, id=31040, stack(0x0000000e47000000,0x0000000e47100000)]
  0x0000014efc851350 JavaThread "jar transforms Thread 5" [_thread_blocked, id=29608, stack(0x0000000e47100000,0x0000000e47200000)]
  0x0000014efc84fa00 JavaThread "jar transforms Thread 6" [_thread_blocked, id=10164, stack(0x0000000e47200000,0x0000000e47300000)]
  0x0000014efc852790 JavaThread "build event listener" [_thread_blocked, id=26088, stack(0x0000000e46300000,0x0000000e46400000)]
  0x0000014efc8540e0 JavaThread "Problems report writer" [_thread_blocked, id=22804, stack(0x0000000e48400000,0x0000000e48500000)]
  0x0000014efc855f40 JavaThread "jar transforms Thread 7" [_thread_blocked, id=33740, stack(0x0000000e48600000,0x0000000e48700000)]
  0x0000014efc856450 JavaThread "jar transforms Thread 8" [_thread_blocked, id=31388, stack(0x0000000e48a00000,0x0000000e48b00000)]
  0x0000014efc854b00 JavaThread "jar transforms Thread 9" [_thread_blocked, id=24308, stack(0x0000000e48b00000,0x0000000e48c00000)]
  0x0000014efc855520 JavaThread "jar transforms Thread 10" [_thread_blocked, id=34160, stack(0x0000000e48c00000,0x0000000e48d00000)]
  0x0000014efdb6ce00 JavaThread "jar transforms Thread 11" [_thread_blocked, id=9044, stack(0x0000000e48e00000,0x0000000e48f00000)]
  0x0000014efdb6c3e0 JavaThread "jar transforms Thread 12" [_thread_blocked, id=30288, stack(0x0000000e49800000,0x0000000e49900000)]
  0x0000014efdb6d310 JavaThread "Exec process Thread 4" [_thread_blocked, id=22064, stack(0x0000000e49900000,0x0000000e49a00000)]
  0x0000014efdb6d820 JavaThread "Exec process Thread 5" [_thread_blocked, id=26000, stack(0x0000000e49c00000,0x0000000e49d00000)]
  0x0000014efdb6afa0 JavaThread "Exec process Thread 6" [_thread_blocked, id=26948, stack(0x0000000e4a600000,0x0000000e4a700000)]
  0x0000014ea54109b0 JavaThread "ForkJoinPool.commonPool-worker-11" daemon [_thread_blocked, id=4060, stack(0x0000000e48d00000,0x0000000e48e00000)]
  0x0000014ea3cf1a30 JavaThread "included builds Thread 5" [_thread_blocked, id=24664, stack(0x0000000e49600000,0x0000000e49700000)]
  0x0000014ea5d920b0 JavaThread "Cache worker for execution history cache (E:\visionFrontend\frontend\SpeakingCoach\android\.gradle\9.0.0\executionHistory)" [_thread_blocked, id=17644, stack(0x0000000e49700000,0x0000000e49800000)]
  0x0000014ea369ec40 JavaThread "Cache worker for Java compile cache (E:\GradleCache\caches\9.0.0\javaCompile)" [_thread_blocked, id=25020, stack(0x0000000e43800000,0x0000000e43900000)]
  0x0000014ea365ea80 JavaThread "Build operations" [_thread_blocked, id=8808, stack(0x0000000e4ac00000,0x0000000e4ad00000)]

Other Threads:
=>0x0000014ef5ff30f0 VMThread "VM Thread" [stack: 0x0000000e43f00000,0x0000000e44000000] [id=7212]
  0x0000014ef62f1090 WatcherThread [stack: 0x0000000e44b00000,0x0000000e44c00000] [id=28832]
  0x0000014ed6aab490 GCTaskThread "GC Thread#0" [stack: 0x0000000e43a00000,0x0000000e43b00000] [id=21312]
  0x0000014ef646d190 GCTaskThread "GC Thread#1" [stack: 0x0000000e44c00000,0x0000000e44d00000] [id=30996]
  0x0000014ef68f9920 GCTaskThread "GC Thread#2" [stack: 0x0000000e44d00000,0x0000000e44e00000] [id=5116]
  0x0000014ef67e9ca0 GCTaskThread "GC Thread#3" [stack: 0x0000000e44e00000,0x0000000e44f00000] [id=16980]
  0x0000014efb210880 GCTaskThread "GC Thread#4" [stack: 0x0000000e44f00000,0x0000000e45000000] [id=20412]
  0x0000014ef65e7aa0 GCTaskThread "GC Thread#5" [stack: 0x0000000e45a00000,0x0000000e45b00000] [id=24020]
  0x0000014efb62a0b0 GCTaskThread "GC Thread#6" [stack: 0x0000000e45b00000,0x0000000e45c00000] [id=26244]
  0x0000014efb62a370 GCTaskThread "GC Thread#7" [stack: 0x0000000e45c00000,0x0000000e45d00000] [id=32760]
  0x0000014efb62a630 GCTaskThread "GC Thread#8" [stack: 0x0000000e45d00000,0x0000000e45e00000] [id=30780]
  0x0000014efb62a8f0 GCTaskThread "GC Thread#9" [stack: 0x0000000e45e00000,0x0000000e45f00000] [id=5156]
  0x0000014ed6ab82f0 ConcurrentGCThread "G1 Main Marker" [stack: 0x0000000e43b00000,0x0000000e43c00000] [id=33984]
  0x0000014ed6ab98f0 ConcurrentGCThread "G1 Conc#0" [stack: 0x0000000e43c00000,0x0000000e43d00000] [id=31360]
  0x0000014efc4a8b90 ConcurrentGCThread "G1 Conc#1" [stack: 0x0000000e46400000,0x0000000e46500000] [id=11400]
  0x0000014efc1ca260 ConcurrentGCThread "G1 Conc#2" [stack: 0x0000000e46500000,0x0000000e46600000] [id=18024]
  0x0000014ef5eaba00 ConcurrentGCThread "G1 Refine#0" [stack: 0x0000000e43d00000,0x0000000e43e00000] [id=30012]
  0x0000014efd641ca0 ConcurrentGCThread "G1 Refine#1" [stack: 0x0000000e46e00000,0x0000000e46f00000] [id=11360]
  0x0000014ea2d0a080 ConcurrentGCThread "G1 Refine#2" [stack: 0x0000000e4a900000,0x0000000e4aa00000] [id=11056]
  0x0000014ea2d0baf0 ConcurrentGCThread "G1 Refine#3" [stack: 0x0000000e4aa00000,0x0000000e4ab00000] [id=17164]
  0x0000014ea2d0c0d0 ConcurrentGCThread "G1 Refine#4" [stack: 0x0000000e4ab00000,0x0000000e4ac00000] [id=21640]
  0x0000014ef5eac0e0 ConcurrentGCThread "G1 Service" [stack: 0x0000000e43e00000,0x0000000e43f00000] [id=7132]

Threads with active compile tasks:

VM state: at safepoint (normal execution)

VM Mutex/Monitor currently owned by a thread:  ([mutex/lock_event])
[0x0000014ed687c340] Threads_lock - owner thread: 0x0000014ef5ff30f0
[0x0000014ed6a5c1a0] Heap_lock - owner thread: 0x0000014ed6ab82f0

Heap address: 0x00000000a0000000, size: 1536 MB, Compressed Oops mode: 32-bit

CDS archive(s) mapped at: [0x0000014e80000000-0x0000014e80bb0000-0x0000014e80bb0000), size 12255232, SharedBaseAddress: 0x0000014e80000000, ArchiveRelocationMode: 1.
Compressed class space mapped at: 0x0000014e81000000-0x0000014e9b000000, reserved size: 436207616
Narrow klass base: 0x0000014e80000000, Narrow klass shift: 0, Narrow klass range: 0x100000000

GC Precious Log:
 CPUs: 12 total, 12 available
 Memory: 5996M
 Large Page Support: Disabled
 NUMA Support: Disabled
 Compressed Oops: Enabled (32-bit)
 Heap Region Size: 1M
 Heap Min Capacity: 8M
 Heap Initial Capacity: 94M
 Heap Max Capacity: 1536M
 Pre-touch: Disabled
 Parallel Workers: 10
 Concurrent Workers: 3
 Concurrent Refinement Workers: 10
 Periodic GC: Disabled

Heap:
 garbage-first heap   total 544768K, used 500209K [0x00000000a0000000, 0x0000000100000000)
  region size 1024K, 25 young (25600K), 3 survivors (3072K)
 Metaspace       used 159834K, committed 163008K, reserved 622592K
  class space    used 21870K, committed 23232K, reserved 425984K

Heap Regions: E=young(eden), S=young(survivor), O=old, HS=humongous(starts), HC=humongous(continues), CS=collection set, F=free, OA=open archive, CA=closed archive, TAMS=top-at-mark-start (previous, next)
|   0|0x00000000a0000000, 0x00000000a0100000, 0x00000000a0100000|100%|HS|  |TAMS 0x00000000a0100000, 0x00000000a0000000| Complete 
|   1|0x00000000a0100000, 0x00000000a0200000, 0x00000000a0200000|100%|HC|  |TAMS 0x00000000a0200000, 0x00000000a0100000| Complete 
|   2|0x00000000a0200000, 0x00000000a0300000, 0x00000000a0300000|100%|HC|  |TAMS 0x00000000a0300000, 0x00000000a0200000| Complete 
|   3|0x00000000a0300000, 0x00000000a0400000, 0x00000000a0400000|100%| O|  |TAMS 0x00000000a0400000, 0x00000000a0300000| Untracked 
|   4|0x00000000a0400000, 0x00000000a0500000, 0x00000000a0500000|100%| O|  |TAMS 0x00000000a0500000, 0x00000000a0400000| Untracked 
|   5|0x00000000a0500000, 0x00000000a0600000, 0x00000000a0600000|100%| O|  |TAMS 0x00000000a0600000, 0x00000000a0500000| Untracked 
|   6|0x00000000a0600000, 0x00000000a0700000, 0x00000000a0700000|100%|HS|  |TAMS 0x00000000a0700000, 0x00000000a0600000| Complete 
|   7|0x00000000a0700000, 0x00000000a0800000, 0x00000000a0800000|100%| O|  |TAMS 0x00000000a0800000, 0x00000000a0700000| Untracked 
|   8|0x00000000a0800000, 0x00000000a0900000, 0x00000000a0900000|100%| O|  |TAMS 0x00000000a0900000, 0x00000000a0800000| Updating 
|   9|0x00000000a0900000, 0x00000000a0a00000, 0x00000000a0a00000|100%| O|  |TAMS 0x00000000a0a00000, 0x00000000a0900000| Untracked 
|  10|0x00000000a0a00000, 0x00000000a0b00000, 0x00000000a0b00000|100%| O|  |TAMS 0x00000000a0b00000, 0x00000000a0a00000| Untracked 
|  11|0x00000000a0b00000, 0x00000000a0c00000, 0x00000000a0c00000|100%| O|  |TAMS 0x00000000a0c00000, 0x00000000a0b00000| Untracked 
|  12|0x00000000a0c00000, 0x00000000a0d00000, 0x00000000a0d00000|100%| O|  |TAMS 0x00000000a0d00000, 0x00000000a0c00000| Updating 
|  13|0x00000000a0d00000, 0x00000000a0e00000, 0x00000000a0e00000|100%| O|  |TAMS 0x00000000a0e00000, 0x00000000a0d00000| Untracked 
|  14|0x00000000a0e00000, 0x00000000a0f00000, 0x00000000a0f00000|100%| O|  |TAMS 0x00000000a0f00000, 0x00000000a0e00000| Untracked 
|  15|0x00000000a0f00000, 0x00000000a1000000, 0x00000000a1000000|100%| O|  |TAMS 0x00000000a1000000, 0x00000000a0f00000| Updating 
|  16|0x00000000a1000000, 0x00000000a1100000, 0x00000000a1100000|100%| O|  |TAMS 0x00000000a1100000, 0x00000000a1000000| Untracked 
|  17|0x00000000a1100000, 0x00000000a1200000, 0x00000000a1200000|100%| O|  |TAMS 0x00000000a1200000, 0x00000000a1100000| Untracked 
|  18|0x00000000a1200000, 0x00000000a1300000, 0x00000000a1300000|100%| O|  |TAMS 0x00000000a1300000, 0x00000000a1200000| Untracked 
|  19|0x00000000a1300000, 0x00000000a1400000, 0x00000000a1400000|100%| O|  |TAMS 0x00000000a1400000, 0x00000000a1300000| Untracked 
|  20|0x00000000a1400000, 0x00000000a1500000, 0x00000000a1500000|100%| O|  |TAMS 0x00000000a1500000, 0x00000000a1400000| Untracked 
|  21|0x00000000a1500000, 0x00000000a1600000, 0x00000000a1600000|100%| O|  |TAMS 0x00000000a1600000, 0x00000000a1500000| Untracked 
|  22|0x00000000a1600000, 0x00000000a1700000, 0x00000000a1700000|100%| O|  |TAMS 0x00000000a1700000, 0x00000000a1600000| Untracked 
|  23|0x00000000a1700000, 0x00000000a1800000, 0x00000000a1800000|100%| O|  |TAMS 0x00000000a1800000, 0x00000000a1700000| Untracked 
|  24|0x00000000a1800000, 0x00000000a1900000, 0x00000000a1900000|100%| O|  |TAMS 0x00000000a1900000, 0x00000000a1800000| Untracked 
|  25|0x00000000a1900000, 0x00000000a1a00000, 0x00000000a1a00000|100%| O|  |TAMS 0x00000000a1a00000, 0x00000000a1900000| Updating 
|  26|0x00000000a1a00000, 0x00000000a1b00000, 0x00000000a1b00000|100%| O|  |TAMS 0x00000000a1b00000, 0x00000000a1a00000| Untracked 
|  27|0x00000000a1b00000, 0x00000000a1c00000, 0x00000000a1c00000|100%| O|  |TAMS 0x00000000a1c00000, 0x00000000a1b00000| Untracked 
|  28|0x00000000a1c00000, 0x00000000a1d00000, 0x00000000a1d00000|100%| O|  |TAMS 0x00000000a1d00000, 0x00000000a1c00000| Untracked 
|  29|0x00000000a1d00000, 0x00000000a1e00000, 0x00000000a1e00000|100%| O|  |TAMS 0x00000000a1e00000, 0x00000000a1d00000| Updating 
|  30|0x00000000a1e00000, 0x00000000a1f00000, 0x00000000a1f00000|100%| O|  |TAMS 0x00000000a1f00000, 0x00000000a1e00000| Updating 
|  31|0x00000000a1f00000, 0x00000000a2000000, 0x00000000a2000000|100%| O|  |TAMS 0x00000000a2000000, 0x00000000a1f00000| Updating 
|  32|0x00000000a2000000, 0x00000000a2100000, 0x00000000a2100000|100%| O|  |TAMS 0x00000000a2100000, 0x00000000a2000000| Untracked 
|  33|0x00000000a2100000, 0x00000000a2200000, 0x00000000a2200000|100%| O|  |TAMS 0x00000000a2200000, 0x00000000a2100000| Untracked 
|  34|0x00000000a2200000, 0x00000000a2300000, 0x00000000a2300000|100%| O|  |TAMS 0x00000000a2300000, 0x00000000a2200000| Untracked 
|  35|0x00000000a2300000, 0x00000000a2400000, 0x00000000a2400000|100%| O|  |TAMS 0x00000000a2400000, 0x00000000a2300000| Untracked 
|  36|0x00000000a2400000, 0x00000000a2500000, 0x00000000a2500000|100%|HS|  |TAMS 0x00000000a2500000, 0x00000000a2400000| Complete 
|  37|0x00000000a2500000, 0x00000000a2600000, 0x00000000a2600000|100%|HC|  |TAMS 0x00000000a2600000, 0x00000000a2500000| Complete 
|  38|0x00000000a2600000, 0x00000000a2700000, 0x00000000a2700000|100%|HC|  |TAMS 0x00000000a2700000, 0x00000000a2600000| Complete 
|  39|0x00000000a2700000, 0x00000000a2800000, 0x00000000a2800000|100%|HS|  |TAMS 0x00000000a2800000, 0x00000000a2700000| Complete 
|  40|0x00000000a2800000, 0x00000000a2900000, 0x00000000a2900000|100%|HC|  |TAMS 0x00000000a2900000, 0x00000000a2800000| Complete 
|  41|0x00000000a2900000, 0x00000000a2a00000, 0x00000000a2a00000|100%|HC|  |TAMS 0x00000000a2a00000, 0x00000000a2900000| Complete 
|  42|0x00000000a2a00000, 0x00000000a2b00000, 0x00000000a2b00000|100%| O|  |TAMS 0x00000000a2b00000, 0x00000000a2a00000| Untracked 
|  43|0x00000000a2b00000, 0x00000000a2c00000, 0x00000000a2c00000|100%| O|  |TAMS 0x00000000a2c00000, 0x00000000a2b00000| Updating 
|  44|0x00000000a2c00000, 0x00000000a2d00000, 0x00000000a2d00000|100%|HS|  |TAMS 0x00000000a2d00000, 0x00000000a2c00000| Complete 
|  45|0x00000000a2d00000, 0x00000000a2e00000, 0x00000000a2e00000|100%|HS|  |TAMS 0x00000000a2e00000, 0x00000000a2d00000| Complete 
|  46|0x00000000a2e00000, 0x00000000a2f00000, 0x00000000a2f00000|100%|HS|  |TAMS 0x00000000a2f00000, 0x00000000a2e00000| Complete 
|  47|0x00000000a2f00000, 0x00000000a3000000, 0x00000000a3000000|100%| O|  |TAMS 0x00000000a3000000, 0x00000000a2f00000| Updating 
|  48|0x00000000a3000000, 0x00000000a3100000, 0x00000000a3100000|100%| O|  |TAMS 0x00000000a3100000, 0x00000000a3000000| Updating 
|  49|0x00000000a3100000, 0x00000000a3200000, 0x00000000a3200000|100%|HS|  |TAMS 0x00000000a3200000, 0x00000000a3100000| Complete 
|  50|0x00000000a3200000, 0x00000000a3300000, 0x00000000a3300000|100%| O|  |TAMS 0x00000000a3300000, 0x00000000a3200000| Updating 
|  51|0x00000000a3300000, 0x00000000a3400000, 0x00000000a3400000|100%|HS|  |TAMS 0x00000000a3400000, 0x00000000a3300000| Complete 
|  52|0x00000000a3400000, 0x00000000a3500000, 0x00000000a3500000|100%| O|  |TAMS 0x00000000a3500000, 0x00000000a3400000| Updating 
|  53|0x00000000a3500000, 0x00000000a3600000, 0x00000000a3600000|100%| O|  |TAMS 0x00000000a3600000, 0x00000000a3500000| Updating 
|  54|0x00000000a3600000, 0x00000000a3700000, 0x00000000a3700000|100%| O|  |TAMS 0x00000000a3700000, 0x00000000a3600000| Untracked 
|  55|0x00000000a3700000, 0x00000000a3800000, 0x00000000a3800000|100%| O|  |TAMS 0x00000000a3800000, 0x00000000a3700000| Updating 
|  56|0x00000000a3800000, 0x00000000a3900000, 0x00000000a3900000|100%| O|  |TAMS 0x00000000a3900000, 0x00000000a3800000| Untracked 
|  57|0x00000000a3900000, 0x00000000a3a00000, 0x00000000a3a00000|100%| O|  |TAMS 0x00000000a3a00000, 0x00000000a3900000| Untracked 
|  58|0x00000000a3a00000, 0x00000000a3b00000, 0x00000000a3b00000|100%| O|  |TAMS 0x00000000a3b00000, 0x00000000a3a00000| Untracked 
|  59|0x00000000a3b00000, 0x00000000a3c00000, 0x00000000a3c00000|100%| O|  |TAMS 0x00000000a3c00000, 0x00000000a3b00000| Untracked 
|  60|0x00000000a3c00000, 0x00000000a3d00000, 0x00000000a3d00000|100%| O|  |TAMS 0x00000000a3d00000, 0x00000000a3c00000| Updating 
|  61|0x00000000a3d00000, 0x00000000a3e00000, 0x00000000a3e00000|100%| O|  |TAMS 0x00000000a3e00000, 0x00000000a3d00000| Updating 
|  62|0x00000000a3e00000, 0x00000000a3f00000, 0x00000000a3f00000|100%|HS|  |TAMS 0x00000000a3f00000, 0x00000000a3e00000| Complete 
|  63|0x00000000a3f00000, 0x00000000a4000000, 0x00000000a4000000|100%| O|  |TAMS 0x00000000a4000000, 0x00000000a3f00000| Updating 
|  64|0x00000000a4000000, 0x00000000a4100000, 0x00000000a4100000|100%| O|  |TAMS 0x00000000a4100000, 0x00000000a4000000| Untracked 
|  65|0x00000000a4100000, 0x00000000a4200000, 0x00000000a4200000|100%| O|  |TAMS 0x00000000a4200000, 0x00000000a4100000| Updating 
|  66|0x00000000a4200000, 0x00000000a4300000, 0x00000000a4300000|100%| O|  |TAMS 0x00000000a4300000, 0x00000000a4200000| Updating 
|  67|0x00000000a4300000, 0x00000000a4400000, 0x00000000a4400000|100%| O|  |TAMS 0x00000000a4400000, 0x00000000a4300000| Updating 
|  68|0x00000000a4400000, 0x00000000a4500000, 0x00000000a4500000|100%|HS|  |TAMS 0x00000000a4500000, 0x00000000a4400000| Complete 
|  69|0x00000000a4500000, 0x00000000a4600000, 0x00000000a4600000|100%| O|  |TAMS 0x00000000a4600000, 0x00000000a4500000| Updating 
|  70|0x00000000a4600000, 0x00000000a4700000, 0x00000000a4700000|100%| O|  |TAMS 0x00000000a4700000, 0x00000000a4600000| Updating 
|  71|0x00000000a4700000, 0x00000000a4800000, 0x00000000a4800000|100%| O|  |TAMS 0x00000000a4800000, 0x00000000a4700000| Untracked 
|  72|0x00000000a4800000, 0x00000000a4900000, 0x00000000a4900000|100%| O|  |TAMS 0x00000000a4900000, 0x00000000a4800000| Updating 
|  73|0x00000000a4900000, 0x00000000a4a00000, 0x00000000a4a00000|100%|HS|  |TAMS 0x00000000a4a00000, 0x00000000a4900000| Complete 
|  74|0x00000000a4a00000, 0x00000000a4b00000, 0x00000000a4b00000|100%| O|  |TAMS 0x00000000a4b00000, 0x00000000a4a00000| Untracked 
|  75|0x00000000a4b00000, 0x00000000a4c00000, 0x00000000a4c00000|100%| O|  |TAMS 0x00000000a4c00000, 0x00000000a4b00000| Updating 
|  76|0x00000000a4c00000, 0x00000000a4d00000, 0x00000000a4d00000|100%| O|  |TAMS 0x00000000a4d00000, 0x00000000a4c00000| Updating 
|  77|0x00000000a4d00000, 0x00000000a4e00000, 0x00000000a4e00000|100%| O|  |TAMS 0x00000000a4e00000, 0x00000000a4d00000| Updating 
|  78|0x00000000a4e00000, 0x00000000a4f00000, 0x00000000a4f00000|100%| O|  |TAMS 0x00000000a4f00000, 0x00000000a4e00000| Updating 
|  79|0x00000000a4f00000, 0x00000000a5000000, 0x00000000a5000000|100%| O|  |TAMS 0x00000000a5000000, 0x00000000a4f00000| Updating 
|  80|0x00000000a5000000, 0x00000000a5100000, 0x00000000a5100000|100%| O|  |TAMS 0x00000000a5100000, 0x00000000a5000000| Untracked 
|  81|0x00000000a5100000, 0x00000000a5200000, 0x00000000a5200000|100%| O|  |TAMS 0x00000000a5200000, 0x00000000a5100000| Untracked 
|  82|0x00000000a5200000, 0x00000000a5300000, 0x00000000a5300000|100%| O|  |TAMS 0x00000000a5300000, 0x00000000a5200000| Updating 
|  83|0x00000000a5300000, 0x00000000a5400000, 0x00000000a5400000|100%| O|  |TAMS 0x00000000a5400000, 0x00000000a5300000| Updating 
|  84|0x00000000a5400000, 0x00000000a5500000, 0x00000000a5500000|100%| O|  |TAMS 0x00000000a5500000, 0x00000000a5400000| Untracked 
|  85|0x00000000a5500000, 0x00000000a5600000, 0x00000000a5600000|100%| O|  |TAMS 0x00000000a5600000, 0x00000000a5500000| Untracked 
|  86|0x00000000a5600000, 0x00000000a5700000, 0x00000000a5700000|100%| O|  |TAMS 0x00000000a5700000, 0x00000000a5600000| Untracked 
|  87|0x00000000a5700000, 0x00000000a5800000, 0x00000000a5800000|100%| O|  |TAMS 0x00000000a5800000, 0x00000000a5700000| Updating 
|  88|0x00000000a5800000, 0x00000000a5900000, 0x00000000a5900000|100%| O|  |TAMS 0x00000000a5900000, 0x00000000a5800000| Updating 
|  89|0x00000000a5900000, 0x00000000a5a00000, 0x00000000a5a00000|100%| O|  |TAMS 0x00000000a5a00000, 0x00000000a5900000| Updating 
|  90|0x00000000a5a00000, 0x00000000a5b00000, 0x00000000a5b00000|100%| O|  |TAMS 0x00000000a5b00000, 0x00000000a5a00000| Updating 
|  91|0x00000000a5b00000, 0x00000000a5c00000, 0x00000000a5c00000|100%| O|  |TAMS 0x00000000a5c00000, 0x00000000a5b00000| Updating 
|  92|0x00000000a5c00000, 0x00000000a5d00000, 0x00000000a5d00000|100%| O|  |TAMS 0x00000000a5d00000, 0x00000000a5c00000| Untracked 
|  93|0x00000000a5d00000, 0x00000000a5e00000, 0x00000000a5e00000|100%| O|  |TAMS 0x00000000a5e00000, 0x00000000a5d00000| Untracked 
|  94|0x00000000a5e00000, 0x00000000a5f00000, 0x00000000a5f00000|100%| O|  |TAMS 0x00000000a5f00000, 0x00000000a5e00000| Untracked 
|  95|0x00000000a5f00000, 0x00000000a6000000, 0x00000000a6000000|100%| O|  |TAMS 0x00000000a6000000, 0x00000000a5f00000| Updating 
|  96|0x00000000a6000000, 0x00000000a6100000, 0x00000000a6100000|100%| O|  |TAMS 0x00000000a6100000, 0x00000000a6000000| Updating 
|  97|0x00000000a6100000, 0x00000000a6200000, 0x00000000a6200000|100%| O|  |TAMS 0x00000000a6200000, 0x00000000a6100000| Updating 
|  98|0x00000000a6200000, 0x00000000a6300000, 0x00000000a6300000|100%| O|  |TAMS 0x00000000a6300000, 0x00000000a6200000| Updating 
|  99|0x00000000a6300000, 0x00000000a6400000, 0x00000000a6400000|100%| O|  |TAMS 0x00000000a6400000, 0x00000000a6300000| Updating 
| 100|0x00000000a6400000, 0x00000000a6500000, 0x00000000a6500000|100%| O|  |TAMS 0x00000000a6500000, 0x00000000a6400000| Updating 
| 101|0x00000000a6500000, 0x00000000a6600000, 0x00000000a6600000|100%| O|  |TAMS 0x00000000a6600000, 0x00000000a6500000| Updating 
| 102|0x00000000a6600000, 0x00000000a6700000, 0x00000000a6700000|100%| O|  |TAMS 0x00000000a6700000, 0x00000000a6600000| Updating 
| 103|0x00000000a6700000, 0x00000000a6800000, 0x00000000a6800000|100%| O|  |TAMS 0x00000000a6800000, 0x00000000a6700000| Untracked 
| 104|0x00000000a6800000, 0x00000000a6900000, 0x00000000a6900000|100%| O|  |TAMS 0x00000000a6900000, 0x00000000a6800000| Updating 
| 105|0x00000000a6900000, 0x00000000a6a00000, 0x00000000a6a00000|100%| O|  |TAMS 0x00000000a6a00000, 0x00000000a6900000| Untracked 
| 106|0x00000000a6a00000, 0x00000000a6b00000, 0x00000000a6b00000|100%| O|  |TAMS 0x00000000a6b00000, 0x00000000a6a00000| Untracked 
| 107|0x00000000a6b00000, 0x00000000a6c00000, 0x00000000a6c00000|100%| O|  |TAMS 0x00000000a6c00000, 0x00000000a6b00000| Updating 
| 108|0x00000000a6c00000, 0x00000000a6d00000, 0x00000000a6d00000|100%| O|  |TAMS 0x00000000a6d00000, 0x00000000a6c00000| Updating 
| 109|0x00000000a6d00000, 0x00000000a6e00000, 0x00000000a6e00000|100%| O|  |TAMS 0x00000000a6e00000, 0x00000000a6d00000| Updating 
| 110|0x00000000a6e00000, 0x00000000a6f00000, 0x00000000a6f00000|100%| O|  |TAMS 0x00000000a6f00000, 0x00000000a6e00000| Updating 
| 111|0x00000000a6f00000, 0x00000000a7000000, 0x00000000a7000000|100%| O|  |TAMS 0x00000000a7000000, 0x00000000a6f00000| Updating 
| 112|0x00000000a7000000, 0x00000000a7100000, 0x00000000a7100000|100%| O|  |TAMS 0x00000000a7100000, 0x00000000a7000000| Updating 
| 113|0x00000000a7100000, 0x00000000a7200000, 0x00000000a7200000|100%| O|  |TAMS 0x00000000a7200000, 0x00000000a7100000| Updating 
| 114|0x00000000a7200000, 0x00000000a7300000, 0x00000000a7300000|100%| O|  |TAMS 0x00000000a7300000, 0x00000000a7200000| Updating 
| 115|0x00000000a7300000, 0x00000000a7400000, 0x00000000a7400000|100%| O|  |TAMS 0x00000000a7400000, 0x00000000a7300000| Updating 
| 116|0x00000000a7400000, 0x00000000a7500000, 0x00000000a7500000|100%| O|  |TAMS 0x00000000a7500000, 0x00000000a7400000| Untracked 
| 117|0x00000000a7500000, 0x00000000a7600000, 0x00000000a7600000|100%| O|  |TAMS 0x00000000a7600000, 0x00000000a7500000| Untracked 
| 118|0x00000000a7600000, 0x00000000a7700000, 0x00000000a7700000|100%| O|  |TAMS 0x00000000a7700000, 0x00000000a7600000| Untracked 
| 119|0x00000000a7700000, 0x00000000a7800000, 0x00000000a7800000|100%|HS|  |TAMS 0x00000000a7800000, 0x00000000a7700000| Complete 
| 120|0x00000000a7800000, 0x00000000a7900000, 0x00000000a7900000|100%|HS|  |TAMS 0x00000000a7900000, 0x00000000a7800000| Complete 
| 121|0x00000000a7900000, 0x00000000a7a00000, 0x00000000a7a00000|100%|HC|  |TAMS 0x00000000a7a00000, 0x00000000a7900000| Complete 
| 122|0x00000000a7a00000, 0x00000000a7b00000, 0x00000000a7b00000|100%|HC|  |TAMS 0x00000000a7b00000, 0x00000000a7a00000| Complete 
| 123|0x00000000a7b00000, 0x00000000a7c00000, 0x00000000a7c00000|100%| O|  |TAMS 0x00000000a7c00000, 0x00000000a7b00000| Untracked 
| 124|0x00000000a7c00000, 0x00000000a7d00000, 0x00000000a7d00000|100%| O|  |TAMS 0x00000000a7d00000, 0x00000000a7c00000| Updating 
| 125|0x00000000a7d00000, 0x00000000a7e00000, 0x00000000a7e00000|100%| O|  |TAMS 0x00000000a7e00000, 0x00000000a7d00000| Updating 
| 126|0x00000000a7e00000, 0x00000000a7f00000, 0x00000000a7f00000|100%| O|  |TAMS 0x00000000a7f00000, 0x00000000a7e00000| Untracked 
| 127|0x00000000a7f00000, 0x00000000a8000000, 0x00000000a8000000|100%| O|  |TAMS 0x00000000a8000000, 0x00000000a7f00000| Untracked 
| 128|0x00000000a8000000, 0x00000000a8100000, 0x00000000a8100000|100%| O|  |TAMS 0x00000000a8100000, 0x00000000a8000000| Untracked 
| 129|0x00000000a8100000, 0x00000000a8200000, 0x00000000a8200000|100%| O|  |TAMS 0x00000000a8200000, 0x00000000a8100000| Untracked 
| 130|0x00000000a8200000, 0x00000000a8300000, 0x00000000a8300000|100%| O|  |TAMS 0x00000000a8300000, 0x00000000a8200000| Updating 
| 131|0x00000000a8300000, 0x00000000a8400000, 0x00000000a8400000|100%| O|  |TAMS 0x00000000a8400000, 0x00000000a8300000| Untracked 
| 132|0x00000000a8400000, 0x00000000a8500000, 0x00000000a8500000|100%| O|  |TAMS 0x00000000a8500000, 0x00000000a8400000| Untracked 
| 133|0x00000000a8500000, 0x00000000a8600000, 0x00000000a8600000|100%| O|  |TAMS 0x00000000a8600000, 0x00000000a8500000| Untracked 
| 134|0x00000000a8600000, 0x00000000a8700000, 0x00000000a8700000|100%| O|  |TAMS 0x00000000a8700000, 0x00000000a8600000| Updating 
| 135|0x00000000a8700000, 0x00000000a8800000, 0x00000000a8800000|100%|HS|  |TAMS 0x00000000a8800000, 0x00000000a8700000| Complete 
| 136|0x00000000a8800000, 0x00000000a8900000, 0x00000000a8900000|100%| O|  |TAMS 0x00000000a8900000, 0x00000000a8800000| Updating 
| 137|0x00000000a8900000, 0x00000000a8a00000, 0x00000000a8a00000|100%| O|  |TAMS 0x00000000a8a00000, 0x00000000a8900000| Untracked 
| 138|0x00000000a8a00000, 0x00000000a8b00000, 0x00000000a8b00000|100%| O|  |TAMS 0x00000000a8b00000, 0x00000000a8a00000| Untracked 
| 139|0x00000000a8b00000, 0x00000000a8c00000, 0x00000000a8c00000|100%| O|  |TAMS 0x00000000a8c00000, 0x00000000a8b00000| Untracked 
| 140|0x00000000a8c00000, 0x00000000a8d00000, 0x00000000a8d00000|100%| O|  |TAMS 0x00000000a8d00000, 0x00000000a8c00000| Untracked 
| 141|0x00000000a8d00000, 0x00000000a8e00000, 0x00000000a8e00000|100%| O|  |TAMS 0x00000000a8e00000, 0x00000000a8d00000| Updating 
| 142|0x00000000a8e00000, 0x00000000a8f00000, 0x00000000a8f00000|100%| O|  |TAMS 0x00000000a8f00000, 0x00000000a8e00000| Untracked 
| 143|0x00000000a8f00000, 0x00000000a9000000, 0x00000000a9000000|100%| O|  |TAMS 0x00000000a9000000, 0x00000000a8f00000| Untracked 
| 144|0x00000000a9000000, 0x00000000a9100000, 0x00000000a9100000|100%| O|  |TAMS 0x00000000a9100000, 0x00000000a9000000| Untracked 
| 145|0x00000000a9100000, 0x00000000a9200000, 0x00000000a9200000|100%| O|  |TAMS 0x00000000a9200000, 0x00000000a9100000| Untracked 
| 146|0x00000000a9200000, 0x00000000a9300000, 0x00000000a9300000|100%| O|  |TAMS 0x00000000a9300000, 0x00000000a9200000| Untracked 
| 147|0x00000000a9300000, 0x00000000a9400000, 0x00000000a9400000|100%| O|  |TAMS 0x00000000a9400000, 0x00000000a9300000| Untracked 
| 148|0x00000000a9400000, 0x00000000a9500000, 0x00000000a9500000|100%| O|  |TAMS 0x00000000a9500000, 0x00000000a9400000| Untracked 
| 149|0x00000000a9500000, 0x00000000a9600000, 0x00000000a9600000|100%| O|  |TAMS 0x00000000a9600000, 0x00000000a9500000| Untracked 
| 150|0x00000000a9600000, 0x00000000a9700000, 0x00000000a9700000|100%| O|  |TAMS 0x00000000a9700000, 0x00000000a9600000| Untracked 
| 151|0x00000000a9700000, 0x00000000a9800000, 0x00000000a9800000|100%| O|  |TAMS 0x00000000a9800000, 0x00000000a9700000| Updating 
| 152|0x00000000a9800000, 0x00000000a9900000, 0x00000000a9900000|100%| O|  |TAMS 0x00000000a9900000, 0x00000000a9800000| Updating 
| 153|0x00000000a9900000, 0x00000000a9a00000, 0x00000000a9a00000|100%| O|  |TAMS 0x00000000a9a00000, 0x00000000a9900000| Untracked 
| 154|0x00000000a9a00000, 0x00000000a9b00000, 0x00000000a9b00000|100%| O|  |TAMS 0x00000000a9b00000, 0x00000000a9a00000| Untracked 
| 155|0x00000000a9b00000, 0x00000000a9c00000, 0x00000000a9c00000|100%| O|  |TAMS 0x00000000a9c00000, 0x00000000a9b00000| Untracked 
| 156|0x00000000a9c00000, 0x00000000a9d00000, 0x00000000a9d00000|100%| O|  |TAMS 0x00000000a9d00000, 0x00000000a9c00000| Untracked 
| 157|0x00000000a9d00000, 0x00000000a9e00000, 0x00000000a9e00000|100%| O|  |TAMS 0x00000000a9e00000, 0x00000000a9d00000| Untracked 
| 158|0x00000000a9e00000, 0x00000000a9f00000, 0x00000000a9f00000|100%| O|  |TAMS 0x00000000a9f00000, 0x00000000a9e00000| Untracked 
| 159|0x00000000a9f00000, 0x00000000aa000000, 0x00000000aa000000|100%| O|  |TAMS 0x00000000aa000000, 0x00000000a9f00000| Untracked 
| 160|0x00000000aa000000, 0x00000000aa100000, 0x00000000aa100000|100%| O|  |TAMS 0x00000000aa100000, 0x00000000aa000000| Untracked 
| 161|0x00000000aa100000, 0x00000000aa200000, 0x00000000aa200000|100%| O|  |TAMS 0x00000000aa200000, 0x00000000aa100000| Untracked 
| 162|0x00000000aa200000, 0x00000000aa300000, 0x00000000aa300000|100%| O|  |TAMS 0x00000000aa300000, 0x00000000aa200000| Untracked 
| 163|0x00000000aa300000, 0x00000000aa400000, 0x00000000aa400000|100%| O|  |TAMS 0x00000000aa400000, 0x00000000aa300000| Untracked 
| 164|0x00000000aa400000, 0x00000000aa500000, 0x00000000aa500000|100%| O|  |TAMS 0x00000000aa500000, 0x00000000aa400000| Untracked 
| 165|0x00000000aa500000, 0x00000000aa600000, 0x00000000aa600000|100%| O|  |TAMS 0x00000000aa600000, 0x00000000aa500000| Untracked 
| 166|0x00000000aa600000, 0x00000000aa700000, 0x00000000aa700000|100%| O|  |TAMS 0x00000000aa700000, 0x00000000aa600000| Untracked 
| 167|0x00000000aa700000, 0x00000000aa800000, 0x00000000aa800000|100%| O|  |TAMS 0x00000000aa800000, 0x00000000aa700000| Untracked 
| 168|0x00000000aa800000, 0x00000000aa900000, 0x00000000aa900000|100%| O|  |TAMS 0x00000000aa900000, 0x00000000aa800000| Untracked 
| 169|0x00000000aa900000, 0x00000000aaa00000, 0x00000000aaa00000|100%| O|  |TAMS 0x00000000aaa00000, 0x00000000aa900000| Untracked 
| 170|0x00000000aaa00000, 0x00000000aab00000, 0x00000000aab00000|100%| O|  |TAMS 0x00000000aab00000, 0x00000000aaa00000| Updating 
| 171|0x00000000aab00000, 0x00000000aac00000, 0x00000000aac00000|100%|HS|  |TAMS 0x00000000aac00000, 0x00000000aab00000| Complete 
| 172|0x00000000aac00000, 0x00000000aad00000, 0x00000000aad00000|100%| O|  |TAMS 0x00000000aad00000, 0x00000000aac00000| Updating 
| 173|0x00000000aad00000, 0x00000000aae00000, 0x00000000aae00000|100%| O|  |TAMS 0x00000000aae00000, 0x00000000aad00000| Updating 
| 174|0x00000000aae00000, 0x00000000aaf00000, 0x00000000aaf00000|100%| O|  |TAMS 0x00000000aaf00000, 0x00000000aae00000| Untracked 
| 175|0x00000000aaf00000, 0x00000000ab000000, 0x00000000ab000000|100%| O|  |TAMS 0x00000000ab000000, 0x00000000aaf00000| Untracked 
| 176|0x00000000ab000000, 0x00000000ab100000, 0x00000000ab100000|100%| O|  |TAMS 0x00000000ab100000, 0x00000000ab000000| Untracked 
| 177|0x00000000ab100000, 0x00000000ab200000, 0x00000000ab200000|100%| O|  |TAMS 0x00000000ab200000, 0x00000000ab100000| Untracked 
| 178|0x00000000ab200000, 0x00000000ab300000, 0x00000000ab300000|100%| O|  |TAMS 0x00000000ab300000, 0x00000000ab200000| Untracked 
| 179|0x00000000ab300000, 0x00000000ab400000, 0x00000000ab400000|100%| O|  |TAMS 0x00000000ab400000, 0x00000000ab300000| Untracked 
| 180|0x00000000ab400000, 0x00000000ab500000, 0x00000000ab500000|100%| O|  |TAMS 0x00000000ab500000, 0x00000000ab400000| Untracked 
| 181|0x00000000ab500000, 0x00000000ab600000, 0x00000000ab600000|100%| O|  |TAMS 0x00000000ab600000, 0x00000000ab500000| Untracked 
| 182|0x00000000ab600000, 0x00000000ab700000, 0x00000000ab700000|100%| O|  |TAMS 0x00000000ab700000, 0x00000000ab600000| Untracked 
| 183|0x00000000ab700000, 0x00000000ab800000, 0x00000000ab800000|100%| O|  |TAMS 0x00000000ab800000, 0x00000000ab700000| Untracked 
| 184|0x00000000ab800000, 0x00000000ab900000, 0x00000000ab900000|100%| O|  |TAMS 0x00000000ab900000, 0x00000000ab800000| Untracked 
| 185|0x00000000ab900000, 0x00000000aba00000, 0x00000000aba00000|100%| O|  |TAMS 0x00000000aba00000, 0x00000000ab900000| Updating 
| 186|0x00000000aba00000, 0x00000000abb00000, 0x00000000abb00000|100%| O|  |TAMS 0x00000000abb00000, 0x00000000aba00000| Updating 
| 187|0x00000000abb00000, 0x00000000abc00000, 0x00000000abc00000|100%| O|  |TAMS 0x00000000abc00000, 0x00000000abb00000| Updating 
| 188|0x00000000abc00000, 0x00000000abd00000, 0x00000000abd00000|100%| O|  |TAMS 0x00000000abd00000, 0x00000000abc00000| Updating 
| 189|0x00000000abd00000, 0x00000000abe00000, 0x00000000abe00000|100%| O|  |TAMS 0x00000000abe00000, 0x00000000abd00000| Untracked 
| 190|0x00000000abe00000, 0x00000000abf00000, 0x00000000abf00000|100%| O|  |TAMS 0x00000000abf00000, 0x00000000abe00000| Updating 
| 191|0x00000000abf00000, 0x00000000ac000000, 0x00000000ac000000|100%| O|  |TAMS 0x00000000ac000000, 0x00000000abf00000| Untracked 
| 192|0x00000000ac000000, 0x00000000ac100000, 0x00000000ac100000|100%| O|  |TAMS 0x00000000ac100000, 0x00000000ac000000| Untracked 
| 193|0x00000000ac100000, 0x00000000ac200000, 0x00000000ac200000|100%| O|  |TAMS 0x00000000ac200000, 0x00000000ac100000| Untracked 
| 194|0x00000000ac200000, 0x00000000ac300000, 0x00000000ac300000|100%| O|  |TAMS 0x00000000ac300000, 0x00000000ac200000| Untracked 
| 195|0x00000000ac300000, 0x00000000ac400000, 0x00000000ac400000|100%| O|  |TAMS 0x00000000ac400000, 0x00000000ac300000| Untracked 
| 196|0x00000000ac400000, 0x00000000ac500000, 0x00000000ac500000|100%| O|  |TAMS 0x00000000ac500000, 0x00000000ac400000| Untracked 
| 197|0x00000000ac500000, 0x00000000ac600000, 0x00000000ac600000|100%| O|  |TAMS 0x00000000ac600000, 0x00000000ac500000| Untracked 
| 198|0x00000000ac600000, 0x00000000ac700000, 0x00000000ac700000|100%| O|  |TAMS 0x00000000ac700000, 0x00000000ac600000| Updating 
| 199|0x00000000ac700000, 0x00000000ac800000, 0x00000000ac800000|100%| O|  |TAMS 0x00000000ac800000, 0x00000000ac700000| Updating 
| 200|0x00000000ac800000, 0x00000000ac900000, 0x00000000ac900000|100%| O|  |TAMS 0x00000000ac900000, 0x00000000ac800000| Untracked 
| 201|0x00000000ac900000, 0x00000000aca00000, 0x00000000aca00000|100%| O|  |TAMS 0x00000000aca00000, 0x00000000ac900000| Updating 
| 202|0x00000000aca00000, 0x00000000acb00000, 0x00000000acb00000|100%|HS|  |TAMS 0x00000000acb00000, 0x00000000aca00000| Complete 
| 203|0x00000000acb00000, 0x00000000acc00000, 0x00000000acc00000|100%|HS|  |TAMS 0x00000000acc00000, 0x00000000acb00000| Complete 
| 204|0x00000000acc00000, 0x00000000acd00000, 0x00000000acd00000|100%|HS|  |TAMS 0x00000000acd00000, 0x00000000acc00000| Complete 
| 205|0x00000000acd00000, 0x00000000ace00000, 0x00000000ace00000|100%| O|  |TAMS 0x00000000ace00000, 0x00000000acd00000| Untracked 
| 206|0x00000000ace00000, 0x00000000acf00000, 0x00000000acf00000|100%| O|  |TAMS 0x00000000acf00000, 0x00000000ace00000| Untracked 
| 207|0x00000000acf00000, 0x00000000ad000000, 0x00000000ad000000|100%| O|  |TAMS 0x00000000ad000000, 0x00000000acf00000| Untracked 
| 208|0x00000000ad000000, 0x00000000ad100000, 0x00000000ad100000|100%| O|  |TAMS 0x00000000ad100000, 0x00000000ad000000| Updating 
| 209|0x00000000ad100000, 0x00000000ad200000, 0x00000000ad200000|100%| O|  |TAMS 0x00000000ad200000, 0x00000000ad100000| Untracked 
| 210|0x00000000ad200000, 0x00000000ad300000, 0x00000000ad300000|100%| O|  |TAMS 0x00000000ad300000, 0x00000000ad200000| Updating 
| 211|0x00000000ad300000, 0x00000000ad400000, 0x00000000ad400000|100%| O|  |TAMS 0x00000000ad400000, 0x00000000ad300000| Untracked 
| 212|0x00000000ad400000, 0x00000000ad500000, 0x00000000ad500000|100%| O|  |TAMS 0x00000000ad500000, 0x00000000ad400000| Untracked 
| 213|0x00000000ad500000, 0x00000000ad600000, 0x00000000ad600000|100%| O|  |TAMS 0x00000000ad600000, 0x00000000ad500000| Untracked 
| 214|0x00000000ad600000, 0x00000000ad700000, 0x00000000ad700000|100%| O|  |TAMS 0x00000000ad700000, 0x00000000ad600000| Untracked 
| 215|0x00000000ad700000, 0x00000000ad800000, 0x00000000ad800000|100%| O|  |TAMS 0x00000000ad800000, 0x00000000ad700000| Untracked 
| 216|0x00000000ad800000, 0x00000000ad900000, 0x00000000ad900000|100%| O|  |TAMS 0x00000000ad900000, 0x00000000ad800000| Untracked 
| 217|0x00000000ad900000, 0x00000000ada00000, 0x00000000ada00000|100%| O|  |TAMS 0x00000000ada00000, 0x00000000ad900000| Untracked 
| 218|0x00000000ada00000, 0x00000000adb00000, 0x00000000adb00000|100%| O|  |TAMS 0x00000000adb00000, 0x00000000ada00000| Updating 
| 219|0x00000000adb00000, 0x00000000adc00000, 0x00000000adc00000|100%| O|  |TAMS 0x00000000adc00000, 0x00000000adb00000| Untracked 
| 220|0x00000000adc00000, 0x00000000add00000, 0x00000000add00000|100%| O|  |TAMS 0x00000000add00000, 0x00000000adc00000| Updating 
| 221|0x00000000add00000, 0x00000000ade00000, 0x00000000ade00000|100%| O|  |TAMS 0x00000000ade00000, 0x00000000add00000| Updating 
| 222|0x00000000ade00000, 0x00000000adf00000, 0x00000000adf00000|100%| O|  |TAMS 0x00000000adf00000, 0x00000000ade00000| Untracked 
| 223|0x00000000adf00000, 0x00000000ae000000, 0x00000000ae000000|100%| O|  |TAMS 0x00000000ae000000, 0x00000000adf00000| Untracked 
| 224|0x00000000ae000000, 0x00000000ae100000, 0x00000000ae100000|100%| O|  |TAMS 0x00000000ae100000, 0x00000000ae000000| Untracked 
| 225|0x00000000ae100000, 0x00000000ae200000, 0x00000000ae200000|100%| O|  |TAMS 0x00000000ae200000, 0x00000000ae100000| Updating 
| 226|0x00000000ae200000, 0x00000000ae300000, 0x00000000ae300000|100%| O|  |TAMS 0x00000000ae300000, 0x00000000ae200000| Updating 
| 227|0x00000000ae300000, 0x00000000ae400000, 0x00000000ae400000|100%| O|  |TAMS 0x00000000ae400000, 0x00000000ae300000| Updating 
| 228|0x00000000ae400000, 0x00000000ae500000, 0x00000000ae500000|100%| O|  |TAMS 0x00000000ae500000, 0x00000000ae400000| Untracked 
| 229|0x00000000ae500000, 0x00000000ae600000, 0x00000000ae600000|100%| O|  |TAMS 0x00000000ae600000, 0x00000000ae500000| Untracked 
| 230|0x00000000ae600000, 0x00000000ae700000, 0x00000000ae700000|100%| O|  |TAMS 0x00000000ae700000, 0x00000000ae600000| Untracked 
| 231|0x00000000ae700000, 0x00000000ae800000, 0x00000000ae800000|100%| O|  |TAMS 0x00000000ae800000, 0x00000000ae700000| Untracked 
| 232|0x00000000ae800000, 0x00000000ae900000, 0x00000000ae900000|100%| O|  |TAMS 0x00000000ae900000, 0x00000000ae800000| Untracked 
| 233|0x00000000ae900000, 0x00000000aea00000, 0x00000000aea00000|100%| O|  |TAMS 0x00000000aea00000, 0x00000000ae900000| Untracked 
| 234|0x00000000aea00000, 0x00000000aeb00000, 0x00000000aeb00000|100%| O|  |TAMS 0x00000000aeb00000, 0x00000000aea00000| Untracked 
| 235|0x00000000aeb00000, 0x00000000aec00000, 0x00000000aec00000|100%| O|  |TAMS 0x00000000aec00000, 0x00000000aeb00000| Updating 
| 236|0x00000000aec00000, 0x00000000aed00000, 0x00000000aed00000|100%| O|  |TAMS 0x00000000aed00000, 0x00000000aec00000| Updating 
| 237|0x00000000aed00000, 0x00000000aee00000, 0x00000000aee00000|100%| O|  |TAMS 0x00000000aee00000, 0x00000000aed00000| Untracked 
| 238|0x00000000aee00000, 0x00000000aef00000, 0x00000000aef00000|100%| O|  |TAMS 0x00000000aef00000, 0x00000000aee00000| Updating 
| 239|0x00000000aef00000, 0x00000000af000000, 0x00000000af000000|100%| O|  |TAMS 0x00000000af000000, 0x00000000aef00000| Untracked 
| 240|0x00000000af000000, 0x00000000af100000, 0x00000000af100000|100%| O|  |TAMS 0x00000000af100000, 0x00000000af000000| Untracked 
| 241|0x00000000af100000, 0x00000000af200000, 0x00000000af200000|100%| O|  |TAMS 0x00000000af200000, 0x00000000af100000| Untracked 
| 242|0x00000000af200000, 0x00000000af300000, 0x00000000af300000|100%| O|  |TAMS 0x00000000af300000, 0x00000000af200000| Untracked 
| 243|0x00000000af300000, 0x00000000af400000, 0x00000000af400000|100%| O|  |TAMS 0x00000000af400000, 0x00000000af300000| Updating 
| 244|0x00000000af400000, 0x00000000af500000, 0x00000000af500000|100%| O|  |TAMS 0x00000000af500000, 0x00000000af400000| Untracked 
| 245|0x00000000af500000, 0x00000000af600000, 0x00000000af600000|100%|HS|  |TAMS 0x00000000af600000, 0x00000000af500000| Complete 
| 246|0x00000000af600000, 0x00000000af700000, 0x00000000af700000|100%|HS|  |TAMS 0x00000000af700000, 0x00000000af600000| Complete 
| 247|0x00000000af700000, 0x00000000af800000, 0x00000000af800000|100%| O|  |TAMS 0x00000000af800000, 0x00000000af700000| Updating 
| 248|0x00000000af800000, 0x00000000af900000, 0x00000000af900000|100%| O|  |TAMS 0x00000000af900000, 0x00000000af800000| Updating 
| 249|0x00000000af900000, 0x00000000afa00000, 0x00000000afa00000|100%| O|  |TAMS 0x00000000afa00000, 0x00000000af900000| Updating 
| 250|0x00000000afa00000, 0x00000000afb00000, 0x00000000afb00000|100%| O|  |TAMS 0x00000000afb00000, 0x00000000afa00000| Updating 
| 251|0x00000000afb00000, 0x00000000afc00000, 0x00000000afc00000|100%|HS|  |TAMS 0x00000000afc00000, 0x00000000afb00000| Complete 
| 252|0x00000000afc00000, 0x00000000afd00000, 0x00000000afd00000|100%|HC|  |TAMS 0x00000000afd00000, 0x00000000afc00000| Complete 
| 253|0x00000000afd00000, 0x00000000afe00000, 0x00000000afe00000|100%| O|  |TAMS 0x00000000afe00000, 0x00000000afd00000| Untracked 
| 254|0x00000000afe00000, 0x00000000aff00000, 0x00000000aff00000|100%| O|  |TAMS 0x00000000aff00000, 0x00000000afe00000| Updating 
| 255|0x00000000aff00000, 0x00000000b0000000, 0x00000000b0000000|100%| O|  |TAMS 0x00000000b0000000, 0x00000000aff00000| Untracked 
| 256|0x00000000b0000000, 0x00000000b0100000, 0x00000000b0100000|100%| O|  |TAMS 0x00000000b0100000, 0x00000000b0000000| Updating 
| 257|0x00000000b0100000, 0x00000000b0200000, 0x00000000b0200000|100%| O|  |TAMS 0x00000000b0200000, 0x00000000b0100000| Updating 
| 258|0x00000000b0200000, 0x00000000b0300000, 0x00000000b0300000|100%| O|  |TAMS 0x00000000b0300000, 0x00000000b0200000| Updating 
| 259|0x00000000b0300000, 0x00000000b0400000, 0x00000000b0400000|100%| O|  |TAMS 0x00000000b0400000, 0x00000000b0300000| Untracked 
| 260|0x00000000b0400000, 0x00000000b0500000, 0x00000000b0500000|100%| O|  |TAMS 0x00000000b0500000, 0x00000000b0400000| Updating 
| 261|0x00000000b0500000, 0x00000000b0600000, 0x00000000b0600000|100%| O|  |TAMS 0x00000000b0600000, 0x00000000b0500000| Updating 
| 262|0x00000000b0600000, 0x00000000b0700000, 0x00000000b0700000|100%| O|  |TAMS 0x00000000b0700000, 0x00000000b0600000| Untracked 
| 263|0x00000000b0700000, 0x00000000b0800000, 0x00000000b0800000|100%| O|  |TAMS 0x00000000b0800000, 0x00000000b0700000| Untracked 
| 264|0x00000000b0800000, 0x00000000b0900000, 0x00000000b0900000|100%| O|  |TAMS 0x00000000b0900000, 0x00000000b0800000| Untracked 
| 265|0x00000000b0900000, 0x00000000b0a00000, 0x00000000b0a00000|100%| O|  |TAMS 0x00000000b0a00000, 0x00000000b0900000| Updating 
| 266|0x00000000b0a00000, 0x00000000b0b00000, 0x00000000b0b00000|100%| O|  |TAMS 0x00000000b0b00000, 0x00000000b0a00000| Updating 
| 267|0x00000000b0b00000, 0x00000000b0c00000, 0x00000000b0c00000|100%| O|  |TAMS 0x00000000b0c00000, 0x00000000b0b00000| Updating 
| 268|0x00000000b0c00000, 0x00000000b0d00000, 0x00000000b0d00000|100%| O|  |TAMS 0x00000000b0d00000, 0x00000000b0c00000| Updating 
| 269|0x00000000b0d00000, 0x00000000b0e00000, 0x00000000b0e00000|100%| O|  |TAMS 0x00000000b0e00000, 0x00000000b0d00000| Untracked 
| 270|0x00000000b0e00000, 0x00000000b0f00000, 0x00000000b0f00000|100%| O|  |TAMS 0x00000000b0f00000, 0x00000000b0e00000| Updating 
| 271|0x00000000b0f00000, 0x00000000b1000000, 0x00000000b1000000|100%| O|  |TAMS 0x00000000b1000000, 0x00000000b0f00000| Updating 
| 272|0x00000000b1000000, 0x00000000b1100000, 0x00000000b1100000|100%| O|  |TAMS 0x00000000b1100000, 0x00000000b1000000| Updating 
| 273|0x00000000b1100000, 0x00000000b1200000, 0x00000000b1200000|100%| O|  |TAMS 0x00000000b1200000, 0x00000000b1100000| Untracked 
| 274|0x00000000b1200000, 0x00000000b1300000, 0x00000000b1300000|100%| O|  |TAMS 0x00000000b1300000, 0x00000000b1200000| Updating 
| 275|0x00000000b1300000, 0x00000000b1400000, 0x00000000b1400000|100%| O|  |TAMS 0x00000000b1400000, 0x00000000b1300000| Untracked 
| 276|0x00000000b1400000, 0x00000000b1500000, 0x00000000b1500000|100%| O|  |TAMS 0x00000000b1500000, 0x00000000b1400000| Updating 
| 277|0x00000000b1500000, 0x00000000b1600000, 0x00000000b1600000|100%| O|  |TAMS 0x00000000b1600000, 0x00000000b1500000| Updating 
| 278|0x00000000b1600000, 0x00000000b1700000, 0x00000000b1700000|100%| O|  |TAMS 0x00000000b1700000, 0x00000000b1600000| Untracked 
| 279|0x00000000b1700000, 0x00000000b1800000, 0x00000000b1800000|100%| O|  |TAMS 0x00000000b1800000, 0x00000000b1700000| Untracked 
| 280|0x00000000b1800000, 0x00000000b1900000, 0x00000000b1900000|100%| O|  |TAMS 0x00000000b1900000, 0x00000000b1800000| Untracked 
| 281|0x00000000b1900000, 0x00000000b1a00000, 0x00000000b1a00000|100%| O|  |TAMS 0x00000000b1a00000, 0x00000000b1900000| Updating 
| 282|0x00000000b1a00000, 0x00000000b1b00000, 0x00000000b1b00000|100%| O|  |TAMS 0x00000000b1b00000, 0x00000000b1a00000| Updating 
| 283|0x00000000b1b00000, 0x00000000b1c00000, 0x00000000b1c00000|100%| O|  |TAMS 0x00000000b1c00000, 0x00000000b1b00000| Updating 
| 284|0x00000000b1c00000, 0x00000000b1d00000, 0x00000000b1d00000|100%| O|  |TAMS 0x00000000b1d00000, 0x00000000b1c00000| Untracked 
| 285|0x00000000b1d00000, 0x00000000b1e00000, 0x00000000b1e00000|100%| O|  |TAMS 0x00000000b1e00000, 0x00000000b1d00000| Untracked 
| 286|0x00000000b1e00000, 0x00000000b1f00000, 0x00000000b1f00000|100%| O|  |TAMS 0x00000000b1f00000, 0x00000000b1e00000| Updating 
| 287|0x00000000b1f00000, 0x00000000b2000000, 0x00000000b2000000|100%| O|  |TAMS 0x00000000b2000000, 0x00000000b1f00000| Updating 
| 288|0x00000000b2000000, 0x00000000b2100000, 0x00000000b2100000|100%| O|  |TAMS 0x00000000b2100000, 0x00000000b2000000| Updating 
| 289|0x00000000b2100000, 0x00000000b2200000, 0x00000000b2200000|100%| O|  |TAMS 0x00000000b2200000, 0x00000000b2100000| Untracked 
| 290|0x00000000b2200000, 0x00000000b2300000, 0x00000000b2300000|100%| O|  |TAMS 0x00000000b2300000, 0x00000000b2200000| Untracked 
| 291|0x00000000b2300000, 0x00000000b2400000, 0x00000000b2400000|100%| O|  |TAMS 0x00000000b2400000, 0x00000000b2300000| Updating 
| 292|0x00000000b2400000, 0x00000000b2500000, 0x00000000b2500000|100%| O|  |TAMS 0x00000000b2500000, 0x00000000b2400000| Updating 
| 293|0x00000000b2500000, 0x00000000b2600000, 0x00000000b2600000|100%| O|  |TAMS 0x00000000b2600000, 0x00000000b2500000| Updating 
| 294|0x00000000b2600000, 0x00000000b2700000, 0x00000000b2700000|100%|HS|  |TAMS 0x00000000b2700000, 0x00000000b2600000| Complete 
| 295|0x00000000b2700000, 0x00000000b2800000, 0x00000000b2800000|100%|HS|  |TAMS 0x00000000b2800000, 0x00000000b2700000| Complete 
| 296|0x00000000b2800000, 0x00000000b2900000, 0x00000000b2900000|100%| O|  |TAMS 0x00000000b2900000, 0x00000000b2800000| Updating 
| 297|0x00000000b2900000, 0x00000000b2a00000, 0x00000000b2a00000|100%| O|  |TAMS 0x00000000b2a00000, 0x00000000b2900000| Updating 
| 298|0x00000000b2a00000, 0x00000000b2b00000, 0x00000000b2b00000|100%|HS|  |TAMS 0x00000000b2b00000, 0x00000000b2a00000| Complete 
| 299|0x00000000b2b00000, 0x00000000b2c00000, 0x00000000b2c00000|100%|HS|  |TAMS 0x00000000b2c00000, 0x00000000b2b00000| Complete 
| 300|0x00000000b2c00000, 0x00000000b2d00000, 0x00000000b2d00000|100%|HS|  |TAMS 0x00000000b2d00000, 0x00000000b2c00000| Complete 
| 301|0x00000000b2d00000, 0x00000000b2e00000, 0x00000000b2e00000|100%| O|  |TAMS 0x00000000b2e00000, 0x00000000b2d00000| Updating 
| 302|0x00000000b2e00000, 0x00000000b2f00000, 0x00000000b2f00000|100%|HS|  |TAMS 0x00000000b2f00000, 0x00000000b2e00000| Complete 
| 303|0x00000000b2f00000, 0x00000000b3000000, 0x00000000b3000000|100%| O|  |TAMS 0x00000000b3000000, 0x00000000b2f00000| Untracked 
| 304|0x00000000b3000000, 0x00000000b3100000, 0x00000000b3100000|100%| O|  |TAMS 0x00000000b3100000, 0x00000000b3000000| Updating 
| 305|0x00000000b3100000, 0x00000000b3200000, 0x00000000b3200000|100%|HS|  |TAMS 0x00000000b3200000, 0x00000000b3100000| Complete 
| 306|0x00000000b3200000, 0x00000000b3300000, 0x00000000b3300000|100%| O|  |TAMS 0x00000000b3300000, 0x00000000b3200000| Updating 
| 307|0x00000000b3300000, 0x00000000b3400000, 0x00000000b3400000|100%| O|  |TAMS 0x00000000b3400000, 0x00000000b3300000| Updating 
| 308|0x00000000b3400000, 0x00000000b3500000, 0x00000000b3500000|100%| O|  |TAMS 0x00000000b3500000, 0x00000000b3400000| Untracked 
| 309|0x00000000b3500000, 0x00000000b3600000, 0x00000000b3600000|100%| O|  |TAMS 0x00000000b3600000, 0x00000000b3500000| Updating 
| 310|0x00000000b3600000, 0x00000000b3700000, 0x00000000b3700000|100%| O|  |TAMS 0x00000000b3700000, 0x00000000b3600000| Untracked 
| 311|0x00000000b3700000, 0x00000000b3800000, 0x00000000b3800000|100%| O|  |TAMS 0x00000000b3800000, 0x00000000b3700000| Updating 
| 312|0x00000000b3800000, 0x00000000b3900000, 0x00000000b3900000|100%| O|  |TAMS 0x00000000b3900000, 0x00000000b3800000| Updating 
| 313|0x00000000b3900000, 0x00000000b3a00000, 0x00000000b3a00000|100%| O|  |TAMS 0x00000000b3a00000, 0x00000000b3900000| Updating 
| 314|0x00000000b3a00000, 0x00000000b3b00000, 0x00000000b3b00000|100%| O|  |TAMS 0x00000000b3b00000, 0x00000000b3a00000| Updating 
| 315|0x00000000b3b00000, 0x00000000b3c00000, 0x00000000b3c00000|100%| O|  |TAMS 0x00000000b3c00000, 0x00000000b3b00000| Untracked 
| 316|0x00000000b3c00000, 0x00000000b3d00000, 0x00000000b3d00000|100%| O|  |TAMS 0x00000000b3d00000, 0x00000000b3c00000| Updating 
| 317|0x00000000b3d00000, 0x00000000b3e00000, 0x00000000b3e00000|100%| O|  |TAMS 0x00000000b3e00000, 0x00000000b3d00000| Untracked 
| 318|0x00000000b3e00000, 0x00000000b3f00000, 0x00000000b3f00000|100%| O|  |TAMS 0x00000000b3f00000, 0x00000000b3e00000| Untracked 
| 319|0x00000000b3f00000, 0x00000000b4000000, 0x00000000b4000000|100%| O|  |TAMS 0x00000000b4000000, 0x00000000b3f00000| Updating 
| 320|0x00000000b4000000, 0x00000000b4100000, 0x00000000b4100000|100%| O|  |TAMS 0x00000000b4100000, 0x00000000b4000000| Untracked 
| 321|0x00000000b4100000, 0x00000000b4200000, 0x00000000b4200000|100%| O|  |TAMS 0x00000000b4200000, 0x00000000b4100000| Untracked 
| 322|0x00000000b4200000, 0x00000000b4300000, 0x00000000b4300000|100%| O|  |TAMS 0x00000000b4300000, 0x00000000b4200000| Untracked 
| 323|0x00000000b4300000, 0x00000000b4400000, 0x00000000b4400000|100%| O|  |TAMS 0x00000000b4400000, 0x00000000b4300000| Untracked 
| 324|0x00000000b4400000, 0x00000000b4500000, 0x00000000b4500000|100%| O|  |TAMS 0x00000000b4500000, 0x00000000b4400000| Untracked 
| 325|0x00000000b4500000, 0x00000000b4600000, 0x00000000b4600000|100%| O|  |TAMS 0x00000000b4600000, 0x00000000b4500000| Untracked 
| 326|0x00000000b4600000, 0x00000000b4700000, 0x00000000b4700000|100%| O|  |TAMS 0x00000000b4700000, 0x00000000b4600000| Untracked 
| 327|0x00000000b4700000, 0x00000000b4800000, 0x00000000b4800000|100%| O|  |TAMS 0x00000000b4800000, 0x00000000b4700000| Untracked 
| 328|0x00000000b4800000, 0x00000000b4900000, 0x00000000b4900000|100%| O|  |TAMS 0x00000000b4900000, 0x00000000b4800000| Untracked 
| 329|0x00000000b4900000, 0x00000000b4a00000, 0x00000000b4a00000|100%| O|  |TAMS 0x00000000b4a00000, 0x00000000b4900000| Untracked 
| 330|0x00000000b4a00000, 0x00000000b4b00000, 0x00000000b4b00000|100%| O|  |TAMS 0x00000000b4b00000, 0x00000000b4a00000| Updating 
| 331|0x00000000b4b00000, 0x00000000b4c00000, 0x00000000b4c00000|100%| O|  |TAMS 0x00000000b4c00000, 0x00000000b4b00000| Untracked 
| 332|0x00000000b4c00000, 0x00000000b4d00000, 0x00000000b4d00000|100%| O|  |TAMS 0x00000000b4d00000, 0x00000000b4c00000| Updating 
| 333|0x00000000b4d00000, 0x00000000b4e00000, 0x00000000b4e00000|100%| O|  |TAMS 0x00000000b4e00000, 0x00000000b4d00000| Untracked 
| 334|0x00000000b4e00000, 0x00000000b4f00000, 0x00000000b4f00000|100%| O|  |TAMS 0x00000000b4f00000, 0x00000000b4e00000| Updating 
| 335|0x00000000b4f00000, 0x00000000b5000000, 0x00000000b5000000|100%| O|  |TAMS 0x00000000b5000000, 0x00000000b4f00000| Untracked 
| 336|0x00000000b5000000, 0x00000000b5100000, 0x00000000b5100000|100%| O|  |TAMS 0x00000000b5100000, 0x00000000b5000000| Untracked 
| 337|0x00000000b5100000, 0x00000000b5200000, 0x00000000b5200000|100%| O|  |TAMS 0x00000000b5200000, 0x00000000b5100000| Untracked 
| 338|0x00000000b5200000, 0x00000000b5300000, 0x00000000b5300000|100%| O|  |TAMS 0x00000000b5300000, 0x00000000b5200000| Untracked 
| 339|0x00000000b5300000, 0x00000000b5400000, 0x00000000b5400000|100%| O|  |TAMS 0x00000000b5400000, 0x00000000b5300000| Untracked 
| 340|0x00000000b5400000, 0x00000000b5500000, 0x00000000b5500000|100%| O|  |TAMS 0x00000000b5500000, 0x00000000b5400000| Untracked 
| 341|0x00000000b5500000, 0x00000000b5600000, 0x00000000b5600000|100%| O|  |TAMS 0x00000000b5600000, 0x00000000b5500000| Updating 
| 342|0x00000000b5600000, 0x00000000b5700000, 0x00000000b5700000|100%| O|  |TAMS 0x00000000b5700000, 0x00000000b5600000| Updating 
| 343|0x00000000b5700000, 0x00000000b5800000, 0x00000000b5800000|100%| O|  |TAMS 0x00000000b5800000, 0x00000000b5700000| Updating 
| 344|0x00000000b5800000, 0x00000000b5900000, 0x00000000b5900000|100%| O|  |TAMS 0x00000000b5900000, 0x00000000b5800000| Updating 
| 345|0x00000000b5900000, 0x00000000b5a00000, 0x00000000b5a00000|100%| O|  |TAMS 0x00000000b5a00000, 0x00000000b5900000| Untracked 
| 346|0x00000000b5a00000, 0x00000000b5b00000, 0x00000000b5b00000|100%| O|  |TAMS 0x00000000b5b00000, 0x00000000b5a00000| Untracked 
| 347|0x00000000b5b00000, 0x00000000b5c00000, 0x00000000b5c00000|100%| O|  |TAMS 0x00000000b5c00000, 0x00000000b5b00000| Untracked 
| 348|0x00000000b5c00000, 0x00000000b5d00000, 0x00000000b5d00000|100%| O|  |TAMS 0x00000000b5d00000, 0x00000000b5c00000| Untracked 
| 349|0x00000000b5d00000, 0x00000000b5e00000, 0x00000000b5e00000|100%| O|  |TAMS 0x00000000b5e00000, 0x00000000b5d00000| Updating 
| 350|0x00000000b5e00000, 0x00000000b5f00000, 0x00000000b5f00000|100%| O|  |TAMS 0x00000000b5f00000, 0x00000000b5e00000| Untracked 
| 351|0x00000000b5f00000, 0x00000000b6000000, 0x00000000b6000000|100%| O|  |TAMS 0x00000000b6000000, 0x00000000b5f00000| Untracked 
| 352|0x00000000b6000000, 0x00000000b6100000, 0x00000000b6100000|100%| O|  |TAMS 0x00000000b6100000, 0x00000000b6000000| Untracked 
| 353|0x00000000b6100000, 0x00000000b6200000, 0x00000000b6200000|100%| O|  |TAMS 0x00000000b6200000, 0x00000000b6100000| Updating 
| 354|0x00000000b6200000, 0x00000000b6300000, 0x00000000b6300000|100%| O|  |TAMS 0x00000000b6300000, 0x00000000b6200000| Updating 
| 355|0x00000000b6300000, 0x00000000b6400000, 0x00000000b6400000|100%| O|  |TAMS 0x00000000b6400000, 0x00000000b6300000| Updating 
| 356|0x00000000b6400000, 0x00000000b6500000, 0x00000000b6500000|100%| O|  |TAMS 0x00000000b6500000, 0x00000000b6400000| Updating 
| 357|0x00000000b6500000, 0x00000000b6600000, 0x00000000b6600000|100%| O|  |TAMS 0x00000000b6600000, 0x00000000b6500000| Updating 
| 358|0x00000000b6600000, 0x00000000b6700000, 0x00000000b6700000|100%| O|  |TAMS 0x00000000b6700000, 0x00000000b6600000| Updating 
| 359|0x00000000b6700000, 0x00000000b6800000, 0x00000000b6800000|100%| O|  |TAMS 0x00000000b6800000, 0x00000000b6700000| Untracked 
| 360|0x00000000b6800000, 0x00000000b6900000, 0x00000000b6900000|100%| O|  |TAMS 0x00000000b6900000, 0x00000000b6800000| Untracked 
| 361|0x00000000b6900000, 0x00000000b6a00000, 0x00000000b6a00000|100%| O|  |TAMS 0x00000000b6a00000, 0x00000000b6900000| Updating 
| 362|0x00000000b6a00000, 0x00000000b6b00000, 0x00000000b6b00000|100%| O|  |TAMS 0x00000000b6b00000, 0x00000000b6a00000| Updating 
| 363|0x00000000b6b00000, 0x00000000b6c00000, 0x00000000b6c00000|100%| O|  |TAMS 0x00000000b6c00000, 0x00000000b6b00000| Untracked 
| 364|0x00000000b6c00000, 0x00000000b6d00000, 0x00000000b6d00000|100%| O|  |TAMS 0x00000000b6d00000, 0x00000000b6c00000| Untracked 
| 365|0x00000000b6d00000, 0x00000000b6e00000, 0x00000000b6e00000|100%| O|  |TAMS 0x00000000b6e00000, 0x00000000b6d00000| Untracked 
| 366|0x00000000b6e00000, 0x00000000b6f00000, 0x00000000b6f00000|100%| O|  |TAMS 0x00000000b6f00000, 0x00000000b6e00000| Untracked 
| 367|0x00000000b6f00000, 0x00000000b7000000, 0x00000000b7000000|100%| O|  |TAMS 0x00000000b7000000, 0x00000000b6f00000| Untracked 
| 368|0x00000000b7000000, 0x00000000b7100000, 0x00000000b7100000|100%| O|  |TAMS 0x00000000b7100000, 0x00000000b7000000| Untracked 
| 369|0x00000000b7100000, 0x00000000b7200000, 0x00000000b7200000|100%| O|  |TAMS 0x00000000b7200000, 0x00000000b7100000| Untracked 
| 370|0x00000000b7200000, 0x00000000b7300000, 0x00000000b7300000|100%| O|  |TAMS 0x00000000b7300000, 0x00000000b7200000| Untracked 
| 371|0x00000000b7300000, 0x00000000b7400000, 0x00000000b7400000|100%| O|  |TAMS 0x00000000b7400000, 0x00000000b7300000| Untracked 
| 372|0x00000000b7400000, 0x00000000b7500000, 0x00000000b7500000|100%| O|  |TAMS 0x00000000b7500000, 0x00000000b7400000| Updating 
| 373|0x00000000b7500000, 0x00000000b7600000, 0x00000000b7600000|100%| O|  |TAMS 0x00000000b7600000, 0x00000000b7500000| Updating 
| 374|0x00000000b7600000, 0x00000000b7700000, 0x00000000b7700000|100%| O|  |TAMS 0x00000000b7700000, 0x00000000b7600000| Untracked 
| 375|0x00000000b7700000, 0x00000000b7800000, 0x00000000b7800000|100%| O|  |TAMS 0x00000000b7800000, 0x00000000b7700000| Untracked 
| 376|0x00000000b7800000, 0x00000000b7900000, 0x00000000b7900000|100%| O|  |TAMS 0x00000000b7900000, 0x00000000b7800000| Untracked 
| 377|0x00000000b7900000, 0x00000000b7a00000, 0x00000000b7a00000|100%| O|  |TAMS 0x00000000b7a00000, 0x00000000b7900000| Untracked 
| 378|0x00000000b7a00000, 0x00000000b7b00000, 0x00000000b7b00000|100%| O|  |TAMS 0x00000000b7b00000, 0x00000000b7a00000| Untracked 
| 379|0x00000000b7b00000, 0x00000000b7c00000, 0x00000000b7c00000|100%| O|  |TAMS 0x00000000b7c00000, 0x00000000b7b00000| Untracked 
| 380|0x00000000b7c00000, 0x00000000b7d00000, 0x00000000b7d00000|100%| O|  |TAMS 0x00000000b7d00000, 0x00000000b7c00000| Untracked 
| 381|0x00000000b7d00000, 0x00000000b7e00000, 0x00000000b7e00000|100%| O|  |TAMS 0x00000000b7e00000, 0x00000000b7d00000| Untracked 
| 382|0x00000000b7e00000, 0x00000000b7f00000, 0x00000000b7f00000|100%| O|  |TAMS 0x00000000b7f00000, 0x00000000b7e00000| Untracked 
| 383|0x00000000b7f00000, 0x00000000b8000000, 0x00000000b8000000|100%| O|  |TAMS 0x00000000b8000000, 0x00000000b7f00000| Untracked 
| 384|0x00000000b8000000, 0x00000000b8100000, 0x00000000b8100000|100%| O|  |TAMS 0x00000000b8100000, 0x00000000b8000000| Untracked 
| 385|0x00000000b8100000, 0x00000000b8200000, 0x00000000b8200000|100%| O|  |TAMS 0x00000000b8200000, 0x00000000b8100000| Updating 
| 386|0x00000000b8200000, 0x00000000b8300000, 0x00000000b8300000|100%| O|  |TAMS 0x00000000b8300000, 0x00000000b8200000| Updating 
| 387|0x00000000b8300000, 0x00000000b8400000, 0x00000000b8400000|100%| O|  |TAMS 0x00000000b8400000, 0x00000000b8300000| Updating 
| 388|0x00000000b8400000, 0x00000000b8500000, 0x00000000b8500000|100%| O|  |TAMS 0x00000000b8500000, 0x00000000b8400000| Untracked 
| 389|0x00000000b8500000, 0x00000000b8600000, 0x00000000b8600000|100%| O|  |TAMS 0x00000000b8600000, 0x00000000b8500000| Untracked 
| 390|0x00000000b8600000, 0x00000000b8700000, 0x00000000b8700000|100%| O|  |TAMS 0x00000000b8700000, 0x00000000b8600000| Untracked 
| 391|0x00000000b8700000, 0x00000000b8800000, 0x00000000b8800000|100%| O|  |TAMS 0x00000000b8800000, 0x00000000b8700000| Updating 
| 392|0x00000000b8800000, 0x00000000b8900000, 0x00000000b8900000|100%| O|  |TAMS 0x00000000b8900000, 0x00000000b8800000| Untracked 
| 393|0x00000000b8900000, 0x00000000b8a00000, 0x00000000b8a00000|100%| O|  |TAMS 0x00000000b8a00000, 0x00000000b8900000| Untracked 
| 394|0x00000000b8a00000, 0x00000000b8b00000, 0x00000000b8b00000|100%| O|  |TAMS 0x00000000b8b00000, 0x00000000b8a00000| Untracked 
| 395|0x00000000b8b00000, 0x00000000b8c00000, 0x00000000b8c00000|100%| O|  |TAMS 0x00000000b8c00000, 0x00000000b8b00000| Updating 
| 396|0x00000000b8c00000, 0x00000000b8d00000, 0x00000000b8d00000|100%| O|  |TAMS 0x00000000b8d00000, 0x00000000b8c00000| Untracked 
| 397|0x00000000b8d00000, 0x00000000b8e00000, 0x00000000b8e00000|100%| O|  |TAMS 0x00000000b8e00000, 0x00000000b8d00000| Updating 
| 398|0x00000000b8e00000, 0x00000000b8f00000, 0x00000000b8f00000|100%| O|  |TAMS 0x00000000b8f00000, 0x00000000b8e00000| Updating 
| 399|0x00000000b8f00000, 0x00000000b9000000, 0x00000000b9000000|100%| O|  |TAMS 0x00000000b9000000, 0x00000000b8f00000| Untracked 
| 400|0x00000000b9000000, 0x00000000b9100000, 0x00000000b9100000|100%| O|  |TAMS 0x00000000b9100000, 0x00000000b9000000| Untracked 
| 401|0x00000000b9100000, 0x00000000b9200000, 0x00000000b9200000|100%| O|  |TAMS 0x00000000b9200000, 0x00000000b9100000| Updating 
| 402|0x00000000b9200000, 0x00000000b9300000, 0x00000000b9300000|100%| O|  |TAMS 0x00000000b9300000, 0x00000000b9200000| Untracked 
| 403|0x00000000b9300000, 0x00000000b9400000, 0x00000000b9400000|100%| O|  |TAMS 0x00000000b9400000, 0x00000000b9300000| Updating 
| 404|0x00000000b9400000, 0x00000000b9500000, 0x00000000b9500000|100%| O|  |TAMS 0x00000000b9500000, 0x00000000b9400000| Updating 
| 405|0x00000000b9500000, 0x00000000b9600000, 0x00000000b9600000|100%| O|  |TAMS 0x00000000b9600000, 0x00000000b9500000| Updating 
| 406|0x00000000b9600000, 0x00000000b9700000, 0x00000000b9700000|100%| O|  |TAMS 0x00000000b9700000, 0x00000000b9600000| Untracked 
| 407|0x00000000b9700000, 0x00000000b9800000, 0x00000000b9800000|100%| O|  |TAMS 0x00000000b9800000, 0x00000000b9700000| Untracked 
| 408|0x00000000b9800000, 0x00000000b9900000, 0x00000000b9900000|100%| O|  |TAMS 0x00000000b9900000, 0x00000000b9800000| Untracked 
| 409|0x00000000b9900000, 0x00000000b9a00000, 0x00000000b9a00000|100%| O|  |TAMS 0x00000000b9a00000, 0x00000000b9900000| Untracked 
| 410|0x00000000b9a00000, 0x00000000b9b00000, 0x00000000b9b00000|100%| O|  |TAMS 0x00000000b9b00000, 0x00000000b9a00000| Untracked 
| 411|0x00000000b9b00000, 0x00000000b9c00000, 0x00000000b9c00000|100%| O|  |TAMS 0x00000000b9c00000, 0x00000000b9b00000| Updating 
| 412|0x00000000b9c00000, 0x00000000b9d00000, 0x00000000b9d00000|100%| O|  |TAMS 0x00000000b9d00000, 0x00000000b9c00000| Untracked 
| 413|0x00000000b9d00000, 0x00000000b9e00000, 0x00000000b9e00000|100%| O|  |TAMS 0x00000000b9e00000, 0x00000000b9d00000| Untracked 
| 414|0x00000000b9e00000, 0x00000000b9f00000, 0x00000000b9f00000|100%| O|  |TAMS 0x00000000b9f00000, 0x00000000b9e00000| Updating 
| 415|0x00000000b9f00000, 0x00000000ba000000, 0x00000000ba000000|100%| O|  |TAMS 0x00000000ba000000, 0x00000000b9f00000| Untracked 
| 416|0x00000000ba000000, 0x00000000ba100000, 0x00000000ba100000|100%| O|  |TAMS 0x00000000ba100000, 0x00000000ba000000| Updating 
| 417|0x00000000ba100000, 0x00000000ba200000, 0x00000000ba200000|100%| O|  |TAMS 0x00000000ba200000, 0x00000000ba100000| Updating 
| 418|0x00000000ba200000, 0x00000000ba300000, 0x00000000ba300000|100%| O|  |TAMS 0x00000000ba300000, 0x00000000ba200000| Untracked 
| 419|0x00000000ba300000, 0x00000000ba400000, 0x00000000ba400000|100%| O|  |TAMS 0x00000000ba400000, 0x00000000ba300000| Updating 
| 420|0x00000000ba400000, 0x00000000ba500000, 0x00000000ba500000|100%| O|  |TAMS 0x00000000ba500000, 0x00000000ba400000| Untracked 
| 421|0x00000000ba500000, 0x00000000ba600000, 0x00000000ba600000|100%| O|  |TAMS 0x00000000ba600000, 0x00000000ba500000| Updating 
| 422|0x00000000ba600000, 0x00000000ba700000, 0x00000000ba700000|100%| O|  |TAMS 0x00000000ba700000, 0x00000000ba600000| Updating 
| 423|0x00000000ba700000, 0x00000000ba800000, 0x00000000ba800000|100%| O|  |TAMS 0x00000000ba800000, 0x00000000ba700000| Updating 
| 424|0x00000000ba800000, 0x00000000ba900000, 0x00000000ba900000|100%| O|  |TAMS 0x00000000ba900000, 0x00000000ba800000| Updating 
| 425|0x00000000ba900000, 0x00000000baa00000, 0x00000000baa00000|100%| O|  |TAMS 0x00000000baa00000, 0x00000000ba900000| Updating 
| 426|0x00000000baa00000, 0x00000000bab00000, 0x00000000bab00000|100%| O|  |TAMS 0x00000000bab00000, 0x00000000baa00000| Updating 
| 427|0x00000000bab00000, 0x00000000bac00000, 0x00000000bac00000|100%| O|  |TAMS 0x00000000bac00000, 0x00000000bab00000| Updating 
| 428|0x00000000bac00000, 0x00000000bad00000, 0x00000000bad00000|100%| O|  |TAMS 0x00000000bad00000, 0x00000000bac00000| Updating 
| 429|0x00000000bad00000, 0x00000000bae00000, 0x00000000bae00000|100%| O|  |TAMS 0x00000000bae00000, 0x00000000bad00000| Updating 
| 430|0x00000000bae00000, 0x00000000baf00000, 0x00000000baf00000|100%| O|  |TAMS 0x00000000baf00000, 0x00000000bae00000| Updating 
| 431|0x00000000baf00000, 0x00000000bb000000, 0x00000000bb000000|100%| O|  |TAMS 0x00000000bb000000, 0x00000000baf00000| Updating 
| 432|0x00000000bb000000, 0x00000000bb100000, 0x00000000bb100000|100%| O|  |TAMS 0x00000000bb100000, 0x00000000bb000000| Updating 
| 433|0x00000000bb100000, 0x00000000bb200000, 0x00000000bb200000|100%| O|  |TAMS 0x00000000bb200000, 0x00000000bb100000| Updating 
| 434|0x00000000bb200000, 0x00000000bb300000, 0x00000000bb300000|100%| O|  |TAMS 0x00000000bb300000, 0x00000000bb200000| Updating 
| 435|0x00000000bb300000, 0x00000000bb400000, 0x00000000bb400000|100%| O|  |TAMS 0x00000000bb400000, 0x00000000bb300000| Updating 
| 436|0x00000000bb400000, 0x00000000bb500000, 0x00000000bb500000|100%| O|  |TAMS 0x00000000bb500000, 0x00000000bb400000| Updating 
| 437|0x00000000bb500000, 0x00000000bb600000, 0x00000000bb600000|100%| O|  |TAMS 0x00000000bb600000, 0x00000000bb500000| Updating 
| 438|0x00000000bb600000, 0x00000000bb700000, 0x00000000bb700000|100%| O|  |TAMS 0x00000000bb700000, 0x00000000bb600000| Updating 
| 439|0x00000000bb700000, 0x00000000bb800000, 0x00000000bb800000|100%| O|  |TAMS 0x00000000bb800000, 0x00000000bb700000| Untracked 
| 440|0x00000000bb800000, 0x00000000bb900000, 0x00000000bb900000|100%| O|  |TAMS 0x00000000bb900000, 0x00000000bb800000| Updating 
| 441|0x00000000bb900000, 0x00000000bba00000, 0x00000000bba00000|100%|HS|  |TAMS 0x00000000bba00000, 0x00000000bb900000| Complete 
| 442|0x00000000bba00000, 0x00000000bbb00000, 0x00000000bbb00000|100%|HC|  |TAMS 0x00000000bbb00000, 0x00000000bba00000| Complete 
| 443|0x00000000bbb00000, 0x00000000bbc00000, 0x00000000bbc00000|100%| O|  |TAMS 0x00000000bbc00000, 0x00000000bbb00000| Updating 
| 444|0x00000000bbc00000, 0x00000000bbd00000, 0x00000000bbd00000|100%| O|  |TAMS 0x00000000bbd00000, 0x00000000bbc00000| Updating 
| 445|0x00000000bbd00000, 0x00000000bbe00000, 0x00000000bbe00000|100%| O|  |TAMS 0x00000000bbe00000, 0x00000000bbd00000| Updating 
| 446|0x00000000bbe00000, 0x00000000bbf00000, 0x00000000bbf00000|100%| O|  |TAMS 0x00000000bbf00000, 0x00000000bbe00000| Updating 
| 447|0x00000000bbf00000, 0x00000000bc000000, 0x00000000bc000000|100%| O|  |TAMS 0x00000000bc000000, 0x00000000bbf00000| Updating 
| 448|0x00000000bc000000, 0x00000000bc100000, 0x00000000bc100000|100%| O|  |TAMS 0x00000000bc100000, 0x00000000bc000000| Updating 
| 449|0x00000000bc100000, 0x00000000bc200000, 0x00000000bc200000|100%| O|  |TAMS 0x00000000bc200000, 0x00000000bc100000| Updating 
| 450|0x00000000bc200000, 0x00000000bc300000, 0x00000000bc300000|100%| O|  |TAMS 0x00000000bc300000, 0x00000000bc200000| Updating 
| 451|0x00000000bc300000, 0x00000000bc400000, 0x00000000bc400000|100%| O|  |TAMS 0x00000000bc400000, 0x00000000bc300000| Updating 
| 452|0x00000000bc400000, 0x00000000bc500000, 0x00000000bc500000|100%| O|  |TAMS 0x00000000bc500000, 0x00000000bc400000| Updating 
| 453|0x00000000bc500000, 0x00000000bc600000, 0x00000000bc600000|100%| O|  |TAMS 0x00000000bc600000, 0x00000000bc500000| Updating 
| 454|0x00000000bc600000, 0x00000000bc700000, 0x00000000bc700000|100%| O|  |TAMS 0x00000000bc700000, 0x00000000bc600000| Updating 
| 455|0x00000000bc700000, 0x00000000bc800000, 0x00000000bc800000|100%| O|  |TAMS 0x00000000bc800000, 0x00000000bc700000| Updating 
| 456|0x00000000bc800000, 0x00000000bc900000, 0x00000000bc900000|100%| O|  |TAMS 0x00000000bc900000, 0x00000000bc800000| Updating 
| 457|0x00000000bc900000, 0x00000000bca00000, 0x00000000bca00000|100%| O|  |TAMS 0x00000000bca00000, 0x00000000bc900000| Updating 
| 458|0x00000000bca00000, 0x00000000bcb00000, 0x00000000bcb00000|100%| O|  |TAMS 0x00000000bcb00000, 0x00000000bca00000| Updating 
| 459|0x00000000bcb00000, 0x00000000bcc00000, 0x00000000bcc00000|100%| O|  |TAMS 0x00000000bcc00000, 0x00000000bcb00000| Updating 
| 460|0x00000000bcc00000, 0x00000000bcd00000, 0x00000000bcd00000|100%| O|  |TAMS 0x00000000bcd00000, 0x00000000bcc00000| Untracked 
| 461|0x00000000bcd00000, 0x00000000bce00000, 0x00000000bce00000|100%| O|  |TAMS 0x00000000bce00000, 0x00000000bcd00000| Updating 
| 462|0x00000000bce00000, 0x00000000bcf00000, 0x00000000bcf00000|100%| O|  |TAMS 0x00000000bce8da00, 0x00000000bce00000| Updating 
| 463|0x00000000bcf00000, 0x00000000bd000000, 0x00000000bd000000|100%| O|  |TAMS 0x00000000bcf00000, 0x00000000bcf00000| Untracked 
| 464|0x00000000bd000000, 0x00000000bd07c600, 0x00000000bd100000| 48%| O|  |TAMS 0x00000000bd000000, 0x00000000bd000000| Updating 
| 465|0x00000000bd100000, 0x00000000bd100000, 0x00000000bd200000|  0%| F|  |TAMS 0x00000000bd100000, 0x00000000bd100000| Untracked 
| 466|0x00000000bd200000, 0x00000000bd200000, 0x00000000bd300000|  0%| F|  |TAMS 0x00000000bd200000, 0x00000000bd200000| Untracked 
| 467|0x00000000bd300000, 0x00000000bd300000, 0x00000000bd400000|  0%| F|  |TAMS 0x00000000bd300000, 0x00000000bd300000| Untracked 
| 468|0x00000000bd400000, 0x00000000bd400000, 0x00000000bd500000|  0%| F|  |TAMS 0x00000000bd400000, 0x00000000bd400000| Untracked 
| 469|0x00000000bd500000, 0x00000000bd500000, 0x00000000bd600000|  0%| F|  |TAMS 0x00000000bd500000, 0x00000000bd500000| Untracked 
| 470|0x00000000bd600000, 0x00000000bd600000, 0x00000000bd700000|  0%| F|  |TAMS 0x00000000bd600000, 0x00000000bd600000| Untracked 
| 471|0x00000000bd700000, 0x00000000bd700000, 0x00000000bd800000|  0%| F|  |TAMS 0x00000000bd700000, 0x00000000bd700000| Untracked 
| 472|0x00000000bd800000, 0x00000000bd800000, 0x00000000bd900000|  0%| F|  |TAMS 0x00000000bd800000, 0x00000000bd800000| Untracked 
| 473|0x00000000bd900000, 0x00000000bd900000, 0x00000000bda00000|  0%| F|  |TAMS 0x00000000bd900000, 0x00000000bd900000| Untracked 
| 474|0x00000000bda00000, 0x00000000bda00000, 0x00000000bdb00000|  0%| F|  |TAMS 0x00000000bda00000, 0x00000000bda00000| Untracked 
| 475|0x00000000bdb00000, 0x00000000bdb00000, 0x00000000bdc00000|  0%| F|  |TAMS 0x00000000bdb00000, 0x00000000bdb00000| Untracked 
| 476|0x00000000bdc00000, 0x00000000bdc00000, 0x00000000bdd00000|  0%| F|  |TAMS 0x00000000bdc00000, 0x00000000bdc00000| Untracked 
| 477|0x00000000bdd00000, 0x00000000bdd00000, 0x00000000bde00000|  0%| F|  |TAMS 0x00000000bdd00000, 0x00000000bdd00000| Untracked 
| 478|0x00000000bde00000, 0x00000000bde00000, 0x00000000bdf00000|  0%| F|  |TAMS 0x00000000bde00000, 0x00000000bde00000| Untracked 
| 479|0x00000000bdf00000, 0x00000000bdf00000, 0x00000000be000000|  0%| F|  |TAMS 0x00000000bdf00000, 0x00000000bdf00000| Untracked 
| 480|0x00000000be000000, 0x00000000be000000, 0x00000000be100000|  0%| F|  |TAMS 0x00000000be000000, 0x00000000be000000| Untracked 
| 481|0x00000000be100000, 0x00000000be100000, 0x00000000be200000|  0%| F|  |TAMS 0x00000000be100000, 0x00000000be100000| Untracked 
| 482|0x00000000be200000, 0x00000000be200000, 0x00000000be300000|  0%| F|  |TAMS 0x00000000be200000, 0x00000000be200000| Untracked 
| 483|0x00000000be300000, 0x00000000be300000, 0x00000000be400000|  0%| F|  |TAMS 0x00000000be300000, 0x00000000be300000| Untracked 
| 484|0x00000000be400000, 0x00000000be400000, 0x00000000be500000|  0%| F|  |TAMS 0x00000000be400000, 0x00000000be400000| Untracked 
| 485|0x00000000be500000, 0x00000000be500000, 0x00000000be600000|  0%| F|  |TAMS 0x00000000be500000, 0x00000000be500000| Untracked 
| 486|0x00000000be600000, 0x00000000be600000, 0x00000000be700000|  0%| F|  |TAMS 0x00000000be600000, 0x00000000be600000| Untracked 
| 487|0x00000000be700000, 0x00000000be700000, 0x00000000be800000|  0%| F|  |TAMS 0x00000000be700000, 0x00000000be700000| Untracked 
| 488|0x00000000be800000, 0x00000000be800000, 0x00000000be900000|  0%| F|  |TAMS 0x00000000be800000, 0x00000000be800000| Untracked 
| 489|0x00000000be900000, 0x00000000be900000, 0x00000000bea00000|  0%| F|  |TAMS 0x00000000be900000, 0x00000000be900000| Untracked 
| 490|0x00000000bea00000, 0x00000000bea00000, 0x00000000beb00000|  0%| F|  |TAMS 0x00000000bea00000, 0x00000000bea00000| Untracked 
| 491|0x00000000beb00000, 0x00000000beb00000, 0x00000000bec00000|  0%| F|  |TAMS 0x00000000beb00000, 0x00000000beb00000| Untracked 
| 492|0x00000000bec00000, 0x00000000bec00000, 0x00000000bed00000|  0%| F|  |TAMS 0x00000000bec00000, 0x00000000bec00000| Untracked 
| 493|0x00000000bed00000, 0x00000000bed00000, 0x00000000bee00000|  0%| F|  |TAMS 0x00000000bed00000, 0x00000000bed00000| Untracked 
| 494|0x00000000bee00000, 0x00000000bee00000, 0x00000000bef00000|  0%| F|  |TAMS 0x00000000bee00000, 0x00000000bee00000| Untracked 
| 495|0x00000000bef00000, 0x00000000bef00000, 0x00000000bf000000|  0%| F|  |TAMS 0x00000000bef00000, 0x00000000bef00000| Untracked 
| 496|0x00000000bf000000, 0x00000000bf000000, 0x00000000bf100000|  0%| F|  |TAMS 0x00000000bf000000, 0x00000000bf000000| Untracked 
| 497|0x00000000bf100000, 0x00000000bf100000, 0x00000000bf200000|  0%| F|  |TAMS 0x00000000bf100000, 0x00000000bf100000| Untracked 
| 498|0x00000000bf200000, 0x00000000bf200000, 0x00000000bf300000|  0%| F|  |TAMS 0x00000000bf200000, 0x00000000bf200000| Untracked 
| 499|0x00000000bf300000, 0x00000000bf300000, 0x00000000bf400000|  0%| F|  |TAMS 0x00000000bf300000, 0x00000000bf300000| Untracked 
| 500|0x00000000bf400000, 0x00000000bf400000, 0x00000000bf500000|  0%| F|  |TAMS 0x00000000bf400000, 0x00000000bf400000| Untracked 
| 501|0x00000000bf500000, 0x00000000bf500000, 0x00000000bf600000|  0%| F|  |TAMS 0x00000000bf500000, 0x00000000bf500000| Untracked 
| 502|0x00000000bf600000, 0x00000000bf600000, 0x00000000bf700000|  0%| F|  |TAMS 0x00000000bf600000, 0x00000000bf600000| Untracked 
| 503|0x00000000bf700000, 0x00000000bf800000, 0x00000000bf800000|100%| S|CS|TAMS 0x00000000bf700000, 0x00000000bf700000| Complete 
| 504|0x00000000bf800000, 0x00000000bf900000, 0x00000000bf900000|100%| S|CS|TAMS 0x00000000bf800000, 0x00000000bf800000| Complete 
| 505|0x00000000bf900000, 0x00000000bfa00000, 0x00000000bfa00000|100%| S|CS|TAMS 0x00000000bf900000, 0x00000000bf900000| Complete 
| 506|0x00000000bfa00000, 0x00000000bfa00000, 0x00000000bfb00000|  0%| F|  |TAMS 0x00000000bfa00000, 0x00000000bfa00000| Untracked 
| 507|0x00000000bfb00000, 0x00000000bfb00000, 0x00000000bfc00000|  0%| F|  |TAMS 0x00000000bfb00000, 0x00000000bfb00000| Untracked 
| 508|0x00000000bfc00000, 0x00000000bfc00000, 0x00000000bfd00000|  0%| F|  |TAMS 0x00000000bfc00000, 0x00000000bfc00000| Untracked 
| 509|0x00000000bfd00000, 0x00000000bfd00000, 0x00000000bfe00000|  0%| F|  |TAMS 0x00000000bfd00000, 0x00000000bfd00000| Untracked 
| 510|0x00000000bfe00000, 0x00000000bfe5ae08, 0x00000000bff00000| 35%| E|  |TAMS 0x00000000bfe00000, 0x00000000bfe00000| Complete 
| 511|0x00000000bff00000, 0x00000000c0000000, 0x00000000c0000000|100%| E|CS|TAMS 0x00000000bff00000, 0x00000000bff00000| Complete 
| 512|0x00000000c0000000, 0x00000000c0100000, 0x00000000c0100000|100%| E|CS|TAMS 0x00000000c0000000, 0x00000000c0000000| Complete 
| 513|0x00000000c0100000, 0x00000000c0200000, 0x00000000c0200000|100%| E|CS|TAMS 0x00000000c0100000, 0x00000000c0100000| Complete 
| 514|0x00000000c0200000, 0x00000000c0300000, 0x00000000c0300000|100%| E|CS|TAMS 0x00000000c0200000, 0x00000000c0200000| Complete 
| 515|0x00000000c0300000, 0x00000000c0400000, 0x00000000c0400000|100%| E|CS|TAMS 0x00000000c0300000, 0x00000000c0300000| Complete 
| 516|0x00000000c0400000, 0x00000000c0500000, 0x00000000c0500000|100%| E|CS|TAMS 0x00000000c0400000, 0x00000000c0400000| Complete 
| 517|0x00000000c0500000, 0x00000000c0600000, 0x00000000c0600000|100%| E|CS|TAMS 0x00000000c0500000, 0x00000000c0500000| Complete 
| 518|0x00000000c0600000, 0x00000000c0700000, 0x00000000c0700000|100%| E|CS|TAMS 0x00000000c0600000, 0x00000000c0600000| Complete 
| 519|0x00000000c0700000, 0x00000000c0800000, 0x00000000c0800000|100%| E|CS|TAMS 0x00000000c0700000, 0x00000000c0700000| Complete 
| 520|0x00000000c0800000, 0x00000000c0900000, 0x00000000c0900000|100%| E|CS|TAMS 0x00000000c0800000, 0x00000000c0800000| Complete 
| 521|0x00000000c0900000, 0x00000000c0a00000, 0x00000000c0a00000|100%| E|CS|TAMS 0x00000000c0900000, 0x00000000c0900000| Complete 
| 522|0x00000000c0a00000, 0x00000000c0b00000, 0x00000000c0b00000|100%| E|CS|TAMS 0x00000000c0a00000, 0x00000000c0a00000| Complete 
| 523|0x00000000c0b00000, 0x00000000c0c00000, 0x00000000c0c00000|100%| E|CS|TAMS 0x00000000c0b00000, 0x00000000c0b00000| Complete 
| 524|0x00000000c0c00000, 0x00000000c0d00000, 0x00000000c0d00000|100%| E|CS|TAMS 0x00000000c0c00000, 0x00000000c0c00000| Complete 
| 525|0x00000000c0d00000, 0x00000000c0e00000, 0x00000000c0e00000|100%| E|CS|TAMS 0x00000000c0d00000, 0x00000000c0d00000| Complete 
| 526|0x00000000c0e00000, 0x00000000c0f00000, 0x00000000c0f00000|100%| E|CS|TAMS 0x00000000c0e00000, 0x00000000c0e00000| Complete 
| 527|0x00000000c0f00000, 0x00000000c1000000, 0x00000000c1000000|100%| E|CS|TAMS 0x00000000c0f00000, 0x00000000c0f00000| Complete 
| 528|0x00000000c1000000, 0x00000000c1100000, 0x00000000c1100000|100%| E|CS|TAMS 0x00000000c1000000, 0x00000000c1000000| Complete 
| 529|0x00000000c1100000, 0x00000000c1200000, 0x00000000c1200000|100%| E|CS|TAMS 0x00000000c1100000, 0x00000000c1100000| Complete 
| 530|0x00000000c1200000, 0x00000000c1300000, 0x00000000c1300000|100%| E|CS|TAMS 0x00000000c1200000, 0x00000000c1200000| Complete 
| 531|0x00000000c1300000, 0x00000000c1400000, 0x00000000c1400000|100%| E|CS|TAMS 0x00000000c1300000, 0x00000000c1300000| Complete 

Card table byte_map: [0x0000014eefd50000,0x0000014ef0050000] _byte_map_base: 0x0000014eef850000

Marking Bits (Prev, Next): (CMBitMap*) 0x0000014ed6aaba00, (CMBitMap*) 0x0000014ed6aab9c0
 Prev Bits: [0x0000014ef1b50000, 0x0000014ef3350000)
 Next Bits: [0x0000014ef0350000, 0x0000014ef1b50000)

Polling page: 0x0000014ed6b10000

Metaspace:

Usage:
  Non-class:    134.73 MB used.
      Class:     21.36 MB used.
       Both:    156.09 MB used.

Virtual space:
  Non-class space:      192.00 MB reserved,     136.50 MB ( 71%) committed,  3 nodes.
      Class space:      416.00 MB reserved,      22.69 MB (  5%) committed,  1 nodes.
             Both:      608.00 MB reserved,     159.19 MB ( 26%) committed. 

Chunk freelists:
   Non-Class:  7.52 MB
       Class:  9.35 MB
        Both:  16.87 MB

MaxMetaspaceSize: 512.00 MB
CompressedClassSpaceSize: 416.00 MB
Initial GC threshold: 21.00 MB
Current GC threshold: 210.88 MB
CDS: on
MetaspaceReclaimPolicy: balanced
 - commit_granule_bytes: 65536.
 - commit_granule_words: 8192.
 - virtual_space_node_default_size: 8388608.
 - enlarge_chunks_in_place: 1.
 - new_chunks_are_fully_committed: 0.
 - uncommit_free_chunks: 1.
 - use_allocation_guard: 0.
 - handle_deallocations: 1.


Internal statistics:

num_allocs_failed_limit: 6.
num_arena_births: 4236.
num_arena_deaths: 2.
num_vsnodes_births: 4.
num_vsnodes_deaths: 0.
num_space_committed: 2547.
num_space_uncommitted: 1.
num_chunks_returned_to_freelist: 28.
num_chunks_taken_from_freelist: 12437.
num_chunk_merges: 8.
num_chunk_splits: 7726.
num_chunks_enlarged: 4444.
num_inconsistent_stats: 0.

CodeHeap 'non-profiled nmethods': size=120000Kb used=19563Kb max_used=19887Kb free=100436Kb
 bounds [0x0000014ee78a0000, 0x0000014ee8c30000, 0x0000014eeedd0000]
CodeHeap 'profiled nmethods': size=120000Kb used=43333Kb max_used=43333Kb free=76666Kb
 bounds [0x0000014edfdd0000, 0x0000014ee2830000, 0x0000014ee7300000]
CodeHeap 'non-nmethods': size=5760Kb used=1853Kb max_used=1919Kb free=3906Kb
 bounds [0x0000014ee7300000, 0x0000014ee7570000, 0x0000014ee78a0000]
 total_blobs=23082 nmethods=22112 adapters=881
 compilation: enabled
              stopped_count=0, restarted_count=0
 full_count=0

Compilation events (20 events):
Event: 302.446 Thread 0x0000014ef6022410 nmethod 27411 0x0000014ee2822d90 code [0x0000014ee2822f40, 0x0000014ee2823108]
Event: 302.446 Thread 0x0000014ef6022410 27412       3       org.gradle.api.internal.artifacts.transform.TransformUpstreamDependenciesResolver$$Lambda$1938/0x0000014e81b29000::dependenciesFor (6 bytes)
Event: 302.447 Thread 0x0000014ef6022410 nmethod 27412 0x0000014ee2823210 code [0x0000014ee28233c0, 0x0000014ee2823538]
Event: 302.447 Thread 0x0000014ef6022410 27413       3       org.gradle.api.internal.artifacts.transform.TransformUpstreamDependenciesResolver::lambda$static$0 (4 bytes)
Event: 302.447 Thread 0x0000014ef6022410 nmethod 27413 0x0000014ee12d9590 code [0x0000014ee12d9720, 0x0000014ee12d9818]
Event: 302.447 Thread 0x0000014ef6022410 27414       3       org.gradle.api.internal.artifacts.ivyservice.resolveengine.artifact.LocalFileDependencyBackedArtifactSet$TransformedLocalFileArtifactSet::<init> (20 bytes)
Event: 302.447 Thread 0x0000014ef6022410 nmethod 27414 0x0000014ee2823610 code [0x0000014ee28237e0, 0x0000014ee2823a98]
Event: 302.516 Thread 0x0000014ef6022410 27415       3       org.jetbrains.kotlin.gradle.tasks.KotlinCompile_Decorated::$gradleFactory (13 bytes)
Event: 302.516 Thread 0x0000014ef6022410 nmethod 27415 0x0000014ee2823c10 code [0x0000014ee2823dc0, 0x0000014ee2823f68]
Event: 302.527 Thread 0x0000014ef6019a40 nmethod 27407 0x0000014ee899be10 code [0x0000014ee899c260, 0x0000014ee899eca8]
Event: 302.533 Thread 0x0000014ef6019a40 27416       4       kotlin.collections.CollectionsKt__MutableCollectionsKt::addAll (74 bytes)
Event: 302.549 Thread 0x0000014ef6019a40 nmethod 27416 0x0000014ee7ce7c10 code [0x0000014ee7ce7e00, 0x0000014ee7ce8c08]
Event: 302.564 Thread 0x0000014ef6022410 27417       3       org.gradle.api.internal.artifacts.transform.AbstractTransformExecution$$Lambda$985/0x0000014e81638838::getValue (8 bytes)
Event: 302.565 Thread 0x0000014ef6022410 nmethod 27417 0x0000014ee2824010 code [0x0000014ee2824200, 0x0000014ee2824638]
Event: 303.151 Thread 0x0000014ef6022410 27418       3       com.google.common.collect.ImmutableMap::equals (6 bytes)
Event: 303.151 Thread 0x0000014ef6022410 nmethod 27418 0x0000014ee2824810 code [0x0000014ee28249c0, 0x0000014ee2824ae8]
Event: 303.281 Thread 0x0000014ef6019a40 27419       4       java.nio.ByteBuffer::wrap (8 bytes)
Event: 303.292 Thread 0x0000014ef6019a40 nmethod 27419 0x0000014ee7ce7790 code [0x0000014ee7ce7920, 0x0000014ee7ce7ab8]
Event: 303.385 Thread 0x0000014ef6022410 27420  s    3       sun.nio.ch.ChannelInputStream::read (77 bytes)
Event: 303.387 Thread 0x0000014ef6022410 nmethod 27420 0x0000014ee2824b90 code [0x0000014ee2824dc0, 0x0000014ee2825688]

GC Heap History (20 events):
Event: 294.633 GC heap before
{Heap before GC invocations=113 (full 0):
 garbage-first heap   total 544768K, used 476349K [0x00000000a0000000, 0x0000000100000000)
  region size 1024K, 38 young (38912K), 4 survivors (4096K)
 Metaspace       used 143562K, committed 146496K, reserved 557056K
  class space    used 20040K, committed 21376K, reserved 425984K
}
Event: 294.637 GC heap after
{Heap after GC invocations=114 (full 0):
 garbage-first heap   total 544768K, used 444131K [0x00000000a0000000, 0x0000000100000000)
  region size 1024K, 4 young (4096K), 4 survivors (4096K)
 Metaspace       used 143562K, committed 146496K, reserved 557056K
  class space    used 20040K, committed 21376K, reserved 425984K
}
Event: 294.990 GC heap before
{Heap before GC invocations=114 (full 0):
 garbage-first heap   total 544768K, used 478947K [0x00000000a0000000, 0x0000000100000000)
  region size 1024K, 37 young (37888K), 4 survivors (4096K)
 Metaspace       used 147017K, committed 149952K, reserved 557056K
  class space    used 20312K, committed 21632K, reserved 425984K
}
Event: 294.996 GC heap after
{Heap after GC invocations=115 (full 0):
 garbage-first heap   total 544768K, used 447525K [0x00000000a0000000, 0x0000000100000000)
  region size 1024K, 4 young (4096K), 4 survivors (4096K)
 Metaspace       used 147017K, committed 149952K, reserved 557056K
  class space    used 20312K, committed 21632K, reserved 425984K
}
Event: 295.272 GC heap before
{Heap before GC invocations=115 (full 0):
 garbage-first heap   total 544768K, used 478245K [0x00000000a0000000, 0x0000000100000000)
  region size 1024K, 34 young (34816K), 4 survivors (4096K)
 Metaspace       used 149749K, committed 152640K, reserved 622592K
  class space    used 20573K, committed 21888K, reserved 425984K
}
Event: 295.275 GC heap after
{Heap after GC invocations=116 (full 0):
 garbage-first heap   total 544768K, used 449060K [0x00000000a0000000, 0x0000000100000000)
  region size 1024K, 2 young (2048K), 2 survivors (2048K)
 Metaspace       used 149749K, committed 152640K, reserved 622592K
  class space    used 20573K, committed 21888K, reserved 425984K
}
Event: 297.512 GC heap before
{Heap before GC invocations=116 (full 0):
 garbage-first heap   total 544768K, used 479780K [0x00000000a0000000, 0x0000000100000000)
  region size 1024K, 32 young (32768K), 2 survivors (2048K)
 Metaspace       used 150151K, committed 153152K, reserved 622592K
  class space    used 20634K, committed 22016K, reserved 425984K
}
Event: 297.515 GC heap after
{Heap after GC invocations=117 (full 0):
 garbage-first heap   total 544768K, used 450040K [0x00000000a0000000, 0x0000000100000000)
  region size 1024K, 3 young (3072K), 3 survivors (3072K)
 Metaspace       used 150151K, committed 153152K, reserved 622592K
  class space    used 20634K, committed 22016K, reserved 425984K
}
Event: 300.629 GC heap before
{Heap before GC invocations=117 (full 0):
 garbage-first heap   total 544768K, used 481784K [0x00000000a0000000, 0x0000000100000000)
  region size 1024K, 33 young (33792K), 3 survivors (3072K)
 Metaspace       used 155299K, committed 158272K, reserved 622592K
  class space    used 21298K, committed 22656K, reserved 425984K
}
Event: 300.634 GC heap after
{Heap after GC invocations=118 (full 0):
 garbage-first heap   total 544768K, used 453798K [0x00000000a0000000, 0x0000000100000000)
  region size 1024K, 5 young (5120K), 5 survivors (5120K)
 Metaspace       used 155299K, committed 158272K, reserved 622592K
  class space    used 21298K, committed 22656K, reserved 425984K
}
Event: 301.057 GC heap before
{Heap before GC invocations=118 (full 0):
 garbage-first heap   total 544768K, used 483494K [0x00000000a0000000, 0x0000000100000000)
  region size 1024K, 31 young (31744K), 5 survivors (5120K)
 Metaspace       used 157501K, committed 160512K, reserved 622592K
  class space    used 21552K, committed 22912K, reserved 425984K
}
Event: 301.065 GC heap after
{Heap after GC invocations=119 (full 0):
 garbage-first heap   total 544768K, used 464959K [0x00000000a0000000, 0x0000000100000000)
  region size 1024K, 4 young (4096K), 4 survivors (4096K)
 Metaspace       used 157501K, committed 160512K, reserved 622592K
  class space    used 21552K, committed 22912K, reserved 425984K
}
Event: 301.645 GC heap before
{Heap before GC invocations=119 (full 0):
 garbage-first heap   total 544768K, used 487487K [0x00000000a0000000, 0x0000000100000000)
  region size 1024K, 26 young (26624K), 4 survivors (4096K)
 Metaspace       used 159613K, committed 162560K, reserved 622592K
  class space    used 21821K, committed 23168K, reserved 425984K
}
Event: 301.653 GC heap after
{Heap after GC invocations=120 (full 0):
 garbage-first heap   total 544768K, used 467728K [0x00000000a0000000, 0x0000000100000000)
  region size 1024K, 4 young (4096K), 4 survivors (4096K)
 Metaspace       used 159613K, committed 162560K, reserved 622592K
  class space    used 21821K, committed 23168K, reserved 425984K
}
Event: 301.738 GC heap before
{Heap before GC invocations=120 (full 0):
 garbage-first heap   total 544768K, used 490256K [0x00000000a0000000, 0x0000000100000000)
  region size 1024K, 26 young (26624K), 4 survivors (4096K)
 Metaspace       used 159665K, committed 162624K, reserved 622592K
  class space    used 21829K, committed 23168K, reserved 425984K
}
Event: 301.745 GC heap after
{Heap after GC invocations=121 (full 0):
 garbage-first heap   total 544768K, used 473012K [0x00000000a0000000, 0x0000000100000000)
  region size 1024K, 4 young (4096K), 4 survivors (4096K)
 Metaspace       used 159665K, committed 162624K, reserved 622592K
  class space    used 21829K, committed 23168K, reserved 425984K
}
Event: 301.992 GC heap before
{Heap before GC invocations=121 (full 0):
 garbage-first heap   total 544768K, used 494516K [0x00000000a0000000, 0x0000000100000000)
  region size 1024K, 26 young (26624K), 4 survivors (4096K)
 Metaspace       used 160062K, committed 163008K, reserved 622592K
  class space    used 21882K, committed 23232K, reserved 425984K
}
Event: 301.998 GC heap after
{Heap after GC invocations=122 (full 0):
 garbage-first heap   total 544768K, used 477476K [0x00000000a0000000, 0x0000000100000000)
  region size 1024K, 4 young (4096K), 4 survivors (4096K)
 Metaspace       used 160062K, committed 163008K, reserved 622592K
  class space    used 21882K, committed 23232K, reserved 425984K
}
Event: 302.096 GC heap before
{Heap before GC invocations=122 (full 0):
 garbage-first heap   total 544768K, used 498980K [0x00000000a0000000, 0x0000000100000000)
  region size 1024K, 26 young (26624K), 4 survivors (4096K)
 Metaspace       used 160062K, committed 163008K, reserved 622592K
  class space    used 21882K, committed 23232K, reserved 425984K
}
Event: 302.153 GC heap after
{Heap after GC invocations=123 (full 0):
 garbage-first heap   total 544768K, used 478705K [0x00000000a0000000, 0x0000000100000000)
  region size 1024K, 3 young (3072K), 3 survivors (3072K)
 Metaspace       used 160062K, committed 163008K, reserved 622592K
  class space    used 21882K, committed 23232K, reserved 425984K
}

Dll operation events (16 events):
Event: 0.012 Loaded shared library E:\android_studio\java_17\jdk-17.0.18+8\bin\java.dll
Event: 0.032 Loaded shared library E:\android_studio\java_17\jdk-17.0.18+8\bin\jsvml.dll
Event: 0.070 Loaded shared library E:\android_studio\java_17\jdk-17.0.18+8\bin\zip.dll
Event: 0.086 Loaded shared library E:\android_studio\java_17\jdk-17.0.18+8\bin\instrument.dll
Event: 0.090 Loaded shared library E:\android_studio\java_17\jdk-17.0.18+8\bin\net.dll
Event: 0.092 Loaded shared library E:\android_studio\java_17\jdk-17.0.18+8\bin\nio.dll
Event: 0.094 Loaded shared library E:\android_studio\java_17\jdk-17.0.18+8\bin\zip.dll
Event: 0.285 Loaded shared library E:\android_studio\java_17\jdk-17.0.18+8\bin\jimage.dll
Event: 0.520 Loaded shared library E:\android_studio\java_17\jdk-17.0.18+8\bin\verify.dll
Event: 0.539 Loaded shared library E:\GradleCache\native\1def1411415f61bf3af743bc5b6707747c0891f09f0c88961ee8f79bc544acac\windows-amd64\native-platform.dll
Event: 0.583 Loaded shared library E:\GradleCache\native\0.2.8\x86_64-windows-gnu\gradle-fileevents.dll
Event: 1.805 Loaded shared library E:\android_studio\java_17\jdk-17.0.18+8\bin\management.dll
Event: 1.809 Loaded shared library E:\android_studio\java_17\jdk-17.0.18+8\bin\management_ext.dll
Event: 2.038 Loaded shared library E:\android_studio\java_17\jdk-17.0.18+8\bin\extnet.dll
Event: 4.128 Loaded shared library E:\android_studio\java_17\jdk-17.0.18+8\bin\sunmscapi.dll
Event: 62.552 Loaded shared library E:\android_studio\java_17\jdk-17.0.18+8\bin\rmi.dll

Deoptimization events (20 events):
Event: 301.954 Thread 0x0000014ea3cf1a30 Uncommon trap: trap_request=0xffffff45 fr.pc=0x0000014ee84fb0b4 relative=0x0000000000000194
Event: 301.954 Thread 0x0000014ea3cf1a30 Uncommon trap: reason=unstable_if action=reinterpret pc=0x0000014ee84fb0b4 method=org.gradle.internal.snapshot.AbstractIncompleteFileSystemNode.store(Lorg/gradle/internal/snapshot/VfsRelativePath;Lorg/gradle/internal/snapshot/CaseSensitivity;Lorg/gradle/i
Event: 301.954 Thread 0x0000014ea3cf1a30 DEOPT PACKING pc=0x0000014ee84fb0b4 sp=0x0000000e496f9b80
Event: 301.954 Thread 0x0000014ea3cf1a30 DEOPT UNPACKING pc=0x0000014ee73569a3 sp=0x0000000e496f9b08 mode 2
Event: 301.954 Thread 0x0000014ea3cf1a30 Uncommon trap: trap_request=0xffffff45 fr.pc=0x0000014ee84fb0b4 relative=0x0000000000000194
Event: 301.954 Thread 0x0000014ea3cf1a30 Uncommon trap: reason=unstable_if action=reinterpret pc=0x0000014ee84fb0b4 method=org.gradle.internal.snapshot.AbstractIncompleteFileSystemNode.store(Lorg/gradle/internal/snapshot/VfsRelativePath;Lorg/gradle/internal/snapshot/CaseSensitivity;Lorg/gradle/i
Event: 301.954 Thread 0x0000014ea3cf1a30 DEOPT PACKING pc=0x0000014ee84fb0b4 sp=0x0000000e496f9dc0
Event: 301.954 Thread 0x0000014ea3cf1a30 DEOPT UNPACKING pc=0x0000014ee73569a3 sp=0x0000000e496f9d48 mode 2
Event: 301.954 Thread 0x0000014ea3cf1a30 Uncommon trap: trap_request=0xffffff45 fr.pc=0x0000014ee84fb0b4 relative=0x0000000000000194
Event: 301.954 Thread 0x0000014ea3cf1a30 Uncommon trap: reason=unstable_if action=reinterpret pc=0x0000014ee84fb0b4 method=org.gradle.internal.snapshot.AbstractIncompleteFileSystemNode.store(Lorg/gradle/internal/snapshot/VfsRelativePath;Lorg/gradle/internal/snapshot/CaseSensitivity;Lorg/gradle/i
Event: 301.954 Thread 0x0000014ea3cf1a30 DEOPT PACKING pc=0x0000014ee84fb0b4 sp=0x0000000e496f9f60
Event: 301.954 Thread 0x0000014ea3cf1a30 DEOPT UNPACKING pc=0x0000014ee73569a3 sp=0x0000000e496f9ee8 mode 2
Event: 301.959 Thread 0x0000014ea3cf1a30 Uncommon trap: trap_request=0xffffffde fr.pc=0x0000014ee8690d94 relative=0x0000000000004214
Event: 301.959 Thread 0x0000014ea3cf1a30 Uncommon trap: reason=class_check action=maybe_recompile pc=0x0000014ee8690d94 method=org.gradle.internal.vfs.impl.DefaultFileSystemAccess.snapshot(Ljava/lang/String;Lorg/gradle/internal/snapshot/SnapshottingFilter;)Ljava/util/Optional; @ 21 c2
Event: 301.959 Thread 0x0000014ea3cf1a30 DEOPT PACKING pc=0x0000014ee8690d94 sp=0x0000000e496fb160
Event: 301.959 Thread 0x0000014ea3cf1a30 DEOPT UNPACKING pc=0x0000014ee73569a3 sp=0x0000000e496fb1c8 mode 2
Event: 301.965 Thread 0x0000014ea3cf1a30 Uncommon trap: trap_request=0xffffffde fr.pc=0x0000014ee8690d94 relative=0x0000000000004214
Event: 301.965 Thread 0x0000014ea3cf1a30 Uncommon trap: reason=class_check action=maybe_recompile pc=0x0000014ee8690d94 method=org.gradle.internal.vfs.impl.DefaultFileSystemAccess.snapshot(Ljava/lang/String;Lorg/gradle/internal/snapshot/SnapshottingFilter;)Ljava/util/Optional; @ 21 c2
Event: 301.965 Thread 0x0000014ea3cf1a30 DEOPT PACKING pc=0x0000014ee8690d94 sp=0x0000000e496fb160
Event: 301.965 Thread 0x0000014ea3cf1a30 DEOPT UNPACKING pc=0x0000014ee73569a3 sp=0x0000000e496fb1c8 mode 2

Classes loaded (20 events):
Event: 301.014 Loading class java/util/ImmutableCollections$Access$1
Event: 301.014 Loading class jdk/internal/access/JavaUtilCollectionAccess
Event: 301.014 Loading class jdk/internal/access/JavaUtilCollectionAccess done
Event: 301.014 Loading class java/util/ImmutableCollections$Access$1 done
Event: 301.298 Loading class java/text/BreakIterator
Event: 301.299 Loading class java/text/BreakIterator done
Event: 301.325 Loading class java/util/regex/Pattern$Pos
Event: 301.325 Loading class java/util/regex/Pattern$Pos done
Event: 301.330 Loading class java/util/function/ToIntBiFunction
Event: 301.330 Loading class java/util/function/ToIntBiFunction done
Event: 301.332 Loading class java/nio/file/Path$1
Event: 301.333 Loading class java/nio/file/Path$1 done
Event: 301.466 Loading class java/text/MessageFormat
Event: 301.466 Loading class java/text/MessageFormat done
Event: 301.467 Loading class java/text/MessageFormat$Field
Event: 301.467 Loading class java/text/MessageFormat$Field done
Event: 301.470 Loading class java/util/EnumMap$Values
Event: 301.470 Loading class java/util/EnumMap$Values done
Event: 301.470 Loading class java/util/EnumMap$ValueIterator
Event: 301.470 Loading class java/util/EnumMap$ValueIterator done

Classes unloaded (20 events):
Event: 303.650 Thread 0x0000014ef5ff30f0 Unloading class 0x0000014e82643800 'jdk/internal/jimage/ImageHeader'
Event: 303.650 Thread 0x0000014ef5ff30f0 Unloading class 0x0000014e82642dc8 'jdk/internal/jimage/BasicImageReader$2'
Event: 303.650 Thread 0x0000014ef5ff30f0 Unloading class 0x0000014e82642b98 'jdk/internal/jimage/BasicImageReader$1'
Event: 303.650 Thread 0x0000014ef5ff30f0 Unloading class 0x0000014e82642930 'jdk/internal/jimage/ImageReader$Resource'
Event: 303.650 Thread 0x0000014ef5ff30f0 Unloading class 0x0000014e826426c8 'jdk/internal/jimage/ImageReader$LinkNode'
Event: 303.650 Thread 0x0000014ef5ff30f0 Unloading class 0x0000014e82642460 'jdk/internal/jimage/ImageReader$Directory'
Event: 303.650 Thread 0x0000014ef5ff30f0 Unloading class 0x0000014e826421f8 'jdk/internal/jimage/ImageReader$Node'
Event: 303.650 Thread 0x0000014ef5ff30f0 Unloading class 0x0000014e82642000 'jdk/internal/jimage/ImageStrings'
Event: 303.650 Thread 0x0000014ef5ff30f0 Unloading class 0x0000014e82641b50 'jdk/internal/jimage/ImageReader$SharedImageReader'
Event: 303.650 Thread 0x0000014ef5ff30f0 Unloading class 0x0000014e82641890 'jdk/internal/jimage/BasicImageReader'
Event: 303.650 Thread 0x0000014ef5ff30f0 Unloading class 0x0000014e82641670 'jdk/internal/jimage/ImageReader'
Event: 303.650 Thread 0x0000014ef5ff30f0 Unloading class 0x0000014e82641448 'jdk/internal/jrtfs/SystemImage$2'
Event: 303.650 Thread 0x0000014ef5ff30f0 Unloading class 0x0000014e82641230 'jdk/internal/jrtfs/SystemImage$$Lambda$3171+0x0000014e82641230'
Event: 303.650 Thread 0x0000014ef5ff30f0 Unloading class 0x0000014e82641000 'jdk/internal/jrtfs/ExplodedImage'
Event: 303.650 Thread 0x0000014ef5ff30f0 Unloading class 0x0000014e82640dc8 'jdk/internal/jrtfs/SystemImage$1'
Event: 303.650 Thread 0x0000014ef5ff30f0 Unloading class 0x0000014e82640bb0 'jdk/internal/jrtfs/SystemImage'
Event: 303.650 Thread 0x0000014ef5ff30f0 Unloading class 0x0000014e82640950 'jdk/internal/jrtfs/JrtFileStore'
Event: 303.650 Thread 0x0000014ef5ff30f0 Unloading class 0x0000014e826405d8 'jdk/internal/jrtfs/JrtPath'
Event: 303.650 Thread 0x0000014ef5ff30f0 Unloading class 0x0000014e826402e0 'jdk/internal/jrtfs/JrtFileSystem'
Event: 303.650 Thread 0x0000014ef5ff30f0 Unloading class 0x0000014e82640000 'jdk/internal/jrtfs/JrtFileSystemProvider'

Classes redefined (0 events):
No events

Internal exceptions (20 events):
Event: 301.362 Thread 0x0000014ea3cf1a30 Exception <a 'sun/nio/fs/WindowsException'{0x00000000c087e2b0}> (0x00000000c087e2b0) 
thrown [s\src\hotspot\share\prims\jni.cpp, line 516]
Event: 301.362 Thread 0x0000014ea3cf1a30 Exception <a 'sun/nio/fs/WindowsException'{0x00000000c087f848}> (0x00000000c087f848) 
thrown [s\src\hotspot\share\prims\jni.cpp, line 516]
Event: 301.368 Thread 0x0000014ea3cf1a30 Exception <a 'java/lang/NoSuchMethodError'{0x00000000c08a9698}: 'int java.lang.invoke.DirectMethodHandle$Holder.invokeVirtual(java.lang.Object, java.lang.Object, java.lang.Object, java.lang.Object)'> (0x00000000c08a9698) 
thrown [s\src\hotspot\share\interpreter\linkResolver.cpp, line 759]
Event: 301.394 Thread 0x0000014ea3cf1a30 Exception <a 'sun/nio/fs/WindowsException'{0x00000000c07924a0}> (0x00000000c07924a0) 
thrown [s\src\hotspot\share\prims\jni.cpp, line 516]
Event: 301.398 Thread 0x0000014ea3cf1a30 Exception <a 'sun/nio/fs/WindowsException'{0x00000000c07a8a50}> (0x00000000c07a8a50) 
thrown [s\src\hotspot\share\prims\jni.cpp, line 516]
Event: 301.415 Thread 0x0000014ea3cf1a30 Exception <a 'sun/nio/fs/WindowsException'{0x00000000c064abd0}> (0x00000000c064abd0) 
thrown [s\src\hotspot\share\prims\jni.cpp, line 516]
Event: 301.417 Thread 0x0000014ea3cf1a30 Exception <a 'sun/nio/fs/WindowsException'{0x00000000c06586a8}> (0x00000000c06586a8) 
thrown [s\src\hotspot\share\prims\jni.cpp, line 516]
Event: 301.428 Thread 0x0000014ea3cf1a30 Exception <a 'java/lang/NoSuchMethodError'{0x00000000c06e83d0}: 'java.lang.Object java.lang.invoke.DirectMethodHandle$Holder.newInvokeSpecial(java.lang.Object, java.lang.Object, java.lang.Object, java.lang.Object, java.lang.Object, java.lang.Object, java.lang.Object, int)'> (0x00000000c06e83d0) 
thrown [s\src\hotspot\share\interpreter\linkResolver.cpp, line 759]
Event: 301.428 Thread 0x0000014ea3cf1a30 Exception <a 'java/lang/NoSuchMethodError'{0x00000000c06ee618}: 'java.lang.Object java.lang.invoke.DirectMethodHandle$Holder.invokeSpecial(java.lang.Object, java.lang.Object, java.lang.Object, java.lang.Object, java.lang.Object, java.lang.Object, java.lang.Object, java.lang.Object, int)'> (0x00000000c06ee618) 
thrown [s\src\hotspot\share\interpreter\linkResolver.cpp, line 759]
Event: 301.428 Thread 0x0000014ea3cf1a30 Exception <a 'java/lang/NoSuchMethodError'{0x00000000c06f4330}: 'java.lang.Object java.lang.invoke.Invokers$Holder.linkToTargetMethod(java.lang.Object, java.lang.Object, java.lang.Object, java.lang.Object, java.lang.Object, java.lang.Object, int, java.lang.Object)'> (0x00000000c06f4330) 
thrown [s\src\hotspot\share\interpreter\linkResolver.cpp, line 759]
Event: 301.435 Thread 0x0000014ea3cf1a30 Exception <a 'sun/nio/fs/WindowsException'{0x00000000c053b8f0}> (0x00000000c053b8f0) 
thrown [s\src\hotspot\share\prims\jni.cpp, line 516]
Event: 301.448 Thread 0x0000014ea3cf1a30 Exception <a 'sun/nio/fs/WindowsException'{0x00000000c05b9410}> (0x00000000c05b9410) 
thrown [s\src\hotspot\share\prims\jni.cpp, line 516]
Event: 301.449 Thread 0x0000014ea3cf1a30 Exception <a 'sun/nio/fs/WindowsException'{0x00000000c05c1d90}> (0x00000000c05c1d90) 
thrown [s\src\hotspot\share\prims\jni.cpp, line 516]
Event: 301.452 Thread 0x0000014ea3cf1a30 Exception <a 'sun/nio/fs/WindowsException'{0x00000000c05cfb78}> (0x00000000c05cfb78) 
thrown [s\src\hotspot\share\prims\jni.cpp, line 516]
Event: 301.805 Thread 0x0000014ea3cf1a30 Exception <a 'sun/nio/fs/WindowsException'{0x00000000c0fa0260}> (0x00000000c0fa0260) 
thrown [s\src\hotspot\share\prims\jni.cpp, line 516]
Event: 301.818 Thread 0x0000014ea3cf1a30 Exception <a 'java/lang/NoSuchMethodError'{0x00000000c0ee7ab8}: static Lkotlin/InitializedLazyImpl;.<clinit>()V> (0x00000000c0ee7ab8) 
thrown [s\src\hotspot\share\prims\jni.cpp, line 1112]
Event: 301.834 Thread 0x0000014efde1c5f0 Exception <a 'sun/nio/fs/WindowsException'{0x00000000c0dd3b50}> (0x00000000c0dd3b50) 
thrown [s\src\hotspot\share\prims\jni.cpp, line 516]
Event: 301.834 Thread 0x0000014efde1c5f0 Exception <a 'sun/nio/fs/WindowsException'{0x00000000c0dd3df8}> (0x00000000c0dd3df8) 
thrown [s\src\hotspot\share\prims\jni.cpp, line 516]
Event: 301.834 Thread 0x0000014efde1c5f0 Exception <a 'sun/nio/fs/WindowsException'{0x00000000c0dd4008}> (0x00000000c0dd4008) 
thrown [s\src\hotspot\share\prims\jni.cpp, line 516]
Event: 302.546 Thread 0x0000014ea3cf1a30 Exception <a 'java/lang/NoSuchMethodError'{0x00000000c09f9e68}: static Ljava/lang/Object;.<clinit>()V> (0x00000000c09f9e68) 
thrown [s\src\hotspot\share\prims\jni.cpp, line 1112]

VM Operations (20 events):
Event: 301.391 Executing VM operation: HandshakeAllThreads done
Event: 301.407 Executing VM operation: ICBufferFull
Event: 301.407 Executing VM operation: ICBufferFull done
Event: 301.645 Executing VM operation: G1CollectForAllocation
Event: 301.653 Executing VM operation: G1CollectForAllocation done
Event: 301.737 Executing VM operation: G1CollectForAllocation
Event: 301.745 Executing VM operation: G1CollectForAllocation done
Event: 301.804 Executing VM operation: HandshakeAllThreads
Event: 301.804 Executing VM operation: HandshakeAllThreads done
Event: 301.842 Executing VM operation: HandshakeAllThreads
Event: 301.842 Executing VM operation: HandshakeAllThreads done
Event: 301.857 Executing VM operation: HandshakeAllThreads
Event: 301.857 Executing VM operation: HandshakeAllThreads done
Event: 301.860 Executing VM operation: HandshakeAllThreads
Event: 301.861 Executing VM operation: HandshakeAllThreads done
Event: 301.992 Executing VM operation: G1CollectForAllocation
Event: 301.998 Executing VM operation: G1CollectForAllocation done
Event: 302.096 Executing VM operation: G1CollectForAllocation
Event: 302.153 Executing VM operation: G1CollectForAllocation done
Event: 303.644 Executing VM operation: G1PauseRemark

Memory protections (0 events):
No events

Nmethod flushes (20 events):
Event: 301.215 Thread 0x0000014ef6023d30 flushing  nmethod 0x0000014ee25c3b10
Event: 301.215 Thread 0x0000014ef6023d30 flushing  nmethod 0x0000014ee25c4a90
Event: 301.215 Thread 0x0000014ef6023d30 flushing  nmethod 0x0000014ee25c8010
Event: 301.215 Thread 0x0000014ef6023d30 flushing  nmethod 0x0000014ee25cb410
Event: 301.215 Thread 0x0000014ef6023d30 flushing  nmethod 0x0000014ee25d4710
Event: 301.215 Thread 0x0000014ef6023d30 flushing  nmethod 0x0000014ee25ed110
Event: 301.215 Thread 0x0000014ef6023d30 flushing  nmethod 0x0000014ee25ee190
Event: 301.215 Thread 0x0000014ef6023d30 flushing  nmethod 0x0000014ee25ee610
Event: 301.215 Thread 0x0000014ef6023d30 flushing  nmethod 0x0000014ee2604910
Event: 301.215 Thread 0x0000014ef6023d30 flushing  nmethod 0x0000014ee2605d90
Event: 301.215 Thread 0x0000014ef6023d30 flushing  nmethod 0x0000014ee2609810
Event: 301.215 Thread 0x0000014ef6023d30 flushing  nmethod 0x0000014ee260c990
Event: 301.215 Thread 0x0000014ef6023d30 flushing  nmethod 0x0000014ee2610210
Event: 301.215 Thread 0x0000014ef6023d30 flushing  nmethod 0x0000014ee2611790
Event: 301.215 Thread 0x0000014ef6023d30 flushing  nmethod 0x0000014ee2611d10
Event: 301.215 Thread 0x0000014ef6023d30 flushing  nmethod 0x0000014ee2617f10
Event: 301.215 Thread 0x0000014ef6023d30 flushing  nmethod 0x0000014ee2618390
Event: 301.216 Thread 0x0000014ef6023d30 flushing  nmethod 0x0000014ee2627190
Event: 301.216 Thread 0x0000014ef6023d30 flushing  nmethod 0x0000014ee2627c90
Event: 301.216 Thread 0x0000014ef6023d30 flushing  nmethod 0x0000014ee262bd10

Events (20 events):
Event: 277.370 Thread 0x0000014ea36ec920 Thread exited: 0x0000014ea36ec920
Event: 277.721 Thread 0x0000014ef6022410 Thread added: 0x0000014ea36ebe80
Event: 278.452 Thread 0x0000014ea36ebe80 Thread exited: 0x0000014ea36ebe80
Event: 278.473 Thread 0x0000014ef6022410 Thread added: 0x0000014ea36ebe80
Event: 280.249 Thread 0x0000014efc5f7d30 Thread added: 0x0000014ea54109b0
Event: 280.459 Thread 0x0000014ea36ebe80 Thread exited: 0x0000014ea36ebe80
Event: 283.745 Thread 0x0000014ef6022410 Thread added: 0x0000014ea2b117e0
Event: 284.269 Thread 0x0000014ea2b117e0 Thread exited: 0x0000014ea2b117e0
Event: 284.316 Thread 0x0000014ef6022410 Thread added: 0x0000014ea2b117e0
Event: 285.403 Thread 0x0000014efb60a400 Thread added: 0x0000014ea3cf1a30
Event: 285.410 Thread 0x0000014ea3cf1a30 Thread added: 0x0000014ea5d920b0
Event: 286.321 Thread 0x0000014ea2b117e0 Thread exited: 0x0000014ea2b117e0
Event: 289.384 Thread 0x0000014ef6019a40 Thread added: 0x0000014ea59ea040
Event: 290.387 Thread 0x0000014ea59ea040 Thread exited: 0x0000014ea59ea040
Event: 290.916 Thread 0x0000014ef6022410 Thread added: 0x0000014ea2fd6380
Event: 291.514 Thread 0x0000014ea2fd6380 Thread exited: 0x0000014ea2fd6380
Event: 298.298 Thread 0x0000014ea3cf1a30 Thread added: 0x0000014ea369ec40
Event: 300.876 Thread 0x0000014ef6019a40 Thread added: 0x0000014ea3da7ab0
Event: 301.620 Thread 0x0000014ea3cf1a30 Thread added: 0x0000014ea365ea80
Event: 301.630 Thread 0x0000014ea3da7ab0 Thread exited: 0x0000014ea3da7ab0


Dynamic libraries:
0x00007ff670970000 - 0x00007ff67097e000 	E:\android_studio\java_17\jdk-17.0.18+8\bin\java.exe
0x00007ffc60b80000 - 0x00007ffc60de7000 	C:\WINDOWS\SYSTEM32\ntdll.dll
0x00007ffc602a0000 - 0x00007ffc60369000 	C:\WINDOWS\System32\KERNEL32.DLL
0x00007ffc5dfa0000 - 0x00007ffc5e397000 	C:\WINDOWS\System32\KERNELBASE.dll
0x00007ffc5e450000 - 0x00007ffc5e59b000 	C:\WINDOWS\System32\ucrtbase.dll
0x00007ffc31a10000 - 0x00007ffc31a2e000 	E:\android_studio\java_17\jdk-17.0.18+8\bin\VCRUNTIME140.dll
0x00007ffc331a0000 - 0x00007ffc331b8000 	E:\android_studio\java_17\jdk-17.0.18+8\bin\jli.dll
0x00007ffc5faa0000 - 0x00007ffc5fc66000 	C:\WINDOWS\System32\USER32.dll
0x00007ffc46d70000 - 0x00007ffc47002000 	C:\WINDOWS\WinSxS\amd64_microsoft.windows.common-controls_6595b64144ccf1df_6.0.26100.8328_none_3e08182ce334b678\COMCTL32.dll
0x00007ffc5d640000 - 0x00007ffc5d667000 	C:\WINDOWS\System32\win32u.dll
0x00007ffc5f880000 - 0x00007ffc5f929000 	C:\WINDOWS\System32\msvcrt.dll
0x00007ffc60800000 - 0x00007ffc6082b000 	C:\WINDOWS\System32\GDI32.dll
0x00007ffc5e650000 - 0x00007ffc5e77c000 	C:\WINDOWS\System32\gdi32full.dll
0x00007ffc5e3a0000 - 0x00007ffc5e443000 	C:\WINDOWS\System32\msvcp_win.dll
0x00007ffc5f420000 - 0x00007ffc5f452000 	C:\WINDOWS\System32\IMM32.DLL
0x00007ffc58a50000 - 0x00007ffc58a5c000 	E:\android_studio\java_17\jdk-17.0.18+8\bin\vcruntime140_1.dll
0x00007ffbf6550000 - 0x00007ffbf65dd000 	E:\android_studio\java_17\jdk-17.0.18+8\bin\msvcp140.dll
0x00007ffb7a340000 - 0x00007ffb7afab000 	E:\android_studio\java_17\jdk-17.0.18+8\bin\server\jvm.dll
0x00007ffc60830000 - 0x00007ffc608e6000 	C:\WINDOWS\System32\ADVAPI32.dll
0x00007ffc5f370000 - 0x00007ffc5f417000 	C:\WINDOWS\System32\sechost.dll
0x00007ffc5f930000 - 0x00007ffc5fa48000 	C:\WINDOWS\System32\RPCRT4.dll
0x00007ffc5f7e0000 - 0x00007ffc5f860000 	C:\WINDOWS\System32\WS2_32.dll
0x00007ffc5d430000 - 0x00007ffc5d48e000 	C:\WINDOWS\SYSTEM32\POWRPROF.dll
0x00007ffc55a90000 - 0x00007ffc55ac6000 	C:\WINDOWS\SYSTEM32\WINMM.dll
0x00007ffc56820000 - 0x00007ffc5682b000 	C:\WINDOWS\SYSTEM32\VERSION.dll
0x00007ffc5d410000 - 0x00007ffc5d424000 	C:\WINDOWS\SYSTEM32\UMPDC.dll
0x00007ffc5c320000 - 0x00007ffc5c33b000 	C:\WINDOWS\SYSTEM32\kernel.appcore.dll
0x00007ffc4f020000 - 0x00007ffc4f02a000 	E:\android_studio\java_17\jdk-17.0.18+8\bin\jimage.dll
0x00007ffc5b5a0000 - 0x00007ffc5b7e2000 	C:\WINDOWS\SYSTEM32\DBGHELP.DLL
0x00007ffc5fd80000 - 0x00007ffc60103000 	C:\WINDOWS\System32\combase.dll
0x00007ffc5f640000 - 0x00007ffc5f719000 	C:\WINDOWS\System32\OLEAUT32.dll
0x00007ffc41f60000 - 0x00007ffc41f9b000 	C:\WINDOWS\SYSTEM32\dbgcore.DLL
0x00007ffc5e5a0000 - 0x00007ffc5e648000 	C:\WINDOWS\System32\bcryptPrimitives.dll
0x00007ffc3ccd0000 - 0x00007ffc3ccde000 	E:\android_studio\java_17\jdk-17.0.18+8\bin\instrument.dll
0x00007ffc2c1b0000 - 0x00007ffc2c1d5000 	E:\android_studio\java_17\jdk-17.0.18+8\bin\java.dll
0x00007ffbce4a0000 - 0x00007ffbce577000 	E:\android_studio\java_17\jdk-17.0.18+8\bin\jsvml.dll
0x00007ffc5eb20000 - 0x00007ffc5f28e000 	C:\WINDOWS\System32\SHELL32.dll
0x00007ffc5d730000 - 0x00007ffc5df9c000 	C:\WINDOWS\System32\windows.storage.dll
0x00007ffc5fc80000 - 0x00007ffc5fd76000 	C:\WINDOWS\System32\SHCORE.dll
0x00007ffc5f2a0000 - 0x00007ffc5f306000 	C:\WINDOWS\System32\shlwapi.dll
0x00007ffc5d4d0000 - 0x00007ffc5d4f9000 	C:\WINDOWS\SYSTEM32\profapi.dll
0x00007ffc2a630000 - 0x00007ffc2a648000 	E:\android_studio\java_17\jdk-17.0.18+8\bin\zip.dll
0x00007ffc2cef0000 - 0x00007ffc2cf0a000 	E:\android_studio\java_17\jdk-17.0.18+8\bin\net.dll
0x00007ffc55cf0000 - 0x00007ffc55e19000 	C:\WINDOWS\SYSTEM32\WINHTTP.dll
0x00007ffc5c920000 - 0x00007ffc5c98c000 	C:\WINDOWS\system32\mswsock.dll
0x00007ffc2be70000 - 0x00007ffc2be86000 	E:\android_studio\java_17\jdk-17.0.18+8\bin\nio.dll
0x00007ffc44bb0000 - 0x00007ffc44bc0000 	E:\android_studio\java_17\jdk-17.0.18+8\bin\verify.dll
0x00007ffc26b20000 - 0x00007ffc26b47000 	E:\GradleCache\native\1def1411415f61bf3af743bc5b6707747c0891f09f0c88961ee8f79bc544acac\windows-amd64\native-platform.dll
0x00007ffbf4360000 - 0x00007ffbf43d7000 	E:\GradleCache\native\0.2.8\x86_64-windows-gnu\gradle-fileevents.dll
0x00007ffc453e0000 - 0x00007ffc453ea000 	E:\android_studio\java_17\jdk-17.0.18+8\bin\management.dll
0x00007ffc453b0000 - 0x00007ffc453bc000 	E:\android_studio\java_17\jdk-17.0.18+8\bin\management_ext.dll
0x00007ffc5eb10000 - 0x00007ffc5eb18000 	C:\WINDOWS\System32\PSAPI.DLL
0x00007ffc5bd00000 - 0x00007ffc5bd32000 	C:\WINDOWS\SYSTEM32\IPHLPAPI.DLL
0x00007ffc5f870000 - 0x00007ffc5f87a000 	C:\WINDOWS\System32\NSI.dll
0x00007ffc565e0000 - 0x00007ffc565fd000 	C:\WINDOWS\SYSTEM32\dhcpcsvc6.DLL
0x00007ffc56230000 - 0x00007ffc56255000 	C:\WINDOWS\SYSTEM32\dhcpcsvc.DLL
0x00007ffc5bdf0000 - 0x00007ffc5bf22000 	C:\WINDOWS\SYSTEM32\DNSAPI.dll
0x00007ffc42430000 - 0x00007ffc42439000 	E:\android_studio\java_17\jdk-17.0.18+8\bin\extnet.dll
0x00007ffc5cc00000 - 0x00007ffc5cc1b000 	C:\WINDOWS\SYSTEM32\CRYPTSP.dll
0x00007ffc5c270000 - 0x00007ffc5c2a9000 	C:\WINDOWS\system32\rsaenh.dll
0x00007ffc5c9d0000 - 0x00007ffc5ca03000 	C:\WINDOWS\SYSTEM32\USERENV.dll
0x00007ffc5d4a0000 - 0x00007ffc5d4ca000 	C:\WINDOWS\SYSTEM32\bcrypt.dll
0x00007ffc5cc20000 - 0x00007ffc5cc2c000 	C:\WINDOWS\SYSTEM32\CRYPTBASE.dll
0x00007ffc3c030000 - 0x00007ffc3c03e000 	E:\android_studio\java_17\jdk-17.0.18+8\bin\sunmscapi.dll
0x00007ffc5e780000 - 0x00007ffc5e8f8000 	C:\WINDOWS\System32\CRYPT32.dll
0x00007ffc5ce20000 - 0x00007ffc5ce50000 	C:\WINDOWS\SYSTEM32\ncrypt.dll
0x00007ffc5cdd0000 - 0x00007ffc5ce0f000 	C:\WINDOWS\SYSTEM32\NTASN1.dll
0x00007ffc58950000 - 0x00007ffc58958000 	C:\WINDOWS\system32\wshunix.dll
0x00007ffc454d0000 - 0x00007ffc454d7000 	E:\android_studio\java_17\jdk-17.0.18+8\bin\rmi.dll
0x00007ffc5c4b0000 - 0x00007ffc5c4e6000 	C:\WINDOWS\SYSTEM32\ntmarta.dll

dbghelp: loaded successfully - version: 4.0.5 - missing functions: none
symbol engine: initialized successfully - sym options: 0x614 - pdb path: .;E:\android_studio\java_17\jdk-17.0.18+8\bin;C:\WINDOWS\SYSTEM32;C:\WINDOWS\WinSxS\amd64_microsoft.windows.common-controls_6595b64144ccf1df_6.0.26100.8328_none_3e08182ce334b678;E:\android_studio\java_17\jdk-17.0.18+8\bin\server;E:\GradleCache\native\1def1411415f61bf3af743bc5b6707747c0891f09f0c88961ee8f79bc544acac\windows-amd64;E:\GradleCache\native\0.2.8\x86_64-windows-gnu

VM Arguments:
jvm_args: --add-opens=java.base/java.lang=ALL-UNNAMED --add-opens=java.base/java.lang.invoke=ALL-UNNAMED --add-opens=java.base/java.util=ALL-UNNAMED --add-opens=java.prefs/java.util.prefs=ALL-UNNAMED --add-exports=jdk.compiler/com.sun.tools.javac.api=ALL-UNNAMED --add-exports=jdk.compiler/com.sun.tools.javac.util=ALL-UNNAMED --add-opens=java.base/java.util=ALL-UNNAMED --add-opens=java.prefs/java.util.prefs=ALL-UNNAMED --add-opens=java.base/java.nio.charset=ALL-UNNAMED --add-opens=java.base/java.net=ALL-UNNAMED --add-opens=java.base/java.util.concurrent=ALL-UNNAMED --add-opens=java.base/java.util.concurrent.atomic=ALL-UNNAMED --add-opens=java.xml/javax.xml.namespace=ALL-UNNAMED -XX:MaxMetaspaceSize=512m -Xmx1536m -Dfile.encoding=windows-1252 -Duser.country=IN -Duser.language=en -Duser.variant -javaagent:E:\GradleCache\wrapper\dists\gradle-9.0.0-bin\d6wjpkvcgsg3oed0qlfss3wgl\gradle-9.0.0\lib\agents\gradle-instrumentation-agent-9.0.0.jar 
java_command: org.gradle.launcher.daemon.bootstrap.GradleDaemon 9.0.0
java_class_path (initial): E:\GradleCache\wrapper\dists\gradle-9.0.0-bin\d6wjpkvcgsg3oed0qlfss3wgl\gradle-9.0.0\lib\gradle-daemon-main-9.0.0.jar
Launcher Type: SUN_STANDARD

[Global flags]
     intx CICompilerCount                          = 4                                         {product} {ergonomic}
   size_t CompressedClassSpaceSize                 = 436207616                                 {product} {ergonomic}
     uint ConcGCThreads                            = 3                                         {product} {ergonomic}
     uint G1ConcRefinementThreads                  = 10                                        {product} {ergonomic}
   size_t G1HeapRegionSize                         = 1048576                                   {product} {ergonomic}
    uintx GCDrainStackTargetSize                   = 64                                        {product} {ergonomic}
   size_t InitialHeapSize                          = 98566144                                  {product} {ergonomic}
   size_t MarkStackSize                            = 4194304                                   {product} {ergonomic}
   size_t MaxHeapSize                              = 1610612736                                {product} {command line}
   size_t MaxMetaspaceSize                         = 536870912                                 {product} {command line}
   size_t MaxNewSize                               = 965738496                                 {product} {ergonomic}
   size_t MinHeapDeltaBytes                        = 1048576                                   {product} {ergonomic}
   size_t MinHeapSize                              = 8388608                                   {product} {ergonomic}
    uintx NonNMethodCodeHeapSize                   = 5839372                                {pd product} {ergonomic}
    uintx NonProfiledCodeHeapSize                  = 122909434                              {pd product} {ergonomic}
    uintx ProfiledCodeHeapSize                     = 122909434                              {pd product} {ergonomic}
    uintx ReservedCodeCacheSize                    = 251658240                              {pd product} {ergonomic}
     bool SegmentedCodeCache                       = true                                      {product} {ergonomic}
   size_t SoftMaxHeapSize                          = 1610612736                             {manageable} {ergonomic}
     bool UseCompressedClassPointers               = true                           {product lp64_product} {ergonomic}
     bool UseCompressedOops                        = true                           {product lp64_product} {ergonomic}
     bool UseG1GC                                  = true                                      {product} {ergonomic}
     bool UseLargePagesIndividualAllocation        = false                                  {pd product} {ergonomic}

Logging:
Log output configuration:
 #0: stdout all=warning uptime,level,tags
 #1: stderr all=off uptime,level,tags

Environment Variables:
JAVA_HOME=E:\android_studio\java_17\jdk-17.0.18+8
PATH=C:\Users\dhruv\.codex\tmp\arg0\codex-arg0gdA1JT;C:\Users\dhruv\AppData\Local\Programs\Microsoft VS Code;C:\Windows\system32;C:\Windows;C:\Windows\System32\Wbem;C:\Windows\System32\WindowsPowerShell\v1.0\;C:\Windows\System32\OpenSSH\;C:\Program Files (x86)\NVIDIA Corporation\PhysX\Common;C:\Program Files\NVIDIA Corporation\NVIDIA NvDLISR;C:\WINDOWS\system32;C:\WINDOWS;C:\WINDOWS\System32\Wbem;C:\WINDOWS\System32\WindowsPowerShell\v1.0\;C:\WINDOWS\System32\OpenSSH\;C:\Program Files\nodejs\;C:\ffmpeg\ffmpeg-8.0.1-essentials_build\bin;E:\android_studio\cmdline-tools\latest\bin;E:\android_studio\platform-tools;E:\android_studio\java_17\jdk-17.0.18+8\bin;C:\Program Files\Git\cmd;C:\Program Files\Docker\Docker\resources\bin;C:\Users\dhruv\miniconda3;C:\Users\dhruv\miniconda3\Library\mingw-w64\bin;C:\Users\dhruv\miniconda3\Library\usr\bin;C:\Users\dhruv\miniconda3\Library\bin;C:\Users\dhruv\miniconda3\Scripts;C:\Users\dhruv\AppData\Local\Microsoft\WindowsApps;C:\Users\dhruv\AppData\Local\Programs\Microsoft VS Code\bin;C:\Users\dhruv\AppData\Roaming\npm;C:\ffmpeg\ffmpeg-8.0.1-essentials_build\bin;E:\android_studio\cmdline-tools\bin;;c:\Users\dhruv\.vscode\extensions\openai.chatgpt-26.429.30905-win32-x64\bin\windows-x86_64
USERNAME=dhruv
OS=Windows_NT
PROCESSOR_IDENTIFIER=AMD64 Family 25 Model 80 Stepping 0, AuthenticAMD
TMP=C:\Users\dhruv\AppData\Local\Temp
TEMP=C:\Users\dhruv\AppData\Local\Temp



Periodic native trim disabled


---------------  S Y S T E M  ---------------

OS:
 Windows 11 , 64 bit Build 26100 (10.0.26100.8328)
OS uptime: 0 days 22:10 hours
Hyper-V role detected

CPU: total 12 (initial active 12) (12 cores per cpu, 2 threads per core) family 25 model 80 stepping 0 microcode 0xa50000c, cx8, cmov, fxsr, ht, mmx, 3dnowpref, sse, sse2, sse3, ssse3, sse4a, sse4.1, sse4.2, popcnt, lzcnt, tsc, tscinvbit, avx, avx2, aes, erms, clmul, bmi1, bmi2, adx, sha, fma, vzeroupper, clflush, clflushopt, hv
Processor Information for all 12 processors :
  Max Mhz: 3301, Current Mhz: 3301, Mhz Limit: 3301

Memory: 4k page, system-wide physical 5996M (813M free)
TotalPageFile size 24428M (AvailPageFile size 228M)
current process WorkingSet (physical memory assigned to process): 642M, peak: 742M
current process commit charge ("private bytes"): 1037M, peak: 1322M

vm_info: OpenJDK 64-Bit Server VM (17.0.18+8) for windows-amd64 JRE (17.0.18+8), built on Jan 20 2026 22:28:22 by "admin" with MS VC++ 17.12 (VS2022)

END.
