#
# There is insufficient memory for the Java Runtime Environment to continue.
# Native memory allocation (malloc) failed to allocate 32744 bytes. Error detail: ChunkPool::allocate
# Possible reasons:
#   The system is out of physical RAM or swap space
#   This process is running with CompressedOops enabled, and the Java Heap may be blocking the growth of the native heap
# Possible solutions:
#   Reduce memory load on the system
#   Increase physical memory or swap space
#   Check if swap backing store is full
#   Decrease Java heap size (-Xmx/-Xms)
#   Decrease number of Java threads
#   Decrease Java thread stack sizes (-Xss)
#   Set larger code cache with -XX:ReservedCodeCacheSize=
#   JVM is running with Unscaled Compressed Oops mode in which the Java heap is
#     placed in the first 4GB address space. The Java Heap base address is the
#     maximum limit for the native heap growth. Please use -XX:HeapBaseMinAddress
#     to set the Java Heap base and to place the Java Heap above 4GB virtual address.
# This output file may be truncated or incomplete.
#
#  Out of Memory Error (arena.cpp:79), pid=3044, tid=40572
#
# JRE version: OpenJDK Runtime Environment Temurin-17.0.18+8 (17.0.18+8) (build 17.0.18+8)
# Java VM: OpenJDK 64-Bit Server VM Temurin-17.0.18+8 (17.0.18+8, mixed mode, sharing, tiered, compressed oops, compressed class ptrs, g1 gc, windows-amd64)
# No core dump will be written. Minidumps are not enabled by default on client versions of Windows
#

---------------  S U M M A R Y ------------

Command Line: --add-opens=java.base/java.lang=ALL-UNNAMED --add-opens=java.base/java.lang.invoke=ALL-UNNAMED --add-opens=java.base/java.util=ALL-UNNAMED --add-opens=java.prefs/java.util.prefs=ALL-UNNAMED --add-exports=jdk.compiler/com.sun.tools.javac.api=ALL-UNNAMED --add-exports=jdk.compiler/com.sun.tools.javac.util=ALL-UNNAMED --add-opens=java.base/java.util=ALL-UNNAMED --add-opens=java.prefs/java.util.prefs=ALL-UNNAMED --add-opens=java.base/java.nio.charset=ALL-UNNAMED --add-opens=java.base/java.net=ALL-UNNAMED --add-opens=java.base/java.util.concurrent=ALL-UNNAMED --add-opens=java.base/java.util.concurrent.atomic=ALL-UNNAMED --add-opens=java.xml/javax.xml.namespace=ALL-UNNAMED -XX:MaxMetaspaceSize=512m -Xmx2048m -Dfile.encoding=windows-1252 -Duser.country=IN -Duser.language=en -Duser.variant -javaagent:C:\Users\dhruv\.gradle\wrapper\dists\gradle-9.0.0-bin\d6wjpkvcgsg3oed0qlfss3wgl\gradle-9.0.0\lib\agents\gradle-instrumentation-agent-9.0.0.jar org.gradle.launcher.daemon.bootstrap.GradleDaemon 9.0.0

Host: AMD Ryzen 5 5600H with Radeon Graphics         , 12 cores, 5G,  Windows 11 , 64 bit Build 26100 (10.0.26100.8115)
Time: Mon Apr  6 20:27:34 2026 India Standard Time elapsed time: 124.558211 seconds (0d 0h 2m 4s)

---------------  T H R E A D  ---------------

Current thread (0x000002141e525ff0):  JavaThread "C2 CompilerThread0" daemon [_thread_in_native, id=40572, stack(0x0000003778a00000,0x0000003778b00000)]


Current CompileTask:
C2:124577 11886       4       java.io.DataInputStream::readUTF (501 bytes)

Stack: [0x0000003778a00000,0x0000003778b00000]
Native frames: (J=compiled Java code, j=interpreted, Vv=VM code, C=native code)
V  [jvm.dll+0x6846f9]
V  [jvm.dll+0x839ea5]
V  [jvm.dll+0x83b91e]
V  [jvm.dll+0x83bfa3]
V  [jvm.dll+0x248eff]
V  [jvm.dll+0xad69e]
V  [jvm.dll+0xadb3c]
V  [jvm.dll+0xad5a4]
V  [jvm.dll+0x6dac7c]
V  [jvm.dll+0x594c2f]
V  [jvm.dll+0x57b048]
V  [jvm.dll+0x577bb6]
V  [jvm.dll+0x57a4c7]
V  [jvm.dll+0x579eb6]
V  [jvm.dll+0x5794ee]
V  [jvm.dll+0x5794b5]
V  [jvm.dll+0x579501]
V  [jvm.dll+0x58b53c]
V  [jvm.dll+0x222e84]
V  [jvm.dll+0x21b98f]
V  [jvm.dll+0x2190fe]
V  [jvm.dll+0x1a4920]
V  [jvm.dll+0x22989a]
V  [jvm.dll+0x227a4b]
V  [jvm.dll+0x7f0658]
V  [jvm.dll+0x7eaaec]
V  [jvm.dll+0x6835c7]
C  [ucrtbase.dll+0x37b0]
C  [KERNEL32.DLL+0x2e8d7]
C  [ntdll.dll+0x8c3fc]


---------------  P R O C E S S  ---------------

Threads class SMR info:
_java_thread_list=0x00000214406b0760, length=187, elements={
0x000002147fb486e0, 0x000002141e4fc190, 0x000002141e4fd7d0, 0x000002141e517710,
0x000002141e519ff0, 0x000002141e51b430, 0x000002141e51c870, 0x000002141e525ff0,
0x000002141e52a540, 0x000002141e52b850, 0x000002141e756ed0, 0x000002141e758310,
0x000002141e7573e0, 0x000002141e755fa0, 0x000002141e7564b0, 0x000002141e7569c0,
0x000002141e7578f0, 0x000002141e757e00, 0x000002141e758820, 0x000002141e758d30,
0x000002141e759240, 0x000002143f5c48c0, 0x000002143f5c43b0, 0x000002143f5c7650,
0x000002143f5c8580, 0x000002143f5c7b60, 0x000002143f5c6720, 0x000002143f5c6c30,
0x000002143f5c5d00, 0x000002143f5c8070, 0x000002143f5c57f0, 0x000002143f5c4dd0,
0x000002143f5c8a90, 0x000002143f5c7140, 0x000002143f5c8fa0, 0x000002143f5c94b0,
0x000002143f5c99c0, 0x000002143f5c6210, 0x000002143f5c9ed0, 0x000002143f5ca3e0,
0x000002143f5cb820, 0x000002143f5ca8f0, 0x000002143f5cae00, 0x000002143f5cb310,
0x000002143f5cbd30, 0x0000021441de0b90, 0x0000021441ddf240, 0x0000021441de0170,
0x0000021441de10a0, 0x0000021441ddf750, 0x0000021441ddfc60, 0x0000021441de15b0,
0x0000021441de2f00, 0x0000021441de1fd0, 0x0000021441de3920, 0x0000021441de0680,
0x0000021441de3410, 0x0000021441de5270, 0x0000021441de29f0, 0x0000021441de5c90,
0x0000021441de4850, 0x0000021441de4d60, 0x0000021441de5780, 0x0000021441de4340,
0x0000021441de24e0, 0x0000021441de6bc0, 0x0000021441de61a0, 0x0000021441de66b0,
0x0000021441de3e30, 0x00000214416a58d0, 0x00000214416a3f80, 0x00000214416a4490,
0x00000214416a49a0, 0x00000214416a4eb0, 0x00000214416a3560, 0x00000214416a53c0,
0x00000214416a5de0, 0x00000214416a3a70, 0x00000214416a62f0, 0x00000214416a3050,
0x00000214416a9aa0, 0x00000214416a6d10, 0x00000214416a9fb0, 0x00000214416aa9d0,
0x00000214416a7c40, 0x00000214416a7730, 0x00000214416a8150, 0x00000214416a8660,
0x00000214416a8b70, 0x000002141e9d3ba0, 0x000002141e9d45c0, 0x000002141e9d4ad0,
0x000002141e9d7860, 0x000002141e9d40b0, 0x000002141e9d6930, 0x000002141e9d6e40,
0x000002141e9d4fe0, 0x000002141e9d8790, 0x000002141e9d7d70, 0x000002141e9d54f0,
0x000002141e9d6420, 0x000002141e9d7350, 0x000002141e9d8ca0, 0x000002141e9d8280,
0x000002141e9d91b0, 0x000002141e9d5a00, 0x000002141e9d9bd0, 0x000002141e9d96c0,
0x000002141e9da0e0, 0x000002141e9da5f0, 0x000002141e9dab00, 0x000002141e9db010,
0x000002141e9db520, 0x0000021442e4e150, 0x0000021442e4dc40, 0x0000021442e4d220,
0x0000021442e4f080, 0x0000021442e4d730, 0x0000021442e4ffb0, 0x0000021442e4e660,
0x0000021442e4faa0, 0x0000021442e4c800, 0x0000021442e504c0, 0x0000021442e4cd10,
0x0000021442e53760, 0x0000021442e52320, 0x0000021442e509d0, 0x0000021442e52830,
0x0000021442e52d40, 0x0000021442e54180, 0x00000214422ebf20, 0x00000214422ea5d0,
0x00000214422ea0c0, 0x00000214422ec430, 0x00000214422eaff0, 0x00000214422eaae0,
0x00000214422ec940, 0x00000214422eb500, 0x00000214422eba10, 0x00000214422e9190,
0x00000214422e9bb0, 0x00000214422e96a0, 0x00000214422f00f0, 0x00000214422ece50,
0x00000214422ef6d0, 0x00000214422ee7a0, 0x00000214422f0600, 0x00000214422edd80,
0x00000214422ef1c0, 0x00000214422efbe0, 0x00000214422ed360, 0x00000214422f0b10,
0x00000214422eecb0, 0x00000214422ed870, 0x00000214422ee290, 0x000002141e755a90,
0x00000214416a6800, 0x00000214426a7d80, 0x00000214426a6940, 0x00000214426a96d0,
0x00000214426a7870, 0x00000214426a8cb0, 0x00000214426a87a0, 0x00000214426a8290,
0x00000214426a9be0, 0x00000214426a6e50, 0x00000214426a7360, 0x00000214426a91c0,
0x00000214426a6430, 0x00000214426aa600, 0x00000214426ad390, 0x00000214426ad8a0,
0x00000214426ac970, 0x00000214426aa0f0, 0x00000214426addb0, 0x00000214426ab020,
0x00000214426ab530, 0x00000214426aab10, 0x00000214426ace80, 0x00000214426aba40,
0x00000214426abf50, 0x00000214426ac460, 0x00000214421c9760, 0x00000214421ca690,
0x00000214421c8320, 0x00000214421caba0, 0x00000214421ca180
}

Java Threads: ( => current thread )
  0x000002147fb486e0 JavaThread "main" [_thread_blocked, id=15348, stack(0x0000003777d00000,0x0000003777e00000)]
  0x000002141e4fc190 JavaThread "Reference Handler" daemon [_thread_blocked, id=58800, stack(0x0000003778400000,0x0000003778500000)]
  0x000002141e4fd7d0 JavaThread "Finalizer" daemon [_thread_blocked, id=45220, stack(0x0000003778500000,0x0000003778600000)]
  0x000002141e517710 JavaThread "Signal Dispatcher" daemon [_thread_blocked, id=25692, stack(0x0000003778600000,0x0000003778700000)]
  0x000002141e519ff0 JavaThread "Attach Listener" daemon [_thread_blocked, id=33936, stack(0x0000003778700000,0x0000003778800000)]
  0x000002141e51b430 JavaThread "Service Thread" daemon [_thread_blocked, id=20224, stack(0x0000003778800000,0x0000003778900000)]
  0x000002141e51c870 JavaThread "Monitor Deflation Thread" daemon [_thread_blocked, id=55940, stack(0x0000003778900000,0x0000003778a00000)]
=>0x000002141e525ff0 JavaThread "C2 CompilerThread0" daemon [_thread_in_native, id=40572, stack(0x0000003778a00000,0x0000003778b00000)]
  0x000002141e52a540 JavaThread "C1 CompilerThread0" daemon [_thread_in_native, id=20264, stack(0x0000003778b00000,0x0000003778c00000)]
  0x000002141e52b850 JavaThread "Sweeper thread" daemon [_thread_blocked, id=63532, stack(0x0000003778c00000,0x0000003778d00000)]
  0x000002141e756ed0 JavaThread "Common-Cleaner" daemon [_thread_blocked, id=13344, stack(0x0000003778d00000,0x0000003778e00000)]
  0x000002141e758310 JavaThread "Notification Thread" daemon [_thread_blocked, id=60880, stack(0x0000003778e00000,0x0000003778f00000)]
  0x000002141e7573e0 JavaThread "Daemon health stats" [_thread_blocked, id=52536, stack(0x0000003779400000,0x0000003779500000)]
  0x000002141e755fa0 JavaThread "Incoming local TCP Connector on port 59568" [_thread_in_native, id=36700, stack(0x0000003779500000,0x0000003779600000)]
  0x000002141e7564b0 JavaThread "Daemon periodic checks" [_thread_blocked, id=10764, stack(0x0000003779600000,0x0000003779700000)]
  0x000002141e7569c0 JavaThread "Daemon" [_thread_blocked, id=26904, stack(0x0000003779700000,0x0000003779800000)]
  0x000002141e7578f0 JavaThread "Handler for socket connection from /127.0.0.1:59568 to /127.0.0.1:59569" [_thread_in_native, id=47040, stack(0x0000003779800000,0x0000003779900000)]
  0x000002141e757e00 JavaThread "Cancel handler" [_thread_blocked, id=12788, stack(0x0000003779900000,0x0000003779a00000)]
  0x000002141e758820 JavaThread "Daemon worker" [_thread_blocked, id=23004, stack(0x0000003779a00000,0x0000003779b00000)]
  0x000002141e758d30 JavaThread "Asynchronous log dispatcher for DefaultDaemonConnection: socket connection from /127.0.0.1:59568 to /127.0.0.1:59569" [_thread_blocked, id=40112, stack(0x0000003779b00000,0x0000003779c00000)]
  0x000002141e759240 JavaThread "Stdin handler" [_thread_blocked, id=60912, stack(0x0000003779c00000,0x0000003779d00000)]
  0x000002143f5c48c0 JavaThread "Daemon client event forwarder" [_thread_blocked, id=40888, stack(0x0000003779d00000,0x0000003779e00000)]
  0x000002143f5c43b0 JavaThread "Cache worker for journal cache (C:\Users\dhruv\.gradle\caches\journal-1)" [_thread_blocked, id=5624, stack(0x000000377a300000,0x000000377a400000)]
  0x000002143f5c7650 JavaThread "File lock request listener" [_thread_in_native, id=5968, stack(0x000000377a400000,0x000000377a500000)]
  0x000002143f5c8580 JavaThread "Cache worker for file hash cache (C:\Users\dhruv\.gradle\caches\9.0.0\fileHashes)" [_thread_blocked, id=51028, stack(0x000000377a500000,0x000000377a600000)]
  0x000002143f5c7b60 JavaThread "File lock release action executor" [_thread_blocked, id=2824, stack(0x000000377a600000,0x000000377a700000)]
  0x000002143f5c6720 JavaThread "Cache worker for file hash cache (E:\visionFrontend\frontend\SpeakingCoach\android\.gradle\9.0.0\fileHashes)" [_thread_blocked, id=50772, stack(0x000000377a900000,0x000000377aa00000)]
  0x000002143f5c6c30 JavaThread "Cache worker for Build Output Cleanup Cache (E:\visionFrontend\frontend\SpeakingCoach\android\.gradle\buildOutputCleanup)" [_thread_blocked, id=41956, stack(0x000000377aa00000,0x000000377ab00000)]
  0x000002143f5c5d00 JavaThread "File watcher server" daemon [_thread_in_native, id=31796, stack(0x000000377ab00000,0x000000377ac00000)]
  0x000002143f5c8070 JavaThread "File watcher consumer" daemon [_thread_blocked, id=20368, stack(0x000000377ac00000,0x000000377ad00000)]
  0x000002143f5c57f0 JavaThread "Cache worker for checksums cache (E:\visionFrontend\frontend\SpeakingCoach\android\.gradle\9.0.0\checksums)" [_thread_blocked, id=46024, stack(0x000000377ad00000,0x000000377ae00000)]
  0x000002143f5c4dd0 JavaThread "Cache worker for file content cache (C:\Users\dhruv\.gradle\caches\9.0.0\fileContent)" [_thread_blocked, id=13728, stack(0x000000377ae00000,0x000000377af00000)]
  0x000002143f5c8a90 JavaThread "Cache worker for cache directory md-supplier (C:\Users\dhruv\.gradle\caches\9.0.0\md-supplier)" [_thread_blocked, id=20240, stack(0x000000377af00000,0x000000377b000000)]
  0x000002143f5c7140 JavaThread "Cache worker for cache directory md-rule (C:\Users\dhruv\.gradle\caches\9.0.0\md-rule)" [_thread_blocked, id=58928, stack(0x000000377b000000,0x000000377b100000)]
  0x000002143f5c8fa0 JavaThread "jar transforms" [_thread_blocked, id=47344, stack(0x000000377b200000,0x000000377b300000)]
  0x000002143f5c94b0 JavaThread "Exec process" [_thread_in_native, id=32804, stack(0x000000377b300000,0x000000377b400000)]
  0x000002143f5c99c0 JavaThread "Exec process Thread 2" [_thread_in_native, id=43880, stack(0x000000377b400000,0x000000377b500000)]
  0x000002143f5c6210 JavaThread "Exec process Thread 3" [_thread_in_native, id=9560, stack(0x000000377b500000,0x000000377b600000)]
  0x000002143f5c9ed0 JavaThread "Cache worker for Build Output Cleanup Cache (E:\visionFrontend\frontend\SpeakingCoach\node_modules\@react-native\gradle-plugin\.gradle\buildOutputCleanup)" [_thread_blocked, id=15272, stack(0x000000377b600000,0x000000377b700000)]
  0x000002143f5ca3e0 JavaThread "Unconstrained build operations" [_thread_blocked, id=17888, stack(0x000000377b700000,0x000000377b800000)]
  0x000002143f5cb820 JavaThread "Unconstrained build operations Thread 2" [_thread_blocked, id=29716, stack(0x000000377b800000,0x000000377b900000)]
  0x000002143f5ca8f0 JavaThread "Unconstrained build operations Thread 3" [_thread_blocked, id=53308, stack(0x000000377b900000,0x000000377ba00000)]
  0x000002143f5cae00 JavaThread "Unconstrained build operations Thread 4" [_thread_blocked, id=3204, stack(0x000000377ba00000,0x000000377bb00000)]
  0x000002143f5cb310 JavaThread "Unconstrained build operations Thread 5" [_thread_blocked, id=55404, stack(0x000000377bb00000,0x000000377bc00000)]
  0x000002143f5cbd30 JavaThread "Unconstrained build operations Thread 6" [_thread_blocked, id=14116, stack(0x000000377bc00000,0x000000377bd00000)]
  0x0000021441de0b90 JavaThread "Cache worker for Build Output Cleanup Cache (E:\visionFrontend\frontend\SpeakingCoach\node_modules\expo-modules-autolinking\android\expo-gradle-plugin\.gradle\buildOutputCleanup)" [_thread_blocked, id=46596, stack(0x000000377bd00000,0x000000377be00000)]
  0x0000021441ddf240 JavaThread "Unconstrained build operations Thread 7" [_thread_blocked, id=59628, stack(0x000000377be00000,0x000000377bf00000)]
  0x0000021441de0170 JavaThread "Unconstrained build operations Thread 8" [_thread_blocked, id=28060, stack(0x000000377bf00000,0x000000377c000000)]
  0x0000021441de10a0 JavaThread "Unconstrained build operations Thread 9" [_thread_blocked, id=21700, stack(0x000000377c000000,0x000000377c100000)]
  0x0000021441ddf750 JavaThread "Unconstrained build operations Thread 10" [_thread_blocked, id=31932, stack(0x000000377c100000,0x000000377c200000)]
  0x0000021441ddfc60 JavaThread "Unconstrained build operations Thread 11" [_thread_blocked, id=35132, stack(0x000000377c200000,0x000000377c300000)]
  0x0000021441de15b0 JavaThread "Unconstrained build operations Thread 12" [_thread_blocked, id=37916, stack(0x000000377c300000,0x000000377c400000)]
  0x0000021441de2f00 JavaThread "Unconstrained build operations Thread 13" [_thread_blocked, id=42476, stack(0x000000377c400000,0x000000377c500000)]
  0x0000021441de1fd0 JavaThread "Unconstrained build operations Thread 14" [_thread_blocked, id=45448, stack(0x000000377c500000,0x000000377c600000)]
  0x0000021441de3920 JavaThread "Unconstrained build operations Thread 15" [_thread_blocked, id=14776, stack(0x000000377c600000,0x000000377c700000)]
  0x0000021441de0680 JavaThread "Unconstrained build operations Thread 16" [_thread_blocked, id=35644, stack(0x000000377c700000,0x000000377c800000)]
  0x0000021441de3410 JavaThread "Unconstrained build operations Thread 17" [_thread_blocked, id=38396, stack(0x000000377c800000,0x000000377c900000)]
  0x0000021441de5270 JavaThread "Unconstrained build operations Thread 18" [_thread_blocked, id=19208, stack(0x000000377c900000,0x000000377ca00000)]
  0x0000021441de29f0 JavaThread "Unconstrained build operations Thread 19" [_thread_blocked, id=55028, stack(0x000000377ca00000,0x000000377cb00000)]
  0x0000021441de5c90 JavaThread "Unconstrained build operations Thread 20" [_thread_blocked, id=34260, stack(0x000000377cb00000,0x000000377cc00000)]
  0x0000021441de4850 JavaThread "Unconstrained build operations Thread 21" [_thread_blocked, id=38624, stack(0x000000377cc00000,0x000000377cd00000)]
  0x0000021441de4d60 JavaThread "Unconstrained build operations Thread 22" [_thread_blocked, id=53472, stack(0x000000377cd00000,0x000000377ce00000)]
  0x0000021441de5780 JavaThread "Unconstrained build operations Thread 23" [_thread_blocked, id=22844, stack(0x000000377ce00000,0x000000377cf00000)]
  0x0000021441de4340 JavaThread "Unconstrained build operations Thread 24" [_thread_blocked, id=48232, stack(0x000000377cf00000,0x000000377d000000)]
  0x0000021441de24e0 JavaThread "Unconstrained build operations Thread 25" [_thread_blocked, id=58528, stack(0x000000377d000000,0x000000377d100000)]
  0x0000021441de6bc0 JavaThread "Unconstrained build operations Thread 26" [_thread_blocked, id=26212, stack(0x000000377d100000,0x000000377d200000)]
  0x0000021441de61a0 JavaThread "Unconstrained build operations Thread 27" [_thread_blocked, id=43912, stack(0x000000377d200000,0x000000377d300000)]
  0x0000021441de66b0 JavaThread "Unconstrained build operations Thread 28" [_thread_blocked, id=24876, stack(0x000000377d300000,0x000000377d400000)]
  0x0000021441de3e30 JavaThread "Unconstrained build operations Thread 29" [_thread_blocked, id=43520, stack(0x000000377d400000,0x000000377d500000)]
  0x00000214416a58d0 JavaThread "Unconstrained build operations Thread 30" [_thread_blocked, id=47476, stack(0x000000377d500000,0x000000377d600000)]
  0x00000214416a3f80 JavaThread "Unconstrained build operations Thread 31" [_thread_blocked, id=61676, stack(0x000000377d600000,0x000000377d700000)]
  0x00000214416a4490 JavaThread "Unconstrained build operations Thread 32" [_thread_blocked, id=36388, stack(0x000000377d700000,0x000000377d800000)]
  0x00000214416a49a0 JavaThread "Unconstrained build operations Thread 33" [_thread_blocked, id=33932, stack(0x000000377d800000,0x000000377d900000)]
  0x00000214416a4eb0 JavaThread "Unconstrained build operations Thread 34" [_thread_blocked, id=24316, stack(0x000000377d900000,0x000000377da00000)]
  0x00000214416a3560 JavaThread "Unconstrained build operations Thread 35" [_thread_blocked, id=19304, stack(0x000000377da00000,0x000000377db00000)]
  0x00000214416a53c0 JavaThread "Unconstrained build operations Thread 36" [_thread_blocked, id=39816, stack(0x000000377db00000,0x000000377dc00000)]
  0x00000214416a5de0 JavaThread "Unconstrained build operations Thread 37" [_thread_blocked, id=18388, stack(0x000000377dc00000,0x000000377dd00000)]
  0x00000214416a3a70 JavaThread "Unconstrained build operations Thread 38" [_thread_blocked, id=60468, stack(0x000000377dd00000,0x000000377de00000)]
  0x00000214416a62f0 JavaThread "Unconstrained build operations Thread 39" [_thread_blocked, id=7728, stack(0x000000377de00000,0x000000377df00000)]
  0x00000214416a3050 JavaThread "build event listener" [_thread_blocked, id=23108, stack(0x000000377df00000,0x000000377e000000)]
  0x00000214416a9aa0 JavaThread "Memory manager" [_thread_blocked, id=15972, stack(0x000000377e000000,0x000000377e100000)]
  0x00000214416a6d10 JavaThread "Unconstrained build operations Thread 40" [_thread_blocked, id=29196, stack(0x000000377e300000,0x000000377e400000)]
  0x00000214416a9fb0 JavaThread "Unconstrained build operations Thread 41" [_thread_blocked, id=14544, stack(0x000000377e400000,0x000000377e500000)]
  0x00000214416aa9d0 JavaThread "Unconstrained build operations Thread 42" [_thread_blocked, id=42896, stack(0x000000377e500000,0x000000377e600000)]
  0x00000214416a7c40 JavaThread "Unconstrained build operations Thread 43" [_thread_blocked, id=55844, stack(0x000000377e600000,0x000000377e700000)]
  0x00000214416a7730 JavaThread "Unconstrained build operations Thread 44" [_thread_blocked, id=26048, stack(0x000000377e700000,0x000000377e800000)]
  0x00000214416a8150 JavaThread "Unconstrained build operations Thread 45" [_thread_blocked, id=32564, stack(0x000000377e800000,0x000000377e900000)]
  0x00000214416a8660 JavaThread "Unconstrained build operations Thread 46" [_thread_blocked, id=40356, stack(0x000000377e900000,0x000000377ea00000)]
  0x00000214416a8b70 JavaThread "Unconstrained build operations Thread 47" [_thread_blocked, id=20924, stack(0x000000377ea00000,0x000000377eb00000)]
  0x000002141e9d3ba0 JavaThread "Unconstrained build operations Thread 48" [_thread_blocked, id=56480, stack(0x000000377eb00000,0x000000377ec00000)]
  0x000002141e9d45c0 JavaThread "Unconstrained build operations Thread 49" [_thread_blocked, id=14276, stack(0x000000377ec00000,0x000000377ed00000)]
  0x000002141e9d4ad0 JavaThread "Unconstrained build operations Thread 50" [_thread_blocked, id=13660, stack(0x000000377ed00000,0x000000377ee00000)]
  0x000002141e9d7860 JavaThread "build event listener" [_thread_blocked, id=16104, stack(0x000000377ee00000,0x000000377ef00000)]
  0x000002141e9d40b0 JavaThread "Unconstrained build operations Thread 51" [_thread_blocked, id=21100, stack(0x000000377f000000,0x000000377f100000)]
  0x000002141e9d6930 JavaThread "Unconstrained build operations Thread 52" [_thread_blocked, id=51944, stack(0x000000377f100000,0x000000377f200000)]
  0x000002141e9d6e40 JavaThread "Unconstrained build operations Thread 53" [_thread_blocked, id=18260, stack(0x000000377f200000,0x000000377f300000)]
  0x000002141e9d4fe0 JavaThread "Unconstrained build operations Thread 54" [_thread_blocked, id=18080, stack(0x000000377f300000,0x000000377f400000)]
  0x000002141e9d8790 JavaThread "Unconstrained build operations Thread 55" [_thread_blocked, id=54584, stack(0x000000377f400000,0x000000377f500000)]
  0x000002141e9d7d70 JavaThread "Unconstrained build operations Thread 56" [_thread_blocked, id=10068, stack(0x000000377f500000,0x000000377f600000)]
  0x000002141e9d54f0 JavaThread "Unconstrained build operations Thread 57" [_thread_blocked, id=55216, stack(0x000000377f600000,0x000000377f700000)]
  0x000002141e9d6420 JavaThread "Unconstrained build operations Thread 58" [_thread_blocked, id=10476, stack(0x000000377f700000,0x000000377f800000)]
  0x000002141e9d7350 JavaThread "Unconstrained build operations Thread 59" [_thread_blocked, id=18304, stack(0x000000377f800000,0x000000377f900000)]
  0x000002141e9d8ca0 JavaThread "Unconstrained build operations Thread 60" [_thread_blocked, id=64288, stack(0x000000377f900000,0x000000377fa00000)]
  0x000002141e9d8280 JavaThread "Unconstrained build operations Thread 61" [_thread_blocked, id=51116, stack(0x000000377fa00000,0x000000377fb00000)]
  0x000002141e9d91b0 JavaThread "Unconstrained build operations Thread 62" [_thread_blocked, id=50112, stack(0x000000377fb00000,0x000000377fc00000)]
  0x000002141e9d5a00 JavaThread "Unconstrained build operations Thread 63" [_thread_blocked, id=47396, stack(0x000000377fc00000,0x000000377fd00000)]
  0x000002141e9d9bd0 JavaThread "Unconstrained build operations Thread 64" [_thread_blocked, id=57136, stack(0x000000377fd00000,0x000000377fe00000)]
  0x000002141e9d96c0 JavaThread "Unconstrained build operations Thread 65" [_thread_blocked, id=32344, stack(0x000000377fe00000,0x000000377ff00000)]
  0x000002141e9da0e0 JavaThread "Unconstrained build operations Thread 66" [_thread_blocked, id=62960, stack(0x000000377ff00000,0x0000003780000000)]
  0x000002141e9da5f0 JavaThread "Unconstrained build operations Thread 67" [_thread_blocked, id=45816, stack(0x0000003700000000,0x0000003700100000)]
  0x000002141e9dab00 JavaThread "Unconstrained build operations Thread 68" [_thread_blocked, id=50168, stack(0x0000003700100000,0x0000003700200000)]
  0x000002141e9db010 JavaThread "Unconstrained build operations Thread 69" [_thread_blocked, id=64004, stack(0x0000003700200000,0x0000003700300000)]
  0x000002141e9db520 JavaThread "Unconstrained build operations Thread 70" [_thread_blocked, id=5544, stack(0x0000003700300000,0x0000003700400000)]
  0x0000021442e4e150 JavaThread "Unconstrained build operations Thread 71" [_thread_blocked, id=49860, stack(0x0000003700400000,0x0000003700500000)]
  0x0000021442e4dc40 JavaThread "Unconstrained build operations Thread 72" [_thread_blocked, id=32684, stack(0x0000003700500000,0x0000003700600000)]
  0x0000021442e4d220 JavaThread "Unconstrained build operations Thread 73" [_thread_blocked, id=2560, stack(0x0000003700600000,0x0000003700700000)]
  0x0000021442e4f080 JavaThread "Unconstrained build operations Thread 74" [_thread_blocked, id=36128, stack(0x0000003700700000,0x0000003700800000)]
  0x0000021442e4d730 JavaThread "ForkJoinPool.commonPool-worker-1" daemon [_thread_blocked, id=3384, stack(0x0000003700900000,0x0000003700a00000)]
  0x0000021442e4ffb0 JavaThread "ForkJoinPool.commonPool-worker-3" daemon [_thread_blocked, id=4136, stack(0x0000003700b00000,0x0000003700c00000)]
  0x0000021442e4e660 JavaThread "ForkJoinPool.commonPool-worker-4" daemon [_thread_blocked, id=18256, stack(0x0000003700c00000,0x0000003700d00000)]
  0x0000021442e4faa0 JavaThread "ForkJoinPool.commonPool-worker-5" daemon [_thread_blocked, id=60240, stack(0x0000003700d00000,0x0000003700e00000)]
  0x0000021442e4c800 JavaThread "ForkJoinPool.commonPool-worker-6" daemon [_thread_blocked, id=25044, stack(0x0000003700e00000,0x0000003700f00000)]
  0x0000021442e504c0 JavaThread "ForkJoinPool.commonPool-worker-8" daemon [_thread_blocked, id=33832, stack(0x0000003700f00000,0x0000003701000000)]
  0x0000021442e4cd10 JavaThread "ForkJoinPool.commonPool-worker-7" daemon [_thread_blocked, id=22964, stack(0x0000003701000000,0x0000003701100000)]
  0x0000021442e53760 JavaThread "ForkJoinPool.commonPool-worker-9" daemon [_thread_blocked, id=63480, stack(0x0000003701100000,0x0000003701200000)]
  0x0000021442e52320 JavaThread "ForkJoinPool.commonPool-worker-10" daemon [_thread_blocked, id=1132, stack(0x0000003701200000,0x0000003701300000)]
  0x0000021442e509d0 JavaThread "ForkJoinPool.commonPool-worker-11" daemon [_thread_blocked, id=27616, stack(0x0000003701300000,0x0000003701400000)]
  0x0000021442e52830 JavaThread "Execution worker" [_thread_blocked, id=49704, stack(0x0000003701900000,0x0000003701a00000)]
  0x0000021442e52d40 JavaThread "Execution worker Thread 2" [_thread_blocked, id=46572, stack(0x0000003701a00000,0x0000003701b00000)]
  0x0000021442e54180 JavaThread "Execution worker Thread 3" [_thread_blocked, id=31944, stack(0x0000003701b00000,0x0000003701c00000)]
  0x00000214422ebf20 JavaThread "Execution worker Thread 4" [_thread_blocked, id=23436, stack(0x0000003701c00000,0x0000003701d00000)]
  0x00000214422ea5d0 JavaThread "Execution worker Thread 5" [_thread_blocked, id=58836, stack(0x0000003701d00000,0x0000003701e00000)]
  0x00000214422ea0c0 JavaThread "Execution worker Thread 6" [_thread_blocked, id=32604, stack(0x0000003701e00000,0x0000003701f00000)]
  0x00000214422ec430 JavaThread "Execution worker Thread 7" [_thread_blocked, id=27832, stack(0x0000003701f00000,0x0000003702000000)]
  0x00000214422eaff0 JavaThread "Execution worker Thread 8" [_thread_blocked, id=31884, stack(0x0000003702000000,0x0000003702100000)]
  0x00000214422eaae0 JavaThread "Execution worker Thread 9" [_thread_blocked, id=50256, stack(0x0000003702100000,0x0000003702200000)]
  0x00000214422ec940 JavaThread "Execution worker Thread 10" [_thread_blocked, id=41948, stack(0x0000003702200000,0x0000003702300000)]
  0x00000214422eb500 JavaThread "Execution worker Thread 11" [_thread_blocked, id=11784, stack(0x0000003702300000,0x0000003702400000)]
  0x00000214422eba10 JavaThread "Cache worker for execution history cache (E:\visionFrontend\frontend\SpeakingCoach\node_modules\@react-native\gradle-plugin\.gradle\9.0.0\executionHistory)" [_thread_blocked, id=42688, stack(0x0000003702400000,0x0000003702500000)]
  0x00000214422e9190 JavaThread "Cache worker for execution history cache (E:\visionFrontend\frontend\SpeakingCoach\node_modules\expo-modules-autolinking\android\expo-gradle-plugin\.gradle\9.0.0\executionHistory)" [_thread_blocked, id=13496, stack(0x0000003702500000,0x0000003702600000)]
  0x00000214422e9bb0 JavaThread "Unconstrained build operations Thread 75" [_thread_blocked, id=17988, stack(0x0000003702600000,0x0000003702700000)]
  0x00000214422e96a0 JavaThread "Unconstrained build operations Thread 76" [_thread_blocked, id=59752, stack(0x0000003702700000,0x0000003702800000)]
  0x00000214422f00f0 JavaThread "Unconstrained build operations Thread 77" [_thread_blocked, id=33016, stack(0x0000003702800000,0x0000003702900000)]
  0x00000214422ece50 JavaThread "Unconstrained build operations Thread 78" [_thread_blocked, id=23008, stack(0x0000003702900000,0x0000003702a00000)]
  0x00000214422ef6d0 JavaThread "Unconstrained build operations Thread 79" [_thread_blocked, id=46716, stack(0x0000003702a00000,0x0000003702b00000)]
  0x00000214422ee7a0 JavaThread "Unconstrained build operations Thread 80" [_thread_blocked, id=62044, stack(0x0000003702b00000,0x0000003702c00000)]
  0x00000214422f0600 JavaThread "Unconstrained build operations Thread 81" [_thread_blocked, id=23856, stack(0x0000003702c00000,0x0000003702d00000)]
  0x00000214422edd80 JavaThread "Unconstrained build operations Thread 82" [_thread_blocked, id=34772, stack(0x0000003702d00000,0x0000003702e00000)]
  0x00000214422ef1c0 JavaThread "Unconstrained build operations Thread 83" [_thread_blocked, id=5604, stack(0x0000003702e00000,0x0000003702f00000)]
  0x00000214422efbe0 JavaThread "Unconstrained build operations Thread 84" [_thread_blocked, id=56652, stack(0x0000003702f00000,0x0000003703000000)]
  0x00000214422ed360 JavaThread "Unconstrained build operations Thread 85" [_thread_blocked, id=7448, stack(0x0000003703000000,0x0000003703100000)]
  0x00000214422f0b10 JavaThread "Unconstrained build operations Thread 86" [_thread_blocked, id=30348, stack(0x0000003700800000,0x0000003700900000)]
  0x00000214422eecb0 JavaThread "Unconstrained build operations Thread 87" [_thread_blocked, id=30556, stack(0x0000003703100000,0x0000003703200000)]
  0x00000214422ed870 JavaThread "Unconstrained build operations Thread 88" [_thread_blocked, id=55212, stack(0x0000003703200000,0x0000003703300000)]
  0x00000214422ee290 JavaThread "Unconstrained build operations Thread 89" [_thread_blocked, id=55812, stack(0x0000003703300000,0x0000003703400000)]
  0x000002141e755a90 JavaThread "Unconstrained build operations Thread 90" [_thread_blocked, id=43084, stack(0x0000003703400000,0x0000003703500000)]
  0x00000214416a6800 JavaThread "Unconstrained build operations Thread 91" [_thread_blocked, id=46904, stack(0x0000003703500000,0x0000003703600000)]
  0x00000214426a7d80 JavaThread "Unconstrained build operations Thread 92" [_thread_blocked, id=48808, stack(0x0000003703600000,0x0000003703700000)]
  0x00000214426a6940 JavaThread "Unconstrained build operations Thread 93" [_thread_blocked, id=59524, stack(0x0000003703700000,0x0000003703800000)]
  0x00000214426a96d0 JavaThread "Unconstrained build operations Thread 94" [_thread_blocked, id=34716, stack(0x0000003703800000,0x0000003703900000)]
  0x00000214426a7870 JavaThread "Unconstrained build operations Thread 95" [_thread_blocked, id=46340, stack(0x0000003703900000,0x0000003703a00000)]
  0x00000214426a8cb0 JavaThread "Unconstrained build operations Thread 96" [_thread_blocked, id=41248, stack(0x0000003703a00000,0x0000003703b00000)]
  0x00000214426a87a0 JavaThread "Unconstrained build operations Thread 97" [_thread_blocked, id=42312, stack(0x0000003703b00000,0x0000003703c00000)]
  0x00000214426a8290 JavaThread "Unconstrained build operations Thread 98" [_thread_blocked, id=57540, stack(0x0000003703c00000,0x0000003703d00000)]
  0x00000214426a9be0 JavaThread "Unconstrained build operations Thread 99" [_thread_blocked, id=20692, stack(0x0000003703d00000,0x0000003703e00000)]
  0x00000214426a6e50 JavaThread "Unconstrained build operations Thread 100" [_thread_blocked, id=52312, stack(0x0000003703e00000,0x0000003703f00000)]
  0x00000214426a7360 JavaThread "Unconstrained build operations Thread 101" [_thread_blocked, id=56092, stack(0x0000003703f00000,0x0000003704000000)]
  0x00000214426a91c0 JavaThread "Unconstrained build operations Thread 102" [_thread_blocked, id=28800, stack(0x0000003704000000,0x0000003704100000)]
  0x00000214426a6430 JavaThread "Unconstrained build operations Thread 103" [_thread_blocked, id=46684, stack(0x0000003704100000,0x0000003704200000)]
  0x00000214426aa600 JavaThread "Unconstrained build operations Thread 104" [_thread_blocked, id=47496, stack(0x0000003704200000,0x0000003704300000)]
  0x00000214426ad390 JavaThread "Unconstrained build operations Thread 105" [_thread_blocked, id=37176, stack(0x0000003704300000,0x0000003704400000)]
  0x00000214426ad8a0 JavaThread "Unconstrained build operations Thread 106" [_thread_blocked, id=18624, stack(0x0000003704400000,0x0000003704500000)]
  0x00000214426ac970 JavaThread "Unconstrained build operations Thread 107" [_thread_blocked, id=24988, stack(0x0000003704500000,0x0000003704600000)]
  0x00000214426aa0f0 JavaThread "Unconstrained build operations Thread 108" [_thread_blocked, id=14540, stack(0x0000003704600000,0x0000003704700000)]
  0x00000214426addb0 JavaThread "Unconstrained build operations Thread 109" [_thread_blocked, id=9604, stack(0x0000003704700000,0x0000003704800000)]
  0x00000214426ab020 JavaThread "Unconstrained build operations Thread 110" [_thread_blocked, id=15144, stack(0x0000003704800000,0x0000003704900000)]
  0x00000214426ab530 JavaThread "Unconstrained build operations Thread 111" [_thread_blocked, id=37536, stack(0x0000003704900000,0x0000003704a00000)]
  0x00000214426aab10 JavaThread "Unconstrained build operations Thread 112" [_thread_blocked, id=26824, stack(0x0000003704a00000,0x0000003704b00000)]
  0x00000214426ace80 JavaThread "Unconstrained build operations Thread 113" [_thread_blocked, id=45748, stack(0x0000003704b00000,0x0000003704c00000)]
  0x00000214426aba40 JavaThread "Unconstrained build operations Thread 114" [_thread_blocked, id=25228, stack(0x0000003704c00000,0x0000003704d00000)]
  0x00000214426abf50 JavaThread "Unconstrained build operations Thread 115" [_thread_blocked, id=49600, stack(0x0000003704d00000,0x0000003704e00000)]
  0x00000214426ac460 JavaThread "Unconstrained build operations Thread 116" [_thread_blocked, id=33836, stack(0x0000003704e00000,0x0000003704f00000)]
  0x00000214421c9760 JavaThread "Unconstrained build operations Thread 117" [_thread_blocked, id=38120, stack(0x0000003704f00000,0x0000003705000000)]
  0x00000214421ca690 JavaThread "Unconstrained build operations Thread 118" [_thread_blocked, id=22468, stack(0x0000003705000000,0x0000003705100000)]
  0x00000214421c8320 JavaThread "Unconstrained build operations Thread 119" [_thread_blocked, id=46756, stack(0x0000003705100000,0x0000003705200000)]
  0x00000214421caba0 JavaThread "Unconstrained build operations Thread 120" [_thread_blocked, id=34616, stack(0x0000003705200000,0x0000003705300000)]
  0x00000214421ca180 JavaThread "jar transforms Thread 2" [_thread_blocked, id=31236, stack(0x0000003705300000,0x0000003705400000)]

Other Threads:
  0x000002141e4f3610 VMThread "VM Thread" [stack: 0x0000003778300000,0x0000003778400000] [id=41132]
  0x000002141e7e5710 WatcherThread [stack: 0x0000003778f00000,0x0000003779000000] [id=52896]
  0x000002147fbabbf0 GCTaskThread "GC Thread#0" [stack: 0x0000003777e00000,0x0000003777f00000] [id=5740]
  0x000002143e282d00 GCTaskThread "GC Thread#1" [stack: 0x0000003779000000,0x0000003779100000] [id=10976]
  0x000002143e0f08d0 GCTaskThread "GC Thread#2" [stack: 0x0000003779100000,0x0000003779200000] [id=43900]
  0x000002143e92d550 GCTaskThread "GC Thread#3" [stack: 0x0000003779200000,0x0000003779300000] [id=39064]
  0x000002143e1f2cd0 GCTaskThread "GC Thread#4" [stack: 0x0000003779300000,0x0000003779400000] [id=22168]
  0x000002143f6afa60 GCTaskThread "GC Thread#5" [stack: 0x0000003779e00000,0x0000003779f00000] [id=36820]
  0x000002143f6c2650 GCTaskThread "GC Thread#6" [stack: 0x0000003779f00000,0x000000377a000000] [id=27156]
  0x000002143f6c2910 GCTaskThread "GC Thread#7" [stack: 0x000000377a000000,0x000000377a100000] [id=55820]
  0x000002143f79a980 GCTaskThread "GC Thread#8" [stack: 0x000000377a100000,0x000000377a200000] [id=61844]
  0x000002143f79ac40 GCTaskThread "GC Thread#9" [stack: 0x000000377a200000,0x000000377a300000] [id=2276]
  0x000002147fbbca50 ConcurrentGCThread "G1 Main Marker" [stack: 0x0000003777f00000,0x0000003778000000] [id=40856]
  0x000002147fbbd380 ConcurrentGCThread "G1 Conc#0" [stack: 0x0000003778000000,0x0000003778100000] [id=41232]
  0x000002143f76bf50 ConcurrentGCThread "G1 Conc#1" [stack: 0x000000377a700000,0x000000377a800000] [id=14100]
  0x000002143f76c790 ConcurrentGCThread "G1 Conc#2" [stack: 0x000000377a800000,0x000000377a900000] [id=62952]
  0x000002147fbfe6a0 ConcurrentGCThread "G1 Refine#0" [stack: 0x0000003778100000,0x0000003778200000] [id=38856]
  0x000002143fdd2ed0 ConcurrentGCThread "G1 Refine#1" [stack: 0x000000377b100000,0x000000377b200000] [id=14516]
  0x000002141e3b2270 ConcurrentGCThread "G1 Service" [stack: 0x0000003778200000,0x0000003778300000] [id=59288]

Threads with active compile tasks:
C2 CompilerThread0  126656 11886       4       java.io.DataInputStream::readUTF (501 bytes)
C1 CompilerThread0  126656 11893       3       java.util.concurrent.ScheduledThreadPoolExecutor$ScheduledFutureTask::getDelay (16 bytes)

VM state: not at safepoint (normal execution)

VM Mutex/Monitor currently owned by a thread: None

Heap address: 0x0000000080000000, size: 2048 MB, Compressed Oops mode: 32-bit

CDS archive(s) mapped at: [0x000002141f000000-0x000002141fbb0000-0x000002141fbb0000), size 12255232, SharedBaseAddress: 0x000002141f000000, ArchiveRelocationMode: 1.
Compressed class space mapped at: 0x0000021420000000-0x000002143a000000, reserved size: 436207616
Narrow klass base: 0x000002141f000000, Narrow klass shift: 0, Narrow klass range: 0x100000000

GC Precious Log:
 CPUs: 12 total, 12 available
 Memory: 5996M
 Large Page Support: Disabled
 NUMA Support: Disabled
 Compressed Oops: Enabled (32-bit)
 Heap Region Size: 1M
 Heap Min Capacity: 8M
 Heap Initial Capacity: 94M
 Heap Max Capacity: 2G
 Pre-touch: Disabled
 Parallel Workers: 10
 Concurrent Workers: 3
 Concurrent Refinement Workers: 10
 Periodic GC: Disabled

Heap:
 garbage-first heap   total 283648K, used 109407K [0x0000000080000000, 0x0000000100000000)
  region size 1024K, 42 young (43008K), 16 survivors (16384K)
 Metaspace       used 78979K, committed 80128K, reserved 557056K
  class space    used 11333K, committed 11904K, reserved 425984K

Heap Regions: E=young(eden), S=young(survivor), O=old, HS=humongous(starts), HC=humongous(continues), CS=collection set, F=free, OA=open archive, CA=closed archive, TAMS=top-at-mark-start (previous, next)
|   0|0x0000000080000000, 0x0000000080100000, 0x0000000080100000|100%|HS|  |TAMS 0x0000000080100000, 0x0000000080000000| Complete 
|   1|0x0000000080100000, 0x0000000080200000, 0x0000000080200000|100%|HC|  |TAMS 0x0000000080200000, 0x0000000080100000| Complete 
|   2|0x0000000080200000, 0x0000000080300000, 0x0000000080300000|100%|HC|  |TAMS 0x0000000080300000, 0x0000000080200000| Complete 
|   3|0x0000000080300000, 0x0000000080400000, 0x0000000080400000|100%| O|  |TAMS 0x0000000080400000, 0x0000000080300000| Untracked 
|   4|0x0000000080400000, 0x0000000080500000, 0x0000000080500000|100%| O|  |TAMS 0x0000000080500000, 0x0000000080400000| Untracked 
|   5|0x0000000080500000, 0x0000000080600000, 0x0000000080600000|100%| O|  |TAMS 0x0000000080600000, 0x0000000080500000| Untracked 
|   6|0x0000000080600000, 0x0000000080700000, 0x0000000080700000|100%|HS|  |TAMS 0x0000000080700000, 0x0000000080600000| Complete 
|   7|0x0000000080700000, 0x0000000080800000, 0x0000000080800000|100%| O|  |TAMS 0x0000000080800000, 0x0000000080700000| Untracked 
|   8|0x0000000080800000, 0x0000000080900000, 0x0000000080900000|100%| O|  |TAMS 0x0000000080900000, 0x0000000080800000| Untracked 
|   9|0x0000000080900000, 0x0000000080a00000, 0x0000000080a00000|100%| O|  |TAMS 0x0000000080a00000, 0x0000000080900000| Untracked 
|  10|0x0000000080a00000, 0x0000000080b00000, 0x0000000080b00000|100%| O|  |TAMS 0x0000000080b00000, 0x0000000080a00000| Untracked 
|  11|0x0000000080b00000, 0x0000000080c00000, 0x0000000080c00000|100%| O|  |TAMS 0x0000000080c00000, 0x0000000080b00000| Untracked 
|  12|0x0000000080c00000, 0x0000000080d00000, 0x0000000080d00000|100%| O|  |TAMS 0x0000000080d00000, 0x0000000080c00000| Untracked 
|  13|0x0000000080d00000, 0x0000000080e00000, 0x0000000080e00000|100%| O|  |TAMS 0x0000000080e00000, 0x0000000080d00000| Untracked 
|  14|0x0000000080e00000, 0x0000000080f00000, 0x0000000080f00000|100%| O|  |TAMS 0x0000000080f00000, 0x0000000080e00000| Untracked 
|  15|0x0000000080f00000, 0x0000000081000000, 0x0000000081000000|100%| O|  |TAMS 0x0000000081000000, 0x0000000080f00000| Untracked 
|  16|0x0000000081000000, 0x0000000081100000, 0x0000000081100000|100%| O|  |TAMS 0x0000000081100000, 0x0000000081000000| Untracked 
|  17|0x0000000081100000, 0x0000000081200000, 0x0000000081200000|100%| O|  |TAMS 0x0000000081200000, 0x0000000081100000| Untracked 
|  18|0x0000000081200000, 0x0000000081300000, 0x0000000081300000|100%| O|  |TAMS 0x0000000081300000, 0x0000000081200000| Untracked 
|  19|0x0000000081300000, 0x0000000081400000, 0x0000000081400000|100%| O|  |TAMS 0x0000000081400000, 0x0000000081300000| Untracked 
|  20|0x0000000081400000, 0x0000000081500000, 0x0000000081500000|100%| O|  |TAMS 0x0000000081500000, 0x0000000081400000| Untracked 
|  21|0x0000000081500000, 0x0000000081600000, 0x0000000081600000|100%| O|  |TAMS 0x0000000081600000, 0x0000000081500000| Untracked 
|  22|0x0000000081600000, 0x0000000081700000, 0x0000000081700000|100%| O|  |TAMS 0x0000000081700000, 0x0000000081600000| Untracked 
|  23|0x0000000081700000, 0x0000000081800000, 0x0000000081800000|100%| O|  |TAMS 0x0000000081800000, 0x0000000081700000| Untracked 
|  24|0x0000000081800000, 0x0000000081900000, 0x0000000081900000|100%| O|  |TAMS 0x0000000081900000, 0x0000000081800000| Untracked 
|  25|0x0000000081900000, 0x0000000081a00000, 0x0000000081a00000|100%| O|  |TAMS 0x0000000081a00000, 0x0000000081900000| Untracked 
|  26|0x0000000081a00000, 0x0000000081b00000, 0x0000000081b00000|100%| O|  |TAMS 0x0000000081b00000, 0x0000000081a00000| Untracked 
|  27|0x0000000081b00000, 0x0000000081c00000, 0x0000000081c00000|100%| O|  |TAMS 0x0000000081c00000, 0x0000000081b00000| Untracked 
|  28|0x0000000081c00000, 0x0000000081d00000, 0x0000000081d00000|100%| O|  |TAMS 0x0000000081d00000, 0x0000000081c00000| Untracked 
|  29|0x0000000081d00000, 0x0000000081e00000, 0x0000000081e00000|100%| O|  |TAMS 0x0000000081e00000, 0x0000000081d00000| Untracked 
|  30|0x0000000081e00000, 0x0000000081f00000, 0x0000000081f00000|100%| O|  |TAMS 0x0000000081f00000, 0x0000000081e00000| Untracked 
|  31|0x0000000081f00000, 0x0000000082000000, 0x0000000082000000|100%| O|  |TAMS 0x0000000082000000, 0x0000000081f00000| Untracked 
|  32|0x0000000082000000, 0x0000000082100000, 0x0000000082100000|100%| O|  |TAMS 0x0000000082100000, 0x0000000082000000| Untracked 
|  33|0x0000000082100000, 0x0000000082200000, 0x0000000082200000|100%| O|  |TAMS 0x0000000082200000, 0x0000000082100000| Untracked 
|  34|0x0000000082200000, 0x0000000082300000, 0x0000000082300000|100%| O|  |TAMS 0x0000000082300000, 0x0000000082200000| Untracked 
|  35|0x0000000082300000, 0x0000000082400000, 0x0000000082400000|100%| O|  |TAMS 0x0000000082400000, 0x0000000082300000| Untracked 
|  36|0x0000000082400000, 0x0000000082500000, 0x0000000082500000|100%| O|  |TAMS 0x0000000082500000, 0x0000000082400000| Untracked 
|  37|0x0000000082500000, 0x0000000082600000, 0x0000000082600000|100%|HS|  |TAMS 0x0000000082600000, 0x0000000082500000| Complete 
|  38|0x0000000082600000, 0x0000000082700000, 0x0000000082700000|100%|HC|  |TAMS 0x0000000082700000, 0x0000000082600000| Complete 
|  39|0x0000000082700000, 0x0000000082800000, 0x0000000082800000|100%|HC|  |TAMS 0x0000000082800000, 0x0000000082700000| Complete 
|  40|0x0000000082800000, 0x0000000082900000, 0x0000000082900000|100%| O|  |TAMS 0x0000000082900000, 0x0000000082800000| Untracked 
|  41|0x0000000082900000, 0x0000000082a00000, 0x0000000082a00000|100%| O|  |TAMS 0x0000000082a00000, 0x0000000082900000| Untracked 
|  42|0x0000000082a00000, 0x0000000082b00000, 0x0000000082b00000|100%| O|  |TAMS 0x0000000082b00000, 0x0000000082a00000| Untracked 
|  43|0x0000000082b00000, 0x0000000082c00000, 0x0000000082c00000|100%|HS|  |TAMS 0x0000000082c00000, 0x0000000082b00000| Complete 
|  44|0x0000000082c00000, 0x0000000082d00000, 0x0000000082d00000|100%|HC|  |TAMS 0x0000000082d00000, 0x0000000082c00000| Complete 
|  45|0x0000000082d00000, 0x0000000082e00000, 0x0000000082e00000|100%|HC|  |TAMS 0x0000000082e00000, 0x0000000082d00000| Complete 
|  46|0x0000000082e00000, 0x0000000082e00000, 0x0000000082f00000|  0%| F|  |TAMS 0x0000000082e00000, 0x0000000082e00000| Untracked 
|  47|0x0000000082f00000, 0x0000000083000000, 0x0000000083000000|100%| O|  |TAMS 0x0000000083000000, 0x0000000082f00000| Untracked 
|  48|0x0000000083000000, 0x0000000083100000, 0x0000000083100000|100%| O|  |TAMS 0x0000000083100000, 0x0000000083000000| Untracked 
|  49|0x0000000083100000, 0x0000000083200000, 0x0000000083200000|100%| O|  |TAMS 0x0000000083200000, 0x0000000083100000| Untracked 
|  50|0x0000000083200000, 0x0000000083300000, 0x0000000083300000|100%| O|  |TAMS 0x0000000083300000, 0x0000000083200000| Untracked 
|  51|0x0000000083300000, 0x0000000083300000, 0x0000000083400000|  0%| F|  |TAMS 0x0000000083300000, 0x0000000083300000| Untracked 
|  52|0x0000000083400000, 0x0000000083500000, 0x0000000083500000|100%| O|  |TAMS 0x0000000083400000, 0x0000000083400000| Untracked 
|  53|0x0000000083500000, 0x0000000083600000, 0x0000000083600000|100%| O|  |TAMS 0x0000000083600000, 0x0000000083500000| Untracked 
|  54|0x0000000083600000, 0x0000000083700000, 0x0000000083700000|100%| O|  |TAMS 0x0000000083700000, 0x0000000083600000| Untracked 
|  55|0x0000000083700000, 0x0000000083800000, 0x0000000083800000|100%| O|  |TAMS 0x0000000083800000, 0x0000000083700000| Untracked 
|  56|0x0000000083800000, 0x0000000083900000, 0x0000000083900000|100%| O|  |TAMS 0x0000000083900000, 0x0000000083800000| Untracked 
|  57|0x0000000083900000, 0x0000000083a00000, 0x0000000083a00000|100%| O|  |TAMS 0x0000000083a00000, 0x0000000083900000| Untracked 
|  58|0x0000000083a00000, 0x0000000083b00000, 0x0000000083b00000|100%| O|  |TAMS 0x0000000083b00000, 0x0000000083a00000| Untracked 
|  59|0x0000000083b00000, 0x0000000083c00000, 0x0000000083c00000|100%| O|  |TAMS 0x0000000083c00000, 0x0000000083b00000| Untracked 
|  60|0x0000000083c00000, 0x0000000083d00000, 0x0000000083d00000|100%| O|  |TAMS 0x0000000083d00000, 0x0000000083c00000| Untracked 
|  61|0x0000000083d00000, 0x0000000083e00000, 0x0000000083e00000|100%| O|  |TAMS 0x0000000083e00000, 0x0000000083d00000| Untracked 
|  62|0x0000000083e00000, 0x0000000083f00000, 0x0000000083f00000|100%| O|  |TAMS 0x0000000083f00000, 0x0000000083e00000| Untracked 
|  63|0x0000000083f00000, 0x0000000084000000, 0x0000000084000000|100%| O|  |TAMS 0x0000000084000000, 0x0000000083f00000| Untracked 
|  64|0x0000000084000000, 0x0000000084100000, 0x0000000084100000|100%| O|  |TAMS 0x00000000840ae600, 0x0000000084000000| Untracked 
|  65|0x0000000084100000, 0x0000000084200000, 0x0000000084200000|100%| O|  |TAMS 0x0000000084100000, 0x0000000084100000| Untracked 
|  66|0x0000000084200000, 0x0000000084300000, 0x0000000084300000|100%| O|  |TAMS 0x0000000084200000, 0x0000000084200000| Untracked 
|  67|0x0000000084300000, 0x0000000084400000, 0x0000000084400000|100%| O|  |TAMS 0x0000000084300000, 0x0000000084300000| Untracked 
|  68|0x0000000084400000, 0x0000000084447c00, 0x0000000084500000| 28%| O|  |TAMS 0x0000000084400000, 0x0000000084400000| Untracked 
|  69|0x0000000084500000, 0x0000000084500000, 0x0000000084600000|  0%| F|  |TAMS 0x0000000084500000, 0x0000000084500000| Untracked 
|  70|0x0000000084600000, 0x0000000084600000, 0x0000000084700000|  0%| F|  |TAMS 0x0000000084600000, 0x0000000084600000| Untracked 
|  71|0x0000000084700000, 0x0000000084700000, 0x0000000084800000|  0%| F|  |TAMS 0x0000000084700000, 0x0000000084700000| Untracked 
|  72|0x0000000084800000, 0x0000000084800000, 0x0000000084900000|  0%| F|  |TAMS 0x0000000084800000, 0x0000000084800000| Untracked 
|  73|0x0000000084900000, 0x0000000084900000, 0x0000000084a00000|  0%| F|  |TAMS 0x0000000084900000, 0x0000000084900000| Untracked 
|  74|0x0000000084a00000, 0x0000000084a00000, 0x0000000084b00000|  0%| F|  |TAMS 0x0000000084a00000, 0x0000000084a00000| Untracked 
|  75|0x0000000084b00000, 0x0000000084b00000, 0x0000000084c00000|  0%| F|  |TAMS 0x0000000084b00000, 0x0000000084b00000| Untracked 
|  76|0x0000000084c00000, 0x0000000084c00000, 0x0000000084d00000|  0%| F|  |TAMS 0x0000000084c00000, 0x0000000084c00000| Untracked 
|  77|0x0000000084d00000, 0x0000000084d00000, 0x0000000084e00000|  0%| F|  |TAMS 0x0000000084d00000, 0x0000000084d00000| Untracked 
|  78|0x0000000084e00000, 0x0000000084e00000, 0x0000000084f00000|  0%| F|  |TAMS 0x0000000084e00000, 0x0000000084e00000| Untracked 
|  79|0x0000000084f00000, 0x0000000084f00000, 0x0000000085000000|  0%| F|  |TAMS 0x0000000084f00000, 0x0000000084f00000| Untracked 
|  80|0x0000000085000000, 0x0000000085000000, 0x0000000085100000|  0%| F|  |TAMS 0x0000000085000000, 0x0000000085000000| Untracked 
|  81|0x0000000085100000, 0x0000000085100000, 0x0000000085200000|  0%| F|  |TAMS 0x0000000085100000, 0x0000000085100000| Untracked 
|  82|0x0000000085200000, 0x0000000085200000, 0x0000000085300000|  0%| F|  |TAMS 0x0000000085200000, 0x0000000085200000| Untracked 
|  83|0x0000000085300000, 0x0000000085300000, 0x0000000085400000|  0%| F|  |TAMS 0x0000000085300000, 0x0000000085300000| Untracked 
|  84|0x0000000085400000, 0x0000000085400000, 0x0000000085500000|  0%| F|  |TAMS 0x0000000085400000, 0x0000000085400000| Untracked 
|  85|0x0000000085500000, 0x0000000085500000, 0x0000000085600000|  0%| F|  |TAMS 0x0000000085500000, 0x0000000085500000| Untracked 
|  86|0x0000000085600000, 0x0000000085600000, 0x0000000085700000|  0%| F|  |TAMS 0x0000000085600000, 0x0000000085600000| Untracked 
|  87|0x0000000085700000, 0x0000000085700000, 0x0000000085800000|  0%| F|  |TAMS 0x0000000085700000, 0x0000000085700000| Untracked 
|  88|0x0000000085800000, 0x0000000085800000, 0x0000000085900000|  0%| F|  |TAMS 0x0000000085800000, 0x0000000085800000| Untracked 
|  89|0x0000000085900000, 0x0000000085900000, 0x0000000085a00000|  0%| F|  |TAMS 0x0000000085900000, 0x0000000085900000| Untracked 
|  90|0x0000000085a00000, 0x0000000085a00000, 0x0000000085b00000|  0%| F|  |TAMS 0x0000000085a00000, 0x0000000085a00000| Untracked 
|  91|0x0000000085b00000, 0x0000000085b00000, 0x0000000085c00000|  0%| F|  |TAMS 0x0000000085b00000, 0x0000000085b00000| Untracked 
|  92|0x0000000085c00000, 0x0000000085c00000, 0x0000000085d00000|  0%| F|  |TAMS 0x0000000085c00000, 0x0000000085c00000| Untracked 
|  93|0x0000000085d00000, 0x0000000085d00000, 0x0000000085e00000|  0%| F|  |TAMS 0x0000000085d00000, 0x0000000085d00000| Untracked 
|  94|0x0000000085e00000, 0x0000000085e00000, 0x0000000085f00000|  0%| F|  |TAMS 0x0000000085e00000, 0x0000000085e00000| Untracked 
|  95|0x0000000085f00000, 0x0000000085f00000, 0x0000000086000000|  0%| F|  |TAMS 0x0000000085f00000, 0x0000000085f00000| Untracked 
|  96|0x0000000086000000, 0x0000000086000000, 0x0000000086100000|  0%| F|  |TAMS 0x0000000086000000, 0x0000000086000000| Untracked 
|  97|0x0000000086100000, 0x0000000086100000, 0x0000000086200000|  0%| F|  |TAMS 0x0000000086100000, 0x0000000086100000| Untracked 
|  98|0x0000000086200000, 0x0000000086200000, 0x0000000086300000|  0%| F|  |TAMS 0x0000000086200000, 0x0000000086200000| Untracked 
|  99|0x0000000086300000, 0x0000000086300000, 0x0000000086400000|  0%| F|  |TAMS 0x0000000086300000, 0x0000000086300000| Untracked 
| 100|0x0000000086400000, 0x0000000086400000, 0x0000000086500000|  0%| F|  |TAMS 0x0000000086400000, 0x0000000086400000| Untracked 
| 101|0x0000000086500000, 0x0000000086500000, 0x0000000086600000|  0%| F|  |TAMS 0x0000000086500000, 0x0000000086500000| Untracked 
| 102|0x0000000086600000, 0x0000000086600000, 0x0000000086700000|  0%| F|  |TAMS 0x0000000086600000, 0x0000000086600000| Untracked 
| 103|0x0000000086700000, 0x0000000086700000, 0x0000000086800000|  0%| F|  |TAMS 0x0000000086700000, 0x0000000086700000| Untracked 
| 104|0x0000000086800000, 0x0000000086800000, 0x0000000086900000|  0%| F|  |TAMS 0x0000000086800000, 0x0000000086800000| Untracked 
| 105|0x0000000086900000, 0x0000000086900000, 0x0000000086a00000|  0%| F|  |TAMS 0x0000000086900000, 0x0000000086900000| Untracked 
| 106|0x0000000086a00000, 0x0000000086a00000, 0x0000000086b00000|  0%| F|  |TAMS 0x0000000086a00000, 0x0000000086a00000| Untracked 
| 107|0x0000000086b00000, 0x0000000086b00000, 0x0000000086c00000|  0%| F|  |TAMS 0x0000000086b00000, 0x0000000086b00000| Untracked 
| 108|0x0000000086c00000, 0x0000000086c00000, 0x0000000086d00000|  0%| F|  |TAMS 0x0000000086c00000, 0x0000000086c00000| Untracked 
| 109|0x0000000086d00000, 0x0000000086d00000, 0x0000000086e00000|  0%| F|  |TAMS 0x0000000086d00000, 0x0000000086d00000| Untracked 
| 110|0x0000000086e00000, 0x0000000086e00000, 0x0000000086f00000|  0%| F|  |TAMS 0x0000000086e00000, 0x0000000086e00000| Untracked 
| 111|0x0000000086f00000, 0x0000000086f00000, 0x0000000087000000|  0%| F|  |TAMS 0x0000000086f00000, 0x0000000086f00000| Untracked 
| 112|0x0000000087000000, 0x0000000087000000, 0x0000000087100000|  0%| F|  |TAMS 0x0000000087000000, 0x0000000087000000| Untracked 
| 113|0x0000000087100000, 0x0000000087100000, 0x0000000087200000|  0%| F|  |TAMS 0x0000000087100000, 0x0000000087100000| Untracked 
| 114|0x0000000087200000, 0x0000000087200000, 0x0000000087300000|  0%| F|  |TAMS 0x0000000087200000, 0x0000000087200000| Untracked 
| 115|0x0000000087300000, 0x0000000087300000, 0x0000000087400000|  0%| F|  |TAMS 0x0000000087300000, 0x0000000087300000| Untracked 
| 116|0x0000000087400000, 0x0000000087400000, 0x0000000087500000|  0%| F|  |TAMS 0x0000000087400000, 0x0000000087400000| Untracked 
| 117|0x0000000087500000, 0x0000000087500000, 0x0000000087600000|  0%| F|  |TAMS 0x0000000087500000, 0x0000000087500000| Untracked 
| 118|0x0000000087600000, 0x0000000087600000, 0x0000000087700000|  0%| F|  |TAMS 0x0000000087600000, 0x0000000087600000| Untracked 
| 119|0x0000000087700000, 0x0000000087700000, 0x0000000087800000|  0%| F|  |TAMS 0x0000000087700000, 0x0000000087700000| Untracked 
| 120|0x0000000087800000, 0x0000000087800000, 0x0000000087900000|  0%| F|  |TAMS 0x0000000087800000, 0x0000000087800000| Untracked 
| 121|0x0000000087900000, 0x00000000879902c0, 0x0000000087a00000| 56%| S|CS|TAMS 0x0000000087900000, 0x0000000087900000| Complete 
| 122|0x0000000087a00000, 0x0000000087b00000, 0x0000000087b00000|100%| S|CS|TAMS 0x0000000087a00000, 0x0000000087a00000| Complete 
| 123|0x0000000087b00000, 0x0000000087c00000, 0x0000000087c00000|100%| S|CS|TAMS 0x0000000087b00000, 0x0000000087b00000| Complete 
| 124|0x0000000087c00000, 0x0000000087d00000, 0x0000000087d00000|100%| S|CS|TAMS 0x0000000087c00000, 0x0000000087c00000| Complete 
| 125|0x0000000087d00000, 0x0000000087e00000, 0x0000000087e00000|100%| S|CS|TAMS 0x0000000087d00000, 0x0000000087d00000| Complete 
| 126|0x0000000087e00000, 0x0000000087f00000, 0x0000000087f00000|100%| S|CS|TAMS 0x0000000087e00000, 0x0000000087e00000| Complete 
| 127|0x0000000087f00000, 0x0000000088000000, 0x0000000088000000|100%| S|CS|TAMS 0x0000000087f00000, 0x0000000087f00000| Complete 
| 128|0x0000000088000000, 0x0000000088100000, 0x0000000088100000|100%| S|CS|TAMS 0x0000000088000000, 0x0000000088000000| Complete 
| 129|0x0000000088100000, 0x0000000088200000, 0x0000000088200000|100%| S|CS|TAMS 0x0000000088100000, 0x0000000088100000| Complete 
| 130|0x0000000088200000, 0x0000000088300000, 0x0000000088300000|100%| S|CS|TAMS 0x0000000088200000, 0x0000000088200000| Complete 
| 131|0x0000000088300000, 0x0000000088400000, 0x0000000088400000|100%| S|CS|TAMS 0x0000000088300000, 0x0000000088300000| Complete 
| 132|0x0000000088400000, 0x0000000088500000, 0x0000000088500000|100%| S|CS|TAMS 0x0000000088400000, 0x0000000088400000| Complete 
| 133|0x0000000088500000, 0x0000000088600000, 0x0000000088600000|100%| S|CS|TAMS 0x0000000088500000, 0x0000000088500000| Complete 
| 134|0x0000000088600000, 0x0000000088700000, 0x0000000088700000|100%| S|CS|TAMS 0x0000000088600000, 0x0000000088600000| Complete 
| 135|0x0000000088700000, 0x0000000088800000, 0x0000000088800000|100%| S|CS|TAMS 0x0000000088700000, 0x0000000088700000| Complete 
| 136|0x0000000088800000, 0x0000000088900000, 0x0000000088900000|100%| S|CS|TAMS 0x0000000088800000, 0x0000000088800000| Complete 
| 137|0x0000000088900000, 0x0000000088900000, 0x0000000088a00000|  0%| F|  |TAMS 0x0000000088900000, 0x0000000088900000| Untracked 
| 138|0x0000000088a00000, 0x0000000088a00000, 0x0000000088b00000|  0%| F|  |TAMS 0x0000000088a00000, 0x0000000088a00000| Untracked 
| 139|0x0000000088b00000, 0x0000000088b00000, 0x0000000088c00000|  0%| F|  |TAMS 0x0000000088b00000, 0x0000000088b00000| Untracked 
| 140|0x0000000088c00000, 0x0000000088c00000, 0x0000000088d00000|  0%| F|  |TAMS 0x0000000088c00000, 0x0000000088c00000| Untracked 
| 141|0x0000000088d00000, 0x0000000088d00000, 0x0000000088e00000|  0%| F|  |TAMS 0x0000000088d00000, 0x0000000088d00000| Untracked 
| 142|0x0000000088e00000, 0x0000000088e00000, 0x0000000088f00000|  0%| F|  |TAMS 0x0000000088e00000, 0x0000000088e00000| Untracked 
| 143|0x0000000088f00000, 0x0000000088f00000, 0x0000000089000000|  0%| F|  |TAMS 0x0000000088f00000, 0x0000000088f00000| Untracked 
| 144|0x0000000089000000, 0x0000000089000000, 0x0000000089100000|  0%| F|  |TAMS 0x0000000089000000, 0x0000000089000000| Untracked 
| 145|0x0000000089100000, 0x0000000089100000, 0x0000000089200000|  0%| F|  |TAMS 0x0000000089100000, 0x0000000089100000| Untracked 
| 146|0x0000000089200000, 0x0000000089200000, 0x0000000089300000|  0%| F|  |TAMS 0x0000000089200000, 0x0000000089200000| Untracked 
| 147|0x0000000089300000, 0x0000000089300000, 0x0000000089400000|  0%| F|  |TAMS 0x0000000089300000, 0x0000000089300000| Untracked 
| 148|0x0000000089400000, 0x0000000089400000, 0x0000000089500000|  0%| F|  |TAMS 0x0000000089400000, 0x0000000089400000| Untracked 
| 149|0x0000000089500000, 0x0000000089500000, 0x0000000089600000|  0%| F|  |TAMS 0x0000000089500000, 0x0000000089500000| Untracked 
| 150|0x0000000089600000, 0x0000000089600000, 0x0000000089700000|  0%| F|  |TAMS 0x0000000089600000, 0x0000000089600000| Untracked 
| 151|0x0000000089700000, 0x0000000089700000, 0x0000000089800000|  0%| F|  |TAMS 0x0000000089700000, 0x0000000089700000| Untracked 
| 152|0x0000000089800000, 0x0000000089800000, 0x0000000089900000|  0%| F|  |TAMS 0x0000000089800000, 0x0000000089800000| Untracked 
| 153|0x0000000089900000, 0x0000000089900000, 0x0000000089a00000|  0%| F|  |TAMS 0x0000000089900000, 0x0000000089900000| Untracked 
| 154|0x0000000089a00000, 0x0000000089a00000, 0x0000000089b00000|  0%| F|  |TAMS 0x0000000089a00000, 0x0000000089a00000| Untracked 
| 155|0x0000000089b00000, 0x0000000089b00000, 0x0000000089c00000|  0%| F|  |TAMS 0x0000000089b00000, 0x0000000089b00000| Untracked 
| 156|0x0000000089c00000, 0x0000000089c00000, 0x0000000089d00000|  0%| F|  |TAMS 0x0000000089c00000, 0x0000000089c00000| Untracked 
| 157|0x0000000089d00000, 0x0000000089d00000, 0x0000000089e00000|  0%| F|  |TAMS 0x0000000089d00000, 0x0000000089d00000| Untracked 
| 158|0x0000000089e00000, 0x0000000089e00000, 0x0000000089f00000|  0%| F|  |TAMS 0x0000000089e00000, 0x0000000089e00000| Untracked 
| 159|0x0000000089f00000, 0x0000000089f00000, 0x000000008a000000|  0%| F|  |TAMS 0x0000000089f00000, 0x0000000089f00000| Untracked 
| 160|0x000000008a000000, 0x000000008a000000, 0x000000008a100000|  0%| F|  |TAMS 0x000000008a000000, 0x000000008a000000| Untracked 
| 161|0x000000008a100000, 0x000000008a100000, 0x000000008a200000|  0%| F|  |TAMS 0x000000008a100000, 0x000000008a100000| Untracked 
| 162|0x000000008a200000, 0x000000008a200000, 0x000000008a300000|  0%| F|  |TAMS 0x000000008a200000, 0x000000008a200000| Untracked 
| 163|0x000000008a300000, 0x000000008a300000, 0x000000008a400000|  0%| F|  |TAMS 0x000000008a300000, 0x000000008a300000| Untracked 
| 164|0x000000008a400000, 0x000000008a400000, 0x000000008a500000|  0%| F|  |TAMS 0x000000008a400000, 0x000000008a400000| Untracked 
| 165|0x000000008a500000, 0x000000008a500000, 0x000000008a600000|  0%| F|  |TAMS 0x000000008a500000, 0x000000008a500000| Untracked 
| 166|0x000000008a600000, 0x000000008a600000, 0x000000008a700000|  0%| F|  |TAMS 0x000000008a600000, 0x000000008a600000| Untracked 
| 167|0x000000008a700000, 0x000000008a700000, 0x000000008a800000|  0%| F|  |TAMS 0x000000008a700000, 0x000000008a700000| Untracked 
| 168|0x000000008a800000, 0x000000008a800000, 0x000000008a900000|  0%| F|  |TAMS 0x000000008a800000, 0x000000008a800000| Untracked 
| 169|0x000000008a900000, 0x000000008a900000, 0x000000008aa00000|  0%| F|  |TAMS 0x000000008a900000, 0x000000008a900000| Untracked 
| 170|0x000000008aa00000, 0x000000008aa00000, 0x000000008ab00000|  0%| F|  |TAMS 0x000000008aa00000, 0x000000008aa00000| Untracked 
| 171|0x000000008ab00000, 0x000000008ab00000, 0x000000008ac00000|  0%| F|  |TAMS 0x000000008ab00000, 0x000000008ab00000| Untracked 
| 172|0x000000008ac00000, 0x000000008ac00000, 0x000000008ad00000|  0%| F|  |TAMS 0x000000008ac00000, 0x000000008ac00000| Untracked 
| 173|0x000000008ad00000, 0x000000008ad00000, 0x000000008ae00000|  0%| F|  |TAMS 0x000000008ad00000, 0x000000008ad00000| Untracked 
| 174|0x000000008ae00000, 0x000000008ae00000, 0x000000008af00000|  0%| F|  |TAMS 0x000000008ae00000, 0x000000008ae00000| Untracked 
| 175|0x000000008af00000, 0x000000008af00000, 0x000000008b000000|  0%| F|  |TAMS 0x000000008af00000, 0x000000008af00000| Untracked 
| 176|0x000000008b000000, 0x000000008b000000, 0x000000008b100000|  0%| F|  |TAMS 0x000000008b000000, 0x000000008b000000| Untracked 
| 177|0x000000008b100000, 0x000000008b100000, 0x000000008b200000|  0%| F|  |TAMS 0x000000008b100000, 0x000000008b100000| Untracked 
| 178|0x000000008b200000, 0x000000008b200000, 0x000000008b300000|  0%| F|  |TAMS 0x000000008b200000, 0x000000008b200000| Untracked 
| 179|0x000000008b300000, 0x000000008b300000, 0x000000008b400000|  0%| F|  |TAMS 0x000000008b300000, 0x000000008b300000| Untracked 
| 180|0x000000008b400000, 0x000000008b400000, 0x000000008b500000|  0%| F|  |TAMS 0x000000008b400000, 0x000000008b400000| Untracked 
| 181|0x000000008b500000, 0x000000008b500000, 0x000000008b600000|  0%| F|  |TAMS 0x000000008b500000, 0x000000008b500000| Untracked 
| 182|0x000000008b600000, 0x000000008b600000, 0x000000008b700000|  0%| F|  |TAMS 0x000000008b600000, 0x000000008b600000| Untracked 
| 183|0x000000008b700000, 0x000000008b700000, 0x000000008b800000|  0%| F|  |TAMS 0x000000008b700000, 0x000000008b700000| Untracked 
| 184|0x000000008b800000, 0x000000008b800000, 0x000000008b900000|  0%| F|  |TAMS 0x000000008b800000, 0x000000008b800000| Untracked 
| 185|0x000000008b900000, 0x000000008b900000, 0x000000008ba00000|  0%| F|  |TAMS 0x000000008b900000, 0x000000008b900000| Untracked 
| 186|0x000000008ba00000, 0x000000008ba00000, 0x000000008bb00000|  0%| F|  |TAMS 0x000000008ba00000, 0x000000008ba00000| Untracked 
| 187|0x000000008bb00000, 0x000000008bb00000, 0x000000008bc00000|  0%| F|  |TAMS 0x000000008bb00000, 0x000000008bb00000| Untracked 
| 188|0x000000008bc00000, 0x000000008bc00000, 0x000000008bd00000|  0%| F|  |TAMS 0x000000008bc00000, 0x000000008bc00000| Untracked 
| 189|0x000000008bd00000, 0x000000008bd00000, 0x000000008be00000|  0%| F|  |TAMS 0x000000008bd00000, 0x000000008bd00000| Untracked 
| 190|0x000000008be00000, 0x000000008be00000, 0x000000008bf00000|  0%| F|  |TAMS 0x000000008be00000, 0x000000008be00000| Untracked 
| 191|0x000000008bf00000, 0x000000008bf00000, 0x000000008c000000|  0%| F|  |TAMS 0x000000008bf00000, 0x000000008bf00000| Untracked 
| 192|0x000000008c000000, 0x000000008c000000, 0x000000008c100000|  0%| F|  |TAMS 0x000000008c000000, 0x000000008c000000| Untracked 
| 193|0x000000008c100000, 0x000000008c100000, 0x000000008c200000|  0%| F|  |TAMS 0x000000008c100000, 0x000000008c100000| Untracked 
| 194|0x000000008c200000, 0x000000008c200000, 0x000000008c300000|  0%| F|  |TAMS 0x000000008c200000, 0x000000008c200000| Untracked 
| 195|0x000000008c300000, 0x000000008c300000, 0x000000008c400000|  0%| F|  |TAMS 0x000000008c300000, 0x000000008c300000| Untracked 
| 196|0x000000008c400000, 0x000000008c400000, 0x000000008c500000|  0%| F|  |TAMS 0x000000008c400000, 0x000000008c400000| Untracked 
| 197|0x000000008c500000, 0x000000008c500000, 0x000000008c600000|  0%| F|  |TAMS 0x000000008c500000, 0x000000008c500000| Untracked 
| 198|0x000000008c600000, 0x000000008c600000, 0x000000008c700000|  0%| F|  |TAMS 0x000000008c600000, 0x000000008c600000| Untracked 
| 199|0x000000008c700000, 0x000000008c700000, 0x000000008c800000|  0%| F|  |TAMS 0x000000008c700000, 0x000000008c700000| Untracked 
| 200|0x000000008c800000, 0x000000008c800000, 0x000000008c900000|  0%| F|  |TAMS 0x000000008c800000, 0x000000008c800000| Untracked 
| 201|0x000000008c900000, 0x000000008c900000, 0x000000008ca00000|  0%| F|  |TAMS 0x000000008c900000, 0x000000008c900000| Untracked 
| 202|0x000000008ca00000, 0x000000008ca00000, 0x000000008cb00000|  0%| F|  |TAMS 0x000000008ca00000, 0x000000008ca00000| Untracked 
| 203|0x000000008cb00000, 0x000000008cb00000, 0x000000008cc00000|  0%| F|  |TAMS 0x000000008cb00000, 0x000000008cb00000| Untracked 
| 204|0x000000008cc00000, 0x000000008cc00000, 0x000000008cd00000|  0%| F|  |TAMS 0x000000008cc00000, 0x000000008cc00000| Untracked 
| 205|0x000000008cd00000, 0x000000008cd00000, 0x000000008ce00000|  0%| F|  |TAMS 0x000000008cd00000, 0x000000008cd00000| Untracked 
| 206|0x000000008ce00000, 0x000000008ce00000, 0x000000008cf00000|  0%| F|  |TAMS 0x000000008ce00000, 0x000000008ce00000| Untracked 
| 207|0x000000008cf00000, 0x000000008cf00000, 0x000000008d000000|  0%| F|  |TAMS 0x000000008cf00000, 0x000000008cf00000| Untracked 
| 208|0x000000008d000000, 0x000000008d000000, 0x000000008d100000|  0%| F|  |TAMS 0x000000008d000000, 0x000000008d000000| Untracked 
| 209|0x000000008d100000, 0x000000008d100000, 0x000000008d200000|  0%| F|  |TAMS 0x000000008d100000, 0x000000008d100000| Untracked 
| 210|0x000000008d200000, 0x000000008d200000, 0x000000008d300000|  0%| F|  |TAMS 0x000000008d200000, 0x000000008d200000| Untracked 
| 211|0x000000008d300000, 0x000000008d300000, 0x000000008d400000|  0%| F|  |TAMS 0x000000008d300000, 0x000000008d300000| Untracked 
| 212|0x000000008d400000, 0x000000008d400000, 0x000000008d500000|  0%| F|  |TAMS 0x000000008d400000, 0x000000008d400000| Untracked 
| 213|0x000000008d500000, 0x000000008d500000, 0x000000008d600000|  0%| F|  |TAMS 0x000000008d500000, 0x000000008d500000| Untracked 
| 214|0x000000008d600000, 0x000000008d600000, 0x000000008d700000|  0%| F|  |TAMS 0x000000008d600000, 0x000000008d600000| Untracked 
| 215|0x000000008d700000, 0x000000008d700000, 0x000000008d800000|  0%| F|  |TAMS 0x000000008d700000, 0x000000008d700000| Untracked 
| 216|0x000000008d800000, 0x000000008d800000, 0x000000008d900000|  0%| F|  |TAMS 0x000000008d800000, 0x000000008d800000| Untracked 
| 217|0x000000008d900000, 0x000000008d900000, 0x000000008da00000|  0%| F|  |TAMS 0x000000008d900000, 0x000000008d900000| Untracked 
| 218|0x000000008da00000, 0x000000008da00000, 0x000000008db00000|  0%| F|  |TAMS 0x000000008da00000, 0x000000008da00000| Untracked 
| 219|0x000000008db00000, 0x000000008db00000, 0x000000008dc00000|  0%| F|  |TAMS 0x000000008db00000, 0x000000008db00000| Untracked 
| 220|0x000000008dc00000, 0x000000008dc00000, 0x000000008dd00000|  0%| F|  |TAMS 0x000000008dc00000, 0x000000008dc00000| Untracked 
| 221|0x000000008dd00000, 0x000000008dd00000, 0x000000008de00000|  0%| F|  |TAMS 0x000000008dd00000, 0x000000008dd00000| Untracked 
| 222|0x000000008de00000, 0x000000008de00000, 0x000000008df00000|  0%| F|  |TAMS 0x000000008de00000, 0x000000008de00000| Untracked 
| 223|0x000000008df00000, 0x000000008df00000, 0x000000008e000000|  0%| F|  |TAMS 0x000000008df00000, 0x000000008df00000| Untracked 
| 224|0x000000008e000000, 0x000000008e000000, 0x000000008e100000|  0%| F|  |TAMS 0x000000008e000000, 0x000000008e000000| Untracked 
| 225|0x000000008e100000, 0x000000008e100000, 0x000000008e200000|  0%| F|  |TAMS 0x000000008e100000, 0x000000008e100000| Untracked 
| 226|0x000000008e200000, 0x000000008e200000, 0x000000008e300000|  0%| F|  |TAMS 0x000000008e200000, 0x000000008e200000| Untracked 
| 227|0x000000008e300000, 0x000000008e300000, 0x000000008e400000|  0%| F|  |TAMS 0x000000008e300000, 0x000000008e300000| Untracked 
| 228|0x000000008e400000, 0x000000008e400000, 0x000000008e500000|  0%| F|  |TAMS 0x000000008e400000, 0x000000008e400000| Untracked 
| 229|0x000000008e500000, 0x000000008e500000, 0x000000008e600000|  0%| F|  |TAMS 0x000000008e500000, 0x000000008e500000| Untracked 
| 230|0x000000008e600000, 0x000000008e600000, 0x000000008e700000|  0%| F|  |TAMS 0x000000008e600000, 0x000000008e600000| Untracked 
| 231|0x000000008e700000, 0x000000008e700000, 0x000000008e800000|  0%| F|  |TAMS 0x000000008e700000, 0x000000008e700000| Untracked 
| 232|0x000000008e800000, 0x000000008e800000, 0x000000008e900000|  0%| F|  |TAMS 0x000000008e800000, 0x000000008e800000| Untracked 
| 233|0x000000008e900000, 0x000000008e900000, 0x000000008ea00000|  0%| F|  |TAMS 0x000000008e900000, 0x000000008e900000| Untracked 
| 234|0x000000008ea00000, 0x000000008ea00000, 0x000000008eb00000|  0%| F|  |TAMS 0x000000008ea00000, 0x000000008ea00000| Untracked 
| 235|0x000000008eb00000, 0x000000008eb00000, 0x000000008ec00000|  0%| F|  |TAMS 0x000000008eb00000, 0x000000008eb00000| Untracked 
| 236|0x000000008ec00000, 0x000000008ec00000, 0x000000008ed00000|  0%| F|  |TAMS 0x000000008ec00000, 0x000000008ec00000| Untracked 
| 237|0x000000008ed00000, 0x000000008ed00000, 0x000000008ee00000|  0%| F|  |TAMS 0x000000008ed00000, 0x000000008ed00000| Untracked 
| 238|0x000000008ee00000, 0x000000008ee00000, 0x000000008ef00000|  0%| F|  |TAMS 0x000000008ee00000, 0x000000008ee00000| Untracked 
| 239|0x000000008ef00000, 0x000000008ef00000, 0x000000008f000000|  0%| F|  |TAMS 0x000000008ef00000, 0x000000008ef00000| Untracked 
| 240|0x000000008f000000, 0x000000008f000000, 0x000000008f100000|  0%| F|  |TAMS 0x000000008f000000, 0x000000008f000000| Untracked 
| 241|0x000000008f100000, 0x000000008f100000, 0x000000008f200000|  0%| F|  |TAMS 0x000000008f100000, 0x000000008f100000| Untracked 
| 242|0x000000008f200000, 0x000000008f200000, 0x000000008f300000|  0%| F|  |TAMS 0x000000008f200000, 0x000000008f200000| Untracked 
| 243|0x000000008f300000, 0x000000008f300000, 0x000000008f400000|  0%| F|  |TAMS 0x000000008f300000, 0x000000008f300000| Untracked 
| 244|0x000000008f400000, 0x000000008f400000, 0x000000008f500000|  0%| F|  |TAMS 0x000000008f400000, 0x000000008f400000| Untracked 
| 245|0x000000008f500000, 0x000000008f500000, 0x000000008f600000|  0%| F|  |TAMS 0x000000008f500000, 0x000000008f500000| Untracked 
| 246|0x000000008f600000, 0x000000008f600000, 0x000000008f700000|  0%| F|  |TAMS 0x000000008f600000, 0x000000008f600000| Untracked 
| 247|0x000000008f700000, 0x000000008f700000, 0x000000008f800000|  0%| F|  |TAMS 0x000000008f700000, 0x000000008f700000| Untracked 
| 248|0x000000008f800000, 0x000000008f800000, 0x000000008f900000|  0%| F|  |TAMS 0x000000008f800000, 0x000000008f800000| Untracked 
| 249|0x000000008f900000, 0x000000008f900000, 0x000000008fa00000|  0%| F|  |TAMS 0x000000008f900000, 0x000000008f900000| Untracked 
| 250|0x000000008fa00000, 0x000000008fa00000, 0x000000008fb00000|  0%| F|  |TAMS 0x000000008fa00000, 0x000000008fa00000| Untracked 
| 251|0x000000008fb00000, 0x000000008fb89350, 0x000000008fc00000| 53%| E|  |TAMS 0x000000008fb00000, 0x000000008fb00000| Complete 
| 252|0x000000008fc00000, 0x000000008fd00000, 0x000000008fd00000|100%| E|CS|TAMS 0x000000008fc00000, 0x000000008fc00000| Complete 
| 253|0x000000008fd00000, 0x000000008fe00000, 0x000000008fe00000|100%| E|CS|TAMS 0x000000008fd00000, 0x000000008fd00000| Complete 
| 254|0x000000008fe00000, 0x000000008ff00000, 0x000000008ff00000|100%| E|CS|TAMS 0x000000008fe00000, 0x000000008fe00000| Complete 
| 255|0x000000008ff00000, 0x0000000090000000, 0x0000000090000000|100%| E|CS|TAMS 0x000000008ff00000, 0x000000008ff00000| Complete 
| 256|0x0000000090000000, 0x0000000090100000, 0x0000000090100000|100%| E|CS|TAMS 0x0000000090000000, 0x0000000090000000| Complete 
| 257|0x0000000090100000, 0x0000000090200000, 0x0000000090200000|100%| E|CS|TAMS 0x0000000090100000, 0x0000000090100000| Complete 
| 258|0x0000000090200000, 0x0000000090300000, 0x0000000090300000|100%| E|CS|TAMS 0x0000000090200000, 0x0000000090200000| Complete 
| 259|0x0000000090300000, 0x0000000090400000, 0x0000000090400000|100%| E|CS|TAMS 0x0000000090300000, 0x0000000090300000| Complete 
| 260|0x0000000090400000, 0x0000000090500000, 0x0000000090500000|100%| E|CS|TAMS 0x0000000090400000, 0x0000000090400000| Complete 
| 261|0x0000000090500000, 0x0000000090600000, 0x0000000090600000|100%| E|CS|TAMS 0x0000000090500000, 0x0000000090500000| Complete 
| 262|0x0000000090600000, 0x0000000090700000, 0x0000000090700000|100%| E|CS|TAMS 0x0000000090600000, 0x0000000090600000| Complete 
| 263|0x0000000090700000, 0x0000000090800000, 0x0000000090800000|100%| E|CS|TAMS 0x0000000090700000, 0x0000000090700000| Complete 
| 264|0x0000000090800000, 0x0000000090900000, 0x0000000090900000|100%| E|CS|TAMS 0x0000000090800000, 0x0000000090800000| Complete 
| 265|0x0000000090900000, 0x0000000090a00000, 0x0000000090a00000|100%| E|CS|TAMS 0x0000000090900000, 0x0000000090900000| Complete 
| 266|0x0000000090a00000, 0x0000000090b00000, 0x0000000090b00000|100%| E|CS|TAMS 0x0000000090a00000, 0x0000000090a00000| Complete 
| 267|0x0000000090b00000, 0x0000000090c00000, 0x0000000090c00000|100%| E|CS|TAMS 0x0000000090b00000, 0x0000000090b00000| Complete 
| 268|0x0000000090c00000, 0x0000000090d00000, 0x0000000090d00000|100%| E|CS|TAMS 0x0000000090c00000, 0x0000000090c00000| Complete 
| 269|0x0000000090d00000, 0x0000000090e00000, 0x0000000090e00000|100%| E|CS|TAMS 0x0000000090d00000, 0x0000000090d00000| Complete 
| 270|0x0000000090e00000, 0x0000000090f00000, 0x0000000090f00000|100%| E|CS|TAMS 0x0000000090e00000, 0x0000000090e00000| Complete 
| 271|0x0000000090f00000, 0x0000000091000000, 0x0000000091000000|100%| E|CS|TAMS 0x0000000090f00000, 0x0000000090f00000| Complete 
| 272|0x0000000091000000, 0x0000000091100000, 0x0000000091100000|100%| E|CS|TAMS 0x0000000091000000, 0x0000000091000000| Complete 
| 273|0x0000000091100000, 0x0000000091200000, 0x0000000091200000|100%| E|CS|TAMS 0x0000000091100000, 0x0000000091100000| Complete 
| 274|0x0000000091200000, 0x0000000091300000, 0x0000000091300000|100%| E|CS|TAMS 0x0000000091200000, 0x0000000091200000| Complete 
| 275|0x0000000091300000, 0x0000000091400000, 0x0000000091400000|100%| E|CS|TAMS 0x0000000091300000, 0x0000000091300000| Complete 
| 276|0x0000000091400000, 0x0000000091500000, 0x0000000091500000|100%| E|CS|TAMS 0x0000000091400000, 0x0000000091400000| Complete 

Card table byte_map: [0x00000214170d0000,0x00000214174d0000] _byte_map_base: 0x0000021416cd0000

Marking Bits (Prev, Next): (CMBitMap*) 0x000002147fbac120, (CMBitMap*) 0x000002147fbac160
 Prev Bits: [0x00000214178d0000, 0x00000214198d0000)
 Next Bits: [0x00000214198d0000, 0x000002141b8d0000)

Polling page: 0x000002147dac0000

Metaspace:

Usage:
  Non-class:     66.06 MB used.
      Class:     11.07 MB used.
       Both:     77.13 MB used.

Virtual space:
  Non-class space:      128.00 MB reserved,      66.62 MB ( 52%) committed,  2 nodes.
      Class space:      416.00 MB reserved,      11.62 MB (  3%) committed,  1 nodes.
             Both:      544.00 MB reserved,      78.25 MB ( 14%) committed. 

Chunk freelists:
   Non-Class:  13.00 MB
       Class:  4.43 MB
        Both:  17.43 MB

MaxMetaspaceSize: 512.00 MB
CompressedClassSpaceSize: 416.00 MB
Initial GC threshold: 21.00 MB
Current GC threshold: 114.50 MB
CDS: on
MetaspaceReclaimPolicy: balanced
 - commit_granule_bytes: 65536.
 - commit_granule_words: 8192.
 - virtual_space_node_default_size: 8388608.
 - enlarge_chunks_in_place: 1.
 - new_chunks_are_fully_committed: 0.
 - uncommit_free_chunks: 1.
 - use_allocation_guard: 0.
 - handle_deallocations: 1.


Internal statistics:

num_allocs_failed_limit: 6.
num_arena_births: 1664.
num_arena_deaths: 0.
num_vsnodes_births: 3.
num_vsnodes_deaths: 0.
num_space_committed: 1252.
num_space_uncommitted: 0.
num_chunks_returned_to_freelist: 6.
num_chunks_taken_from_freelist: 5390.
num_chunk_merges: 6.
num_chunk_splits: 3422.
num_chunks_enlarged: 2046.
num_inconsistent_stats: 0.

CodeHeap 'non-profiled nmethods': size=120000Kb used=5739Kb max_used=5870Kb free=114260Kb
 bounds [0x000002140f580000, 0x000002140fb40000, 0x0000021416ab0000]
CodeHeap 'profiled nmethods': size=120000Kb used=19508Kb max_used=19508Kb free=100491Kb
 bounds [0x0000021407ab0000, 0x0000021408dd0000, 0x000002140efe0000]
CodeHeap 'non-nmethods': size=5760Kb used=1702Kb max_used=1758Kb free=4057Kb
 bounds [0x000002140efe0000, 0x000002140f250000, 0x000002140f580000]
 total_blobs=11046 nmethods=10253 adapters=705
 compilation: enabled
              stopped_count=0, restarted_count=0
 full_count=0

Compilation events (20 events):
Event: 102.948 Thread 0x000002141e52a540 11878       3       java.io.RandomAccessFile::<init> (8 bytes)
Event: 102.959 Thread 0x000002141e52a540 nmethod 11878 0x0000021408dbbc10 code [0x0000021408dbbdc0, 0x0000021408dbbf08]
Event: 102.984 Thread 0x000002141e52a540 11879       3       java.io.RandomAccessFile$1::close (11 bytes)
Event: 102.990 Thread 0x000002141e52a540 nmethod 11879 0x0000021408dbbf90 code [0x0000021408dbc180, 0x0000021408dbc678]
Event: 103.453 Thread 0x000002141e52a540 11880       3       java.util.concurrent.ScheduledThreadPoolExecutor$DelayedWorkQueue::setIndex (16 bytes)
Event: 103.455 Thread 0x000002141e52a540 nmethod 11880 0x0000021408dbc890 code [0x0000021408dbca40, 0x0000021408dbcd58]
Event: 104.144 Thread 0x000002141e52a540 11881       3       java.net.DatagramSocket::delegate (22 bytes)
Event: 104.167 Thread 0x000002141e52a540 nmethod 11881 0x0000021408dbce10 code [0x0000021408dbcfc0, 0x0000021408dbd1c8]
Event: 104.343 Thread 0x000002141e52a540 11882       3       java.net.InetSocketAddress$InetSocketAddressHolder::isUnresolved (13 bytes)
Event: 104.348 Thread 0x000002141e52a540 nmethod 11882 0x0000021408dbd290 code [0x0000021408dbd420, 0x0000021408dbd578]
Event: 104.417 Thread 0x000002141e52a540 11883       3       com.google.common.cache.LocalCache$AccessQueue::clear (61 bytes)
Event: 104.435 Thread 0x000002141e52a540 nmethod 11883 0x0000021408dbd610 code [0x0000021408dbd820, 0x0000021408dbdf58]
Event: 104.435 Thread 0x000002141e52a540 11884       3       java.net.InetSocketAddress::isUnresolved (8 bytes)
Event: 104.438 Thread 0x000002141e52a540 nmethod 11884 0x0000021408dbe190 code [0x0000021408dbe340, 0x0000021408dbe518]
Event: 116.422 Thread 0x000002141e52a540 11885       3       java.io.BufferedInputStream::<init> (9 bytes)
Event: 116.520 Thread 0x000002141e525ff0 11886       4       java.io.DataInputStream::readUTF (501 bytes)
Event: 116.865 Thread 0x000002141e52a540 nmethod 11885 0x0000021408dbe610 code [0x0000021408dbe800, 0x0000021408dbed08]
Event: 116.893 Thread 0x000002141e52a540 11889       3       java.util.LinkedList::addAll (182 bytes)
Event: 117.624 Thread 0x000002141e52a540 nmethod 11889 0x0000021408dbee90 code [0x0000021408dbf0e0, 0x0000021408dbfbf8]
Event: 118.860 Thread 0x000002141e52a540 11891       3       org.gradle.internal.logging.slf4j.OutputEventListenerBackedLogger::debug (7 bytes)

GC Heap History (20 events):
Event: 20.824 GC heap before
{Heap before GC invocations=24 (full 0):
 garbage-first heap   total 124928K, used 100154K [0x0000000080000000, 0x0000000100000000)
  region size 1024K, 44 young (45056K), 2 survivors (2048K)
 Metaspace       used 63666K, committed 64576K, reserved 491520K
  class space    used 9177K, committed 9600K, reserved 425984K
}
Event: 20.828 GC heap after
{Heap after GC invocations=25 (full 0):
 garbage-first heap   total 124928K, used 58750K [0x0000000080000000, 0x0000000100000000)
  region size 1024K, 3 young (3072K), 3 survivors (3072K)
 Metaspace       used 63666K, committed 64576K, reserved 491520K
  class space    used 9177K, committed 9600K, reserved 425984K
}
Event: 20.866 GC heap before
{Heap before GC invocations=25 (full 0):
 garbage-first heap   total 124928K, used 61822K [0x0000000080000000, 0x0000000100000000)
  region size 1024K, 6 young (6144K), 3 survivors (3072K)
 Metaspace       used 63741K, committed 64640K, reserved 491520K
  class space    used 9187K, committed 9600K, reserved 425984K
}
Event: 20.870 GC heap after
{Heap after GC invocations=26 (full 0):
 garbage-first heap   total 124928K, used 58649K [0x0000000080000000, 0x0000000100000000)
  region size 1024K, 1 young (1024K), 1 survivors (1024K)
 Metaspace       used 63741K, committed 64640K, reserved 491520K
  class space    used 9187K, committed 9600K, reserved 425984K
}
Event: 23.236 GC heap before
{Heap before GC invocations=26 (full 0):
 garbage-first heap   total 124928K, used 101657K [0x0000000080000000, 0x0000000100000000)
  region size 1024K, 43 young (44032K), 1 survivors (1024K)
 Metaspace       used 65914K, committed 66880K, reserved 491520K
  class space    used 9459K, committed 9920K, reserved 425984K
}
Event: 23.243 GC heap after
{Heap after GC invocations=27 (full 0):
 garbage-first heap   total 124928K, used 63205K [0x0000000080000000, 0x0000000100000000)
  region size 1024K, 5 young (5120K), 5 survivors (5120K)
 Metaspace       used 65914K, committed 66880K, reserved 491520K
  class space    used 9459K, committed 9920K, reserved 425984K
}
Event: 33.491 GC heap before
{Heap before GC invocations=28 (full 0):
 garbage-first heap   total 124928K, used 101093K [0x0000000080000000, 0x0000000100000000)
  region size 1024K, 42 young (43008K), 5 survivors (5120K)
 Metaspace       used 66644K, committed 67648K, reserved 491520K
  class space    used 9503K, committed 9984K, reserved 425984K
}
Event: 33.503 GC heap after
{Heap after GC invocations=29 (full 0):
 garbage-first heap   total 124928K, used 66352K [0x0000000080000000, 0x0000000100000000)
  region size 1024K, 6 young (6144K), 6 survivors (6144K)
 Metaspace       used 66644K, committed 67648K, reserved 491520K
  class space    used 9503K, committed 9984K, reserved 425984K
}
Event: 33.516 GC heap before
{Heap before GC invocations=29 (full 0):
 garbage-first heap   total 124928K, used 67376K [0x0000000080000000, 0x0000000100000000)
  region size 1024K, 7 young (7168K), 6 survivors (6144K)
 Metaspace       used 66653K, committed 67648K, reserved 491520K
  class space    used 9503K, committed 9984K, reserved 425984K
}
Event: 33.528 GC heap after
{Heap after GC invocations=30 (full 0):
 garbage-first heap   total 124928K, used 66228K [0x0000000080000000, 0x0000000100000000)
  region size 1024K, 1 young (1024K), 1 survivors (1024K)
 Metaspace       used 66653K, committed 67648K, reserved 491520K
  class space    used 9503K, committed 9984K, reserved 425984K
}
Event: 34.733 GC heap before
{Heap before GC invocations=30 (full 0):
 garbage-first heap   total 124928K, used 98996K [0x0000000080000000, 0x0000000100000000)
  region size 1024K, 34 young (34816K), 1 survivors (1024K)
 Metaspace       used 69163K, committed 70272K, reserved 491520K
  class space    used 9844K, committed 10368K, reserved 425984K
}
Event: 34.739 GC heap after
{Heap after GC invocations=31 (full 0):
 garbage-first heap   total 124928K, used 67616K [0x0000000080000000, 0x0000000100000000)
  region size 1024K, 3 young (3072K), 3 survivors (3072K)
 Metaspace       used 69163K, committed 70272K, reserved 491520K
  class space    used 9844K, committed 10368K, reserved 425984K
}
Event: 46.917 GC heap before
{Heap before GC invocations=32 (full 0):
 garbage-first heap   total 124928K, used 99360K [0x0000000080000000, 0x0000000100000000)
  region size 1024K, 35 young (35840K), 3 survivors (3072K)
 Metaspace       used 71604K, committed 72640K, reserved 491520K
  class space    used 10193K, committed 10688K, reserved 425984K
}
Event: 46.921 GC heap after
{Heap after GC invocations=33 (full 0):
 garbage-first heap   total 124928K, used 69197K [0x0000000080000000, 0x0000000100000000)
  region size 1024K, 4 young (4096K), 4 survivors (4096K)
 Metaspace       used 71604K, committed 72640K, reserved 491520K
  class space    used 10193K, committed 10688K, reserved 425984K
}
Event: 47.060 GC heap before
{Heap before GC invocations=33 (full 0):
 garbage-first heap   total 124928K, used 71245K [0x0000000080000000, 0x0000000100000000)
  region size 1024K, 6 young (6144K), 4 survivors (4096K)
 Metaspace       used 71604K, committed 72640K, reserved 491520K
  class space    used 10193K, committed 10688K, reserved 425984K
}
Event: 47.073 GC heap after
{Heap after GC invocations=34 (full 0):
 garbage-first heap   total 124928K, used 68895K [0x0000000080000000, 0x0000000100000000)
  region size 1024K, 1 young (1024K), 1 survivors (1024K)
 Metaspace       used 71604K, committed 72640K, reserved 491520K
  class space    used 10193K, committed 10688K, reserved 425984K
}
Event: 50.756 GC heap before
{Heap before GC invocations=34 (full 0):
 garbage-first heap   total 124928K, used 100639K [0x0000000080000000, 0x0000000100000000)
  region size 1024K, 33 young (33792K), 1 survivors (1024K)
 Metaspace       used 72676K, committed 73728K, reserved 491520K
  class space    used 10316K, committed 10816K, reserved 425984K
}
Event: 50.765 GC heap after
{Heap after GC invocations=35 (full 0):
 garbage-first heap   total 283648K, used 72419K [0x0000000080000000, 0x0000000100000000)
  region size 1024K, 5 young (5120K), 5 survivors (5120K)
 Metaspace       used 72676K, committed 73728K, reserved 491520K
  class space    used 10316K, committed 10816K, reserved 425984K
}
Event: 58.358 GC heap before
{Heap before GC invocations=35 (full 0):
 garbage-first heap   total 283648K, used 214755K [0x0000000080000000, 0x0000000100000000)
  region size 1024K, 145 young (148480K), 5 survivors (5120K)
 Metaspace       used 77778K, committed 78912K, reserved 557056K
  class space    used 11171K, committed 11712K, reserved 425984K
}
Event: 58.379 GC heap after
{Heap after GC invocations=36 (full 0):
 garbage-first heap   total 283648K, used 83807K [0x0000000080000000, 0x0000000100000000)
  region size 1024K, 16 young (16384K), 16 survivors (16384K)
 Metaspace       used 77778K, committed 78912K, reserved 557056K
  class space    used 11171K, committed 11712K, reserved 425984K
}

Dll operation events (15 events):
Event: 0.030 Loaded shared library E:\android_studio\java_17\jdk-17.0.18+8\bin\java.dll
Event: 0.074 Loaded shared library E:\android_studio\java_17\jdk-17.0.18+8\bin\jsvml.dll
Event: 0.134 Loaded shared library E:\android_studio\java_17\jdk-17.0.18+8\bin\zip.dll
Event: 0.139 Loaded shared library E:\android_studio\java_17\jdk-17.0.18+8\bin\instrument.dll
Event: 0.144 Loaded shared library E:\android_studio\java_17\jdk-17.0.18+8\bin\net.dll
Event: 0.147 Loaded shared library E:\android_studio\java_17\jdk-17.0.18+8\bin\nio.dll
Event: 0.150 Loaded shared library E:\android_studio\java_17\jdk-17.0.18+8\bin\zip.dll
Event: 0.504 Loaded shared library E:\android_studio\java_17\jdk-17.0.18+8\bin\jimage.dll
Event: 0.765 Loaded shared library E:\android_studio\java_17\jdk-17.0.18+8\bin\verify.dll
Event: 0.811 Loaded shared library C:\Users\dhruv\.gradle\native\1def1411415f61bf3af743bc5b6707747c0891f09f0c88961ee8f79bc544acac\windows-amd64\native-platform.dll
Event: 0.831 Loaded shared library C:\Users\dhruv\.gradle\native\0.2.8\x86_64-windows-gnu\gradle-fileevents.dll
Event: 2.384 Loaded shared library E:\android_studio\java_17\jdk-17.0.18+8\bin\management.dll
Event: 2.388 Loaded shared library E:\android_studio\java_17\jdk-17.0.18+8\bin\management_ext.dll
Event: 2.640 Loaded shared library E:\android_studio\java_17\jdk-17.0.18+8\bin\extnet.dll
Event: 2.968 Loaded shared library E:\android_studio\java_17\jdk-17.0.18+8\bin\sunmscapi.dll

Deoptimization events (20 events):
Event: 61.371 Thread 0x000002141e758820 DEOPT PACKING pc=0x000002140fa366f4 sp=0x0000003779af8380
Event: 61.371 Thread 0x000002141e758820 DEOPT UNPACKING pc=0x000002140f0369a3 sp=0x0000003779af8318 mode 2
Event: 61.560 Thread 0x000002141e758820 Uncommon trap: trap_request=0xffffff45 fr.pc=0x000002140f7f25f8 relative=0x00000000000017d8
Event: 61.560 Thread 0x000002141e758820 Uncommon trap: reason=unstable_if action=reinterpret pc=0x000002140f7f25f8 method=java.io.BufferedReader.readLine(Z[Z)Ljava/lang/String; @ 209 c2
Event: 61.560 Thread 0x000002141e758820 DEOPT PACKING pc=0x000002140f7f25f8 sp=0x0000003779af8030
Event: 61.560 Thread 0x000002141e758820 DEOPT UNPACKING pc=0x000002140f0369a3 sp=0x0000003779af8000 mode 2
Event: 61.578 Thread 0x000002141e758820 Uncommon trap: trap_request=0xffffffde fr.pc=0x000002140fa3cafc relative=0x00000000000007fc
Event: 61.578 Thread 0x000002141e758820 Uncommon trap: reason=class_check action=maybe_recompile pc=0x000002140fa3cafc method=jdk.internal.reflect.Reflection.filterMethods(Ljava/lang/Class;[Ljava/lang/reflect/Method;)[Ljava/lang/reflect/Method; @ 13 c2
Event: 61.578 Thread 0x000002141e758820 DEOPT PACKING pc=0x000002140fa3cafc sp=0x0000003779af7b00
Event: 61.578 Thread 0x000002141e758820 DEOPT UNPACKING pc=0x000002140f0369a3 sp=0x0000003779af7a58 mode 2
Event: 61.592 Thread 0x000002141e758820 Uncommon trap: trap_request=0xffffffde fr.pc=0x000002140fa3cafc relative=0x00000000000007fc
Event: 61.592 Thread 0x000002141e758820 Uncommon trap: reason=class_check action=maybe_recompile pc=0x000002140fa3cafc method=jdk.internal.reflect.Reflection.filterMethods(Ljava/lang/Class;[Ljava/lang/reflect/Method;)[Ljava/lang/reflect/Method; @ 13 c2
Event: 61.592 Thread 0x000002141e758820 DEOPT PACKING pc=0x000002140fa3cafc sp=0x0000003779af78f0
Event: 61.592 Thread 0x000002141e758820 DEOPT UNPACKING pc=0x000002140f0369a3 sp=0x0000003779af7848 mode 2
Event: 61.592 Thread 0x000002141e758820 Uncommon trap: trap_request=0xffffffde fr.pc=0x000002140fa3cafc relative=0x00000000000007fc
Event: 61.592 Thread 0x000002141e758820 Uncommon trap: reason=class_check action=maybe_recompile pc=0x000002140fa3cafc method=jdk.internal.reflect.Reflection.filterMethods(Ljava/lang/Class;[Ljava/lang/reflect/Method;)[Ljava/lang/reflect/Method; @ 13 c2
Event: 61.592 Thread 0x000002141e758820 DEOPT PACKING pc=0x000002140fa3cafc sp=0x0000003779af7330
Event: 61.592 Thread 0x000002141e758820 DEOPT UNPACKING pc=0x000002140f0369a3 sp=0x0000003779af7288 mode 2
Event: 116.532 Thread 0x000002141e7564b0 DEOPT PACKING pc=0x0000021408161ec9 sp=0x00000037796fe8c0
Event: 116.648 Thread 0x000002141e7564b0 DEOPT UNPACKING pc=0x000002140f037143 sp=0x00000037796fddd0 mode 0

Classes loaded (20 events):
Event: 55.122 Loading class java/util/stream/ReduceOps$5ReducingSink
Event: 55.122 Loading class java/util/stream/ReduceOps$5ReducingSink done
Event: 55.122 Loading class java/util/stream/ReferencePipeline$4$1
Event: 55.122 Loading class java/util/stream/ReferencePipeline$4$1 done
Event: 55.505 Loading class java/util/concurrent/atomic/Striped64$Cell
Event: 55.507 Loading class java/util/concurrent/atomic/Striped64$Cell done
Event: 57.216 Loading class java/util/concurrent/ConcurrentLinkedQueue$Itr
Event: 57.217 Loading class java/util/concurrent/ConcurrentLinkedQueue$Itr done
Event: 61.498 Loading class sun/misc/Unsafe
Event: 61.499 Loading class sun/misc/Unsafe done
Event: 61.515 Loading class java/util/Currency
Event: 61.518 Loading class java/util/Currency done
Event: 61.582 Loading class sun/reflect/generics/repository/FieldRepository
Event: 61.583 Loading class sun/reflect/generics/repository/FieldRepository done
Event: 61.591 Loading class jdk/internal/vm/annotation/ForceInline
Event: 61.592 Loading class jdk/internal/vm/annotation/ForceInline done
Event: 61.601 Loading class java/util/AbstractMap$2
Event: 61.602 Loading class java/util/AbstractMap$2 done
Event: 61.602 Loading class java/util/AbstractMap$2$1
Event: 61.602 Loading class java/util/AbstractMap$2$1 done

Classes unloaded (0 events):
No events

Classes redefined (0 events):
No events

Internal exceptions (20 events):
Event: 58.770 Thread 0x000002141e758820 Implicit null exception at 0x000002140fa18182 to 0x000002140fa18295
Event: 61.226 Thread 0x000002141e758820 Exception <a 'java/lang/ClassNotFoundException'{0x00000000907242f0}: settings_d0op0k67ymmdufkk8aik25f79BeanInfo> (0x00000000907242f0) 
thrown [s\src\hotspot\share\classfile\systemDictionary.cpp, line 256]
Event: 61.227 Thread 0x000002141e758820 Exception <a 'java/lang/ClassNotFoundException'{0x000000009072b9c8}: settings_d0op0k67ymmdufkk8aik25f79Customizer> (0x000000009072b9c8) 
thrown [s\src\hotspot\share\classfile\systemDictionary.cpp, line 256]
Event: 61.240 Thread 0x000002141e758820 Implicit null exception at 0x000002140f808573 to 0x000002140f80875c
Event: 61.272 Thread 0x000002141e758820 Exception <a 'java/lang/ClassNotFoundException'{0x0000000090771908}: org/gradle/internal/extensibility/DefaultExtensionContainerBeanInfo> (0x0000000090771908) 
thrown [s\src\hotspot\share\classfile\systemDictionary.cpp, line 256]
Event: 61.274 Thread 0x000002141e758820 Exception <a 'java/lang/ClassNotFoundException'{0x0000000090782eb8}: org/gradle/internal/extensibility/DefaultExtensionContainerCustomizer> (0x0000000090782eb8) 
thrown [s\src\hotspot\share\classfile\systemDictionary.cpp, line 256]
Event: 61.285 Thread 0x000002141e758820 Exception <a 'java/lang/NoSuchMethodError'{0x00000000907ae0c0}: 'long java.lang.invoke.DirectMethodHandle$Holder.invokeVirtual(java.lang.Object, java.lang.Object)'> (0x00000000907ae0c0) 
thrown [s\src\hotspot\share\interpreter\linkResolver.cpp, line 759]
Event: 61.287 Thread 0x000002141e758820 Exception <a 'java/lang/NoSuchMethodError'{0x00000000907b2750}: 'float java.lang.invoke.DirectMethodHandle$Holder.invokeVirtual(java.lang.Object, java.lang.Object)'> (0x00000000907b2750) 
thrown [s\src\hotspot\share\interpreter\linkResolver.cpp, line 759]
Event: 61.287 Thread 0x000002141e758820 Exception <a 'java/lang/NoSuchMethodError'{0x00000000907b70b0}: 'double java.lang.invoke.DirectMethodHandle$Holder.invokeVirtual(java.lang.Object, java.lang.Object)'> (0x00000000907b70b0) 
thrown [s\src\hotspot\share\interpreter\linkResolver.cpp, line 759]
Event: 61.290 Thread 0x000002141e758820 Exception <a 'java/lang/NoSuchMethodError'{0x00000000907bbf08}: 'java.lang.Object java.lang.invoke.DirectMethodHandle$Holder.newInvokeSpecial(java.lang.Object, double)'> (0x00000000907bbf08) 
thrown [s\src\hotspot\share\interpreter\linkResolver.cpp, line 759]
Event: 61.291 Thread 0x000002141e758820 Exception <a 'java/lang/NoSuchMethodError'{0x00000000907c3c50}: 'double java.lang.invoke.DelegatingMethodHandle$Holder.reinvoke_L(java.lang.Object, java.lang.Object)'> (0x00000000907c3c50) 
thrown [s\src\hotspot\share\interpreter\linkResolver.cpp, line 759]
Event: 61.347 Thread 0x000002141e758820 Exception <a 'java/lang/ClassNotFoundException'{0x00000000906ac9c0}: expo/modules/plugin/ExpoAutolinkingSettingsExtension_DecoratedBeanInfo> (0x00000000906ac9c0) 
thrown [s\src\hotspot\share\classfile\systemDictionary.cpp, line 256]
Event: 61.348 Thread 0x000002141e758820 Exception <a 'java/lang/ClassNotFoundException'{0x00000000906b5840}: expo/modules/plugin/ExpoAutolinkingSettingsExtensionBeanInfo> (0x00000000906b5840) 
thrown [s\src\hotspot\share\classfile\systemDictionary.cpp, line 256]
Event: 61.348 Thread 0x000002141e758820 Exception <a 'java/lang/ClassNotFoundException'{0x00000000906be690}: expo/modules/plugin/ExpoAutolinkingSettingsExtensionCustomizer> (0x00000000906be690) 
thrown [s\src\hotspot\share\classfile\systemDictionary.cpp, line 256]
Event: 61.350 Thread 0x000002141e758820 Exception <a 'java/lang/ClassNotFoundException'{0x00000000906d92f0}: expo/modules/plugin/ExpoAutolinkingSettingsExtension_DecoratedCustomizer> (0x00000000906d92f0) 
thrown [s\src\hotspot\share\classfile\systemDictionary.cpp, line 256]
Event: 61.366 Thread 0x000002141e758820 Exception <a 'java/lang/ClassNotFoundException'{0x0000000090539000}: com/facebook/react/ReactSettingsExtension_DecoratedBeanInfo> (0x0000000090539000) 
thrown [s\src\hotspot\share\classfile\systemDictionary.cpp, line 256]
Event: 61.367 Thread 0x000002141e758820 Exception <a 'java/lang/ClassNotFoundException'{0x0000000090541db8}: com/facebook/react/ReactSettingsExtensionBeanInfo> (0x0000000090541db8) 
thrown [s\src\hotspot\share\classfile\systemDictionary.cpp, line 256]
Event: 61.367 Thread 0x000002141e758820 Exception <a 'java/lang/ClassNotFoundException'{0x000000009054ab48}: com/facebook/react/ReactSettingsExtensionCustomizer> (0x000000009054ab48) 
thrown [s\src\hotspot\share\classfile\systemDictionary.cpp, line 256]
Event: 61.368 Thread 0x000002141e758820 Exception <a 'java/lang/ClassNotFoundException'{0x000000009055b800}: com/facebook/react/ReactSettingsExtension_DecoratedCustomizer> (0x000000009055b800) 
thrown [s\src\hotspot\share\classfile\systemDictionary.cpp, line 256]
Event: 61.390 Thread 0x000002141e758820 Exception <a 'java/lang/NoSuchMethodError'{0x00000000904016b0}: 'java.lang.Object java.lang.invoke.Invokers$Holder.invokeExact_MT(java.lang.Object, java.lang.Object, java.lang.Object, int, java.lang.Object, java.lang.Object)'> (0x00000000904016b0) 
thrown [s\src\hotspot\share\interpreter\linkResolver.cpp, line 759]

VM Operations (20 events):
Event: 58.067 Executing VM operation: HandshakeAllThreads
Event: 58.068 Executing VM operation: HandshakeAllThreads done
Event: 58.358 Executing VM operation: G1CollectForAllocation
Event: 58.379 Executing VM operation: G1CollectForAllocation done
Event: 59.380 Executing VM operation: Cleanup
Event: 59.380 Executing VM operation: Cleanup done
Event: 60.197 Executing VM operation: HandshakeAllThreads
Event: 60.197 Executing VM operation: HandshakeAllThreads done
Event: 61.208 Executing VM operation: Cleanup
Event: 61.208 Executing VM operation: Cleanup done
Event: 62.223 Executing VM operation: Cleanup
Event: 62.223 Executing VM operation: Cleanup done
Event: 63.232 Executing VM operation: Cleanup
Event: 63.232 Executing VM operation: Cleanup done
Event: 93.525 Executing VM operation: Cleanup
Event: 93.538 Executing VM operation: Cleanup done
Event: 118.794 Executing VM operation: Cleanup
Event: 118.927 Executing VM operation: Cleanup done
Event: 120.274 Executing VM operation: HandshakeAllThreads
Event: 120.330 Executing VM operation: HandshakeAllThreads done

Memory protections (0 events):
No events

Nmethod flushes (20 events):
Event: 55.563 Thread 0x000002141e52b850 flushing  nmethod 0x0000021408773a10
Event: 55.563 Thread 0x000002141e52b850 flushing  nmethod 0x000002140877ad10
Event: 55.563 Thread 0x000002141e52b850 flushing  nmethod 0x000002140877ce90
Event: 55.563 Thread 0x000002141e52b850 flushing  nmethod 0x0000021408792310
Event: 55.563 Thread 0x000002141e52b850 flushing  nmethod 0x000002140879bb10
Event: 55.564 Thread 0x000002141e52b850 flushing  nmethod 0x00000214087c1290
Event: 55.564 Thread 0x000002141e52b850 flushing  nmethod 0x0000021408800a10
Event: 55.564 Thread 0x000002141e52b850 flushing  nmethod 0x000002140881bf10
Event: 55.564 Thread 0x000002141e52b850 flushing  nmethod 0x000002140882dd10
Event: 55.564 Thread 0x000002141e52b850 flushing  nmethod 0x0000021408872d10
Event: 55.565 Thread 0x000002141e52b850 flushing  nmethod 0x00000214088a4a90
Event: 55.565 Thread 0x000002141e52b850 flushing  nmethod 0x00000214088a7b10
Event: 55.565 Thread 0x000002141e52b850 flushing  nmethod 0x0000021408929210
Event: 55.566 Thread 0x000002141e52b850 flushing  nmethod 0x0000021408988810
Event: 55.566 Thread 0x000002141e52b850 flushing  nmethod 0x0000021408a02890
Event: 55.566 Thread 0x000002141e52b850 flushing  nmethod 0x0000021408a2e990
Event: 55.566 Thread 0x000002141e52b850 flushing  nmethod 0x0000021408a36190
Event: 55.568 Thread 0x000002141e52b850 flushing  nmethod 0x0000021408b9ca90
Event: 55.570 Thread 0x000002141e52b850 flushing  nmethod 0x0000021408cfca10
Event: 55.570 Thread 0x000002141e52b850 flushing  nmethod 0x0000021408d22c90

Events (20 events):
Event: 56.165 Thread 0x00000214422eaae0 Thread added: 0x00000214426aa0f0
Event: 56.168 Thread 0x00000214422eaae0 Thread added: 0x00000214426addb0
Event: 56.169 Thread 0x00000214422eaae0 Thread added: 0x00000214426ab020
Event: 56.171 Thread 0x00000214422eaff0 Thread added: 0x00000214426ab530
Event: 56.171 Thread 0x00000214422eaae0 Thread added: 0x00000214426aab10
Event: 56.175 Thread 0x00000214422eaff0 Thread added: 0x00000214426ace80
Event: 56.176 Thread 0x00000214422eaae0 Thread added: 0x00000214426aba40
Event: 56.179 Thread 0x00000214422eaff0 Thread added: 0x00000214426abf50
Event: 56.182 Thread 0x00000214422eaae0 Thread added: 0x00000214426ac460
Event: 56.186 Thread 0x00000214422eaae0 Thread added: 0x00000214421c9760
Event: 56.190 Thread 0x00000214422eaae0 Thread added: 0x00000214421ca690
Event: 56.194 Thread 0x00000214422eaae0 Thread added: 0x00000214421c8320
Event: 56.295 Thread 0x00000214422eaff0 Thread added: 0x00000214421caba0
Event: 61.147 Thread 0x000002141e758820 Thread added: 0x00000214421ca180
Event: 115.554 Thread 0x0000021442e53c70 Thread exited: 0x0000021442e53c70
Event: 115.592 Thread 0x0000021442e53250 Thread exited: 0x0000021442e53250
Event: 115.639 Thread 0x0000021442e513f0 Thread exited: 0x0000021442e513f0
Event: 116.807 Thread 0x0000021442e4eb70 Thread exited: 0x0000021442e4eb70
Event: 118.839 Thread 0x0000021442e50ee0 Thread exited: 0x0000021442e50ee0
Event: 118.947 Thread 0x0000021442e51e10 Thread exited: 0x0000021442e51e10


Dynamic libraries:
0x00007ff7e6f10000 - 0x00007ff7e6f1e000 	E:\android_studio\java_17\jdk-17.0.18+8\bin\java.exe
0x00007ffba0f60000 - 0x00007ffba11c7000 	C:\WINDOWS\SYSTEM32\ntdll.dll
0x00007ffb9efe0000 - 0x00007ffb9f0a9000 	C:\WINDOWS\System32\KERNEL32.DLL
0x00007ffb9e710000 - 0x00007ffb9eb04000 	C:\WINDOWS\System32\KERNELBASE.dll
0x00007ffb9e3a0000 - 0x00007ffb9e4eb000 	C:\WINDOWS\System32\ucrtbase.dll
0x00007ffb93be0000 - 0x00007ffb93bfe000 	E:\android_studio\java_17\jdk-17.0.18+8\bin\VCRUNTIME140.dll
0x00007ffb93f40000 - 0x00007ffb93f58000 	E:\android_studio\java_17\jdk-17.0.18+8\bin\jli.dll
0x00007ffb9ecf0000 - 0x00007ffb9eeb5000 	C:\WINDOWS\System32\USER32.dll
0x00007ffb89e60000 - 0x00007ffb8a0f3000 	C:\WINDOWS\WinSxS\amd64_microsoft.windows.common-controls_6595b64144ccf1df_6.0.26100.8115_none_3e075c82e3354f9c\COMCTL32.dll
0x00007ffba00c0000 - 0x00007ffba0169000 	C:\WINDOWS\System32\msvcrt.dll
0x00007ffb9e370000 - 0x00007ffb9e397000 	C:\WINDOWS\System32\win32u.dll
0x00007ffb9f9a0000 - 0x00007ffb9f9cb000 	C:\WINDOWS\System32\GDI32.dll
0x00007ffb9ebc0000 - 0x00007ffb9ecea000 	C:\WINDOWS\System32\gdi32full.dll
0x00007ffb9e660000 - 0x00007ffb9e703000 	C:\WINDOWS\System32\msvcp_win.dll
0x00007ffb9fb40000 - 0x00007ffb9fb72000 	C:\WINDOWS\System32\IMM32.DLL
0x00007ffb94410000 - 0x00007ffb9441c000 	E:\android_studio\java_17\jdk-17.0.18+8\bin\vcruntime140_1.dll
0x00007ffb4ab00000 - 0x00007ffb4ab8d000 	E:\android_studio\java_17\jdk-17.0.18+8\bin\msvcp140.dll
0x00007ffb06250000 - 0x00007ffb06ebb000 	E:\android_studio\java_17\jdk-17.0.18+8\bin\server\jvm.dll
0x00007ffb9f4c0000 - 0x00007ffb9f576000 	C:\WINDOWS\System32\ADVAPI32.dll
0x00007ffb9f790000 - 0x00007ffb9f837000 	C:\WINDOWS\System32\sechost.dll
0x00007ffb9eec0000 - 0x00007ffb9efd8000 	C:\WINDOWS\System32\RPCRT4.dll
0x00007ffba0720000 - 0x00007ffba07a0000 	C:\WINDOWS\System32\WS2_32.dll
0x00007ffb97340000 - 0x00007ffb97376000 	C:\WINDOWS\SYSTEM32\WINMM.dll
0x00007ffb9d6b0000 - 0x00007ffb9d70e000 	C:\WINDOWS\SYSTEM32\POWRPROF.dll
0x00007ffb97ff0000 - 0x00007ffb97ffb000 	C:\WINDOWS\SYSTEM32\VERSION.dll
0x00007ffb9d690000 - 0x00007ffb9d6a4000 	C:\WINDOWS\SYSTEM32\UMPDC.dll
0x00007ffb9c5a0000 - 0x00007ffb9c5bb000 	C:\WINDOWS\SYSTEM32\kernel.appcore.dll
0x00007ffb93f20000 - 0x00007ffb93f2a000 	E:\android_studio\java_17\jdk-17.0.18+8\bin\jimage.dll
0x00007ffb9b7c0000 - 0x00007ffb9ba02000 	C:\WINDOWS\SYSTEM32\DBGHELP.DLL
0x00007ffb9f0b0000 - 0x00007ffb9f432000 	C:\WINDOWS\System32\combase.dll
0x00007ffb9f8c0000 - 0x00007ffb9f997000 	C:\WINDOWS\System32\OLEAUT32.dll
0x00007ffb89d80000 - 0x00007ffb89dbb000 	C:\WINDOWS\SYSTEM32\dbgcore.DLL
0x00007ffb9eb10000 - 0x00007ffb9ebb5000 	C:\WINDOWS\System32\bcryptPrimitives.dll
0x00007ffb93830000 - 0x00007ffb9383e000 	E:\android_studio\java_17\jdk-17.0.18+8\bin\instrument.dll
0x00007ffb93a30000 - 0x00007ffb93a55000 	E:\android_studio\java_17\jdk-17.0.18+8\bin\java.dll
0x00007ffb2f780000 - 0x00007ffb2f857000 	E:\android_studio\java_17\jdk-17.0.18+8\bin\jsvml.dll
0x00007ffba07b0000 - 0x00007ffba0f16000 	C:\WINDOWS\System32\SHELL32.dll
0x00007ffb9e4f0000 - 0x00007ffb9e65a000 	C:\WINDOWS\System32\wintypes.dll
0x00007ffb9db00000 - 0x00007ffb9e365000 	C:\WINDOWS\System32\windows.storage.dll
0x00007ffb9feb0000 - 0x00007ffb9ffa7000 	C:\WINDOWS\System32\SHCORE.dll
0x00007ffb9fca0000 - 0x00007ffb9fd06000 	C:\WINDOWS\System32\shlwapi.dll
0x00007ffb9d750000 - 0x00007ffb9d779000 	C:\WINDOWS\SYSTEM32\profapi.dll
0x00007ffb935b0000 - 0x00007ffb935c8000 	E:\android_studio\java_17\jdk-17.0.18+8\bin\zip.dll
0x00007ffb938b0000 - 0x00007ffb938ca000 	E:\android_studio\java_17\jdk-17.0.18+8\bin\net.dll
0x00007ffb97150000 - 0x00007ffb9727d000 	C:\WINDOWS\SYSTEM32\WINHTTP.dll
0x00007ffb9cba0000 - 0x00007ffb9cc0c000 	C:\WINDOWS\system32\mswsock.dll
0x00007ffb93840000 - 0x00007ffb93856000 	E:\android_studio\java_17\jdk-17.0.18+8\bin\nio.dll
0x00007ffb93e20000 - 0x00007ffb93e30000 	E:\android_studio\java_17\jdk-17.0.18+8\bin\verify.dll
0x00007ffb7ce90000 - 0x00007ffb7ceb7000 	C:\Users\dhruv\.gradle\native\1def1411415f61bf3af743bc5b6707747c0891f09f0c88961ee8f79bc544acac\windows-amd64\native-platform.dll
0x00007ffb2ea80000 - 0x00007ffb2eaf7000 	C:\Users\dhruv\.gradle\native\0.2.8\x86_64-windows-gnu\gradle-fileevents.dll
0x00007ffb93ee0000 - 0x00007ffb93eea000 	E:\android_studio\java_17\jdk-17.0.18+8\bin\management.dll
0x00007ffb93e80000 - 0x00007ffb93e8c000 	E:\android_studio\java_17\jdk-17.0.18+8\bin\management_ext.dll
0x00007ffb9f5a0000 - 0x00007ffb9f5a8000 	C:\WINDOWS\System32\PSAPI.DLL
0x00007ffb9bfc0000 - 0x00007ffb9bff2000 	C:\WINDOWS\SYSTEM32\IPHLPAPI.DLL
0x00007ffba0170000 - 0x00007ffba017a000 	C:\WINDOWS\System32\NSI.dll
0x00007ffb96f40000 - 0x00007ffb96f5d000 	C:\WINDOWS\SYSTEM32\dhcpcsvc6.DLL
0x00007ffb96f10000 - 0x00007ffb96f35000 	C:\WINDOWS\SYSTEM32\dhcpcsvc.DLL
0x00007ffb9c060000 - 0x00007ffb9c192000 	C:\WINDOWS\SYSTEM32\DNSAPI.dll
0x00007ffb93a20000 - 0x00007ffb93a29000 	E:\android_studio\java_17\jdk-17.0.18+8\bin\extnet.dll
0x00007ffb9ce80000 - 0x00007ffb9ce9b000 	C:\WINDOWS\SYSTEM32\CRYPTSP.dll
0x00007ffb9c500000 - 0x00007ffb9c539000 	C:\WINDOWS\system32\rsaenh.dll
0x00007ffb9cc50000 - 0x00007ffb9cc83000 	C:\WINDOWS\SYSTEM32\USERENV.dll
0x00007ffb9d720000 - 0x00007ffb9d74a000 	C:\WINDOWS\SYSTEM32\bcrypt.dll
0x00007ffb9cea0000 - 0x00007ffb9ceac000 	C:\WINDOWS\SYSTEM32\CRYPTBASE.dll
0x00007ffb937a0000 - 0x00007ffb937ae000 	E:\android_studio\java_17\jdk-17.0.18+8\bin\sunmscapi.dll
0x00007ffb9d8f0000 - 0x00007ffb9da67000 	C:\WINDOWS\System32\CRYPT32.dll
0x00007ffb9d0a0000 - 0x00007ffb9d0d0000 	C:\WINDOWS\SYSTEM32\ncrypt.dll
0x00007ffb9d050000 - 0x00007ffb9d08f000 	C:\WINDOWS\SYSTEM32\NTASN1.dll
0x00007ffb462d0000 - 0x00007ffb462d8000 	C:\WINDOWS\system32\wshunix.dll

dbghelp: loaded successfully - version: 4.0.5 - missing functions: none
symbol engine: initialized successfully - sym options: 0x614 - pdb path: .;E:\android_studio\java_17\jdk-17.0.18+8\bin;C:\WINDOWS\SYSTEM32;C:\WINDOWS\WinSxS\amd64_microsoft.windows.common-controls_6595b64144ccf1df_6.0.26100.8115_none_3e075c82e3354f9c;E:\android_studio\java_17\jdk-17.0.18+8\bin\server;C:\Users\dhruv\.gradle\native\1def1411415f61bf3af743bc5b6707747c0891f09f0c88961ee8f79bc544acac\windows-amd64;C:\Users\dhruv\.gradle\native\0.2.8\x86_64-windows-gnu

VM Arguments:
jvm_args: --add-opens=java.base/java.lang=ALL-UNNAMED --add-opens=java.base/java.lang.invoke=ALL-UNNAMED --add-opens=java.base/java.util=ALL-UNNAMED --add-opens=java.prefs/java.util.prefs=ALL-UNNAMED --add-exports=jdk.compiler/com.sun.tools.javac.api=ALL-UNNAMED --add-exports=jdk.compiler/com.sun.tools.javac.util=ALL-UNNAMED --add-opens=java.base/java.util=ALL-UNNAMED --add-opens=java.prefs/java.util.prefs=ALL-UNNAMED --add-opens=java.base/java.nio.charset=ALL-UNNAMED --add-opens=java.base/java.net=ALL-UNNAMED --add-opens=java.base/java.util.concurrent=ALL-UNNAMED --add-opens=java.base/java.util.concurrent.atomic=ALL-UNNAMED --add-opens=java.xml/javax.xml.namespace=ALL-UNNAMED -XX:MaxMetaspaceSize=512m -Xmx2048m -Dfile.encoding=windows-1252 -Duser.country=IN -Duser.language=en -Duser.variant -javaagent:C:\Users\dhruv\.gradle\wrapper\dists\gradle-9.0.0-bin\d6wjpkvcgsg3oed0qlfss3wgl\gradle-9.0.0\lib\agents\gradle-instrumentation-agent-9.0.0.jar 
java_command: org.gradle.launcher.daemon.bootstrap.GradleDaemon 9.0.0
java_class_path (initial): C:\Users\dhruv\.gradle\wrapper\dists\gradle-9.0.0-bin\d6wjpkvcgsg3oed0qlfss3wgl\gradle-9.0.0\lib\gradle-daemon-main-9.0.0.jar
Launcher Type: SUN_STANDARD

[Global flags]
     intx CICompilerCount                          = 4                                         {product} {ergonomic}
   size_t CompressedClassSpaceSize                 = 436207616                                 {product} {ergonomic}
     uint ConcGCThreads                            = 3                                         {product} {ergonomic}
     uint G1ConcRefinementThreads                  = 10                                        {product} {ergonomic}
   size_t G1HeapRegionSize                         = 1048576                                   {product} {ergonomic}
    uintx GCDrainStackTargetSize                   = 64                                        {product} {ergonomic}
   size_t InitialHeapSize                          = 98566144                                  {product} {ergonomic}
   size_t MarkStackSize                            = 4194304                                   {product} {ergonomic}
   size_t MaxHeapSize                              = 2147483648                                {product} {command line}
   size_t MaxMetaspaceSize                         = 536870912                                 {product} {command line}
   size_t MaxNewSize                               = 1287651328                                {product} {ergonomic}
   size_t MinHeapDeltaBytes                        = 1048576                                   {product} {ergonomic}
   size_t MinHeapSize                              = 8388608                                   {product} {ergonomic}
    uintx NonNMethodCodeHeapSize                   = 5839372                                {pd product} {ergonomic}
    uintx NonProfiledCodeHeapSize                  = 122909434                              {pd product} {ergonomic}
    uintx ProfiledCodeHeapSize                     = 122909434                              {pd product} {ergonomic}
    uintx ReservedCodeCacheSize                    = 251658240                              {pd product} {ergonomic}
     bool SegmentedCodeCache                       = true                                      {product} {ergonomic}
   size_t SoftMaxHeapSize                          = 2147483648                             {manageable} {ergonomic}
     bool UseCompressedClassPointers               = true                           {product lp64_product} {ergonomic}
     bool UseCompressedOops                        = true                           {product lp64_product} {ergonomic}
     bool UseG1GC                                  = true                                      {product} {ergonomic}
     bool UseLargePagesIndividualAllocation        = false                                  {pd product} {ergonomic}

Logging:
Log output configuration:
 #0: stdout all=warning uptime,level,tags
 #1: stderr all=off uptime,level,tags

Environment Variables:
JAVA_HOME=E:\android_studio\java_17\jdk-17.0.18+8
PATH=C:\Windows\system32;C:\Windows;C:\Windows\System32\Wbem;C:\Windows\System32\WindowsPowerShell\v1.0\;C:\Windows\System32\OpenSSH\;C:\Program Files (x86)\NVIDIA Corporation\PhysX\Common;C:\Program Files\NVIDIA Corporation\NVIDIA NvDLISR;C:\WINDOWS\system32;C:\WINDOWS;C:\WINDOWS\System32\Wbem;C:\WINDOWS\System32\WindowsPowerShell\v1.0\;C:\WINDOWS\System32\OpenSSH\;C:\Program Files\nodejs\;C:\ffmpeg\ffmpeg-8.0.1-essentials_build\bin;E:\android_studio\cmdline-tools\latest\bin;E:\android_studio\platform-tools;E:\android_studio\java_17\jdk-17.0.18+8\bin;C:\Program Files\Git\cmd;C:\Users\dhruv\miniconda3;C:\Users\dhruv\miniconda3\Library\mingw-w64\bin;C:\Users\dhruv\miniconda3\Library\usr\bin;C:\Users\dhruv\miniconda3\Library\bin;C:\Users\dhruv\miniconda3\Scripts;C:\Users\dhruv\AppData\Local\Microsoft\WindowsApps;C:\Users\dhruv\AppData\Local\Programs\Microsoft VS Code\bin;C:\Users\dhruv\AppData\Roaming\npm;E:\android_studio\cmdline-tools\bin
USERNAME=dhruv
OS=Windows_NT
PROCESSOR_IDENTIFIER=AMD64 Family 25 Model 80 Stepping 0, AuthenticAMD
TMP=C:\Users\dhruv\AppData\Local\Temp
TEMP=C:\Users\dhruv\AppData\Local\Temp



Periodic native trim disabled


---------------  S Y S T E M  ---------------

OS:
 Windows 11 , 64 bit Build 26100 (10.0.26100.8115)
OS uptime: 5 days 4:56 hours
Hyper-V role detected

CPU: total 12 (initial active 12) (12 cores per cpu, 2 threads per core) family 25 model 80 stepping 0 microcode 0xa50000c, cx8, cmov, fxsr, ht, mmx, 3dnowpref, sse, sse2, sse3, ssse3, sse4a, sse4.1, sse4.2, popcnt, lzcnt, tsc, tscinvbit, avx, avx2, aes, erms, clmul, bmi1, bmi2, adx, sha, fma, vzeroupper, clflush, clflushopt, hv
Processor Information for all 12 processors :
  Max Mhz: 3301, Current Mhz: 3301, Mhz Limit: 3301

Memory: 4k page, system-wide physical 5996M (1036M free)
TotalPageFile size 24428M (AvailPageFile size 20M)
current process WorkingSet (physical memory assigned to process): 25M, peak: 373M
current process commit charge ("private bytes"): 548M, peak: 569M

vm_info: OpenJDK 64-Bit Server VM (17.0.18+8) for windows-amd64 JRE (17.0.18+8), built on Jan 20 2026 22:28:22 by "admin" with MS VC++ 17.12 (VS2022)

END.
