#
# There is insufficient memory for the Java Runtime Environment to continue.
# Native memory allocation (malloc) failed to allocate 1150576 bytes. Error detail: Chunk::new
# Possible reasons:
#   The system is out of physical RAM or swap space
#   This process is running with CompressedOops enabled, and the Java Heap may be blocking the growth of the native heap
# Possible solutions:
#   Reduce memory load on the system
#   Increase physical memory or swap space
#   Check if swap backing store is full
#   Decrease Java heap size (-Xmx/-Xms)
#   Decrease number of Java threads
#   Decrease Java thread stack sizes (-Xss)
#   Set larger code cache with -XX:ReservedCodeCacheSize=
#   JVM is running with Unscaled Compressed Oops mode in which the Java heap is
#     placed in the first 4GB address space. The Java Heap base address is the
#     maximum limit for the native heap growth. Please use -XX:HeapBaseMinAddress
#     to set the Java Heap base and to place the Java Heap above 4GB virtual address.
# This output file may be truncated or incomplete.
#
#  Out of Memory Error (arena.cpp:191), pid=56532, tid=63284
#
# JRE version: OpenJDK Runtime Environment Temurin-17.0.18+8 (17.0.18+8) (build 17.0.18+8)
# Java VM: OpenJDK 64-Bit Server VM Temurin-17.0.18+8 (17.0.18+8, mixed mode, sharing, tiered, compressed oops, compressed class ptrs, g1 gc, windows-amd64)
# No core dump will be written. Minidumps are not enabled by default on client versions of Windows
#

---------------  S U M M A R Y ------------

Command Line: --add-opens=java.base/java.lang=ALL-UNNAMED --add-opens=java.base/java.lang.invoke=ALL-UNNAMED --add-opens=java.base/java.util=ALL-UNNAMED --add-opens=java.prefs/java.util.prefs=ALL-UNNAMED --add-exports=jdk.compiler/com.sun.tools.javac.api=ALL-UNNAMED --add-exports=jdk.compiler/com.sun.tools.javac.util=ALL-UNNAMED --add-opens=java.base/java.util=ALL-UNNAMED --add-opens=java.prefs/java.util.prefs=ALL-UNNAMED --add-opens=java.base/java.nio.charset=ALL-UNNAMED --add-opens=java.base/java.net=ALL-UNNAMED --add-opens=java.base/java.util.concurrent=ALL-UNNAMED --add-opens=java.base/java.util.concurrent.atomic=ALL-UNNAMED --add-opens=java.xml/javax.xml.namespace=ALL-UNNAMED -XX:MaxMetaspaceSize=512m -Xmx2048m -Dfile.encoding=windows-1252 -Duser.country=IN -Duser.language=en -Duser.variant -javaagent:E:\GradleCache\wrapper\dists\gradle-9.0.0-bin\d6wjpkvcgsg3oed0qlfss3wgl\gradle-9.0.0\lib\agents\gradle-instrumentation-agent-9.0.0.jar org.gradle.launcher.daemon.bootstrap.GradleDaemon 9.0.0

Host: AMD Ryzen 5 5600H with Radeon Graphics         , 12 cores, 5G,  Windows 11 , 64 bit Build 26100 (10.0.26100.8115)
Time: Mon Apr  6 21:03:45 2026 India Standard Time elapsed time: 526.768407 seconds (0d 0h 8m 46s)

---------------  T H R E A D  ---------------

Current thread (0x0000019cced1ddf0):  JavaThread "C2 CompilerThread0" daemon [_thread_in_native, id=63284, stack(0x0000006711e00000,0x0000006711f00000)]


Current CompileTask:
C2:526769 42533       4       com.android.tools.r8.internal.M7::c (2346 bytes)

Stack: [0x0000006711e00000,0x0000006711f00000]
Native frames: (J=compiled Java code, j=interpreted, Vv=VM code, C=native code)
V  [jvm.dll+0x6846f9]
V  [jvm.dll+0x839ea5]
V  [jvm.dll+0x83b91e]
V  [jvm.dll+0x83bfa3]
V  [jvm.dll+0x248eff]
V  [jvm.dll+0xad496]
V  [jvm.dll+0xadb3c]
V  [jvm.dll+0x2b05df]
V  [jvm.dll+0x58acf5]
V  [jvm.dll+0x222e84]
V  [jvm.dll+0x22327d]
V  [jvm.dll+0x21bfdb]
V  [jvm.dll+0x2190fe]
V  [jvm.dll+0x1a4920]
V  [jvm.dll+0x22989a]
V  [jvm.dll+0x227a4b]
V  [jvm.dll+0x7f0658]
V  [jvm.dll+0x7eaaec]
V  [jvm.dll+0x6835c7]
C  [ucrtbase.dll+0x37b0]
C  [KERNEL32.DLL+0x2e8d7]
C  [ntdll.dll+0x8c3fc]


---------------  P R O C E S S  ---------------

Threads class SMR info:
_java_thread_list=0x0000019cfbd1f430, length=248, elements={
0x0000019cb0409350, 0x0000019cced02640, 0x0000019cced04f20, 0x0000019cced19770,
0x0000019cced1a040, 0x0000019cced1a910, 0x0000019cced1b1e0, 0x0000019cced1ddf0,
0x0000019cced27b20, 0x0000019cced29050, 0x0000019cee0ce770, 0x0000019cee18b9e0,
0x0000019cef1ab340, 0x0000019cef9fa030, 0x0000019cefba0840, 0x0000019ceeda9f80,
0x0000019ceedaa830, 0x0000019cefd00fb0, 0x0000019cefd014c0, 0x0000019cefd02e10,
0x0000019cefd00590, 0x0000019cefd019d0, 0x0000019cefd023f0, 0x0000019cefd02900,
0x0000019cefd00aa0, 0x0000019cefd01ee0, 0x0000019cefd03320, 0x0000019cefd03830,
0x0000019ceffe9570, 0x0000019ceffe9f90, 0x0000019ceffe9a80, 0x0000019ceffec300,
0x0000019ceffea4a0, 0x0000019ceffeb8e0, 0x0000019ceffedc50, 0x0000019ceffee670,
0x0000019ceffed230, 0x0000019ceffefab0, 0x0000019ceffef090, 0x0000019ceffef5a0,
0x0000019ceffed740, 0x0000019ceffeeb80, 0x0000019ceffeffc0, 0x0000019cefff04d0,
0x0000019cefff09e0, 0x0000019cf09907e0, 0x0000019cf09902d0, 0x0000019cf098e980,
0x0000019cf098ee90, 0x0000019cf098d540, 0x0000019cf098da50, 0x0000019cf098fdc0,
0x0000019cf098f3a0, 0x0000019cf098df60, 0x0000019cf098f8b0, 0x0000019cf098e470,
0x0000019cf098d030, 0x0000019cf0991710, 0x0000019cf0992b50, 0x0000019cf0992640,
0x0000019cf09944a0, 0x0000019cf0990cf0, 0x0000019cf0993060, 0x0000019cf0993570,
0x0000019cf0993f90, 0x0000019cf0991c20, 0x0000019cf09949b0, 0x0000019cf0992130,
0x0000019cf0993a80, 0x0000019cf0991200, 0x0000019cf14ad3f0, 0x0000019cf14b0180,
0x0000019cf14ae830, 0x0000019cf14acee0, 0x0000019cf14b0690, 0x0000019cf14aed40,
0x0000019cf14ade10, 0x0000019cf14b2a00, 0x0000019cf14b1ad0, 0x0000019cf14b1fe0,
0x0000019cf14b24f0, 0x0000019cf14af250, 0x0000019cf14b2f10, 0x0000019cf14af760,
0x0000019cf14b3420, 0x0000019cf14b3930, 0x0000019cf14b3e40, 0x0000019cf14b4860,
0x0000019cf139b510, 0x0000019cf139a0d0, 0x0000019cf139b000, 0x0000019cf139ba20,
0x0000019cf139a5e0, 0x0000019cf139bf30, 0x0000019cf1399bc0, 0x0000019cf139aaf0,
0x0000019cf139c440, 0x0000019cf139c950, 0x0000019cf139ce60, 0x0000019cf13996b0,
0x0000019cf13a0100, 0x0000019cf139e2a0, 0x0000019cf139f6e0, 0x0000019cf13a0b20,
0x0000019cf139dd90, 0x0000019cf139ecc0, 0x0000019cf139d880, 0x0000019cf13a0610,
0x0000019cf139d370, 0x0000019cf139e7b0, 0x0000019cf13a1030, 0x0000019cf139f1d0,
0x0000019cf139fbf0, 0x0000019cf0764ee0, 0x0000019cf0768ba0, 0x0000019cf0766830,
0x0000019cf07690b0, 0x0000019cf0766320, 0x0000019cf076aa00, 0x0000019cf076a4f0,
0x0000019cf0769ad0, 0x0000019cf076be40, 0x0000019cf0769fe0, 0x0000019cf04f8290,
0x0000019cf04f7870, 0x0000019cf04f96d0, 0x0000019cf04f8cb0, 0x0000019cf04f9be0,
0x0000019cf04f91c0, 0x0000019cf04fa0f0, 0x0000019cf04f87a0, 0x0000019cf04fa600,
0x0000019cf04fab10, 0x0000019cf04f7360, 0x0000019cf04f7d80, 0x0000019cf14b10b0,
0x0000019cf2e18360, 0x0000019cf2e18870, 0x0000019cf2e197a0, 0x0000019cf2e16f20,
0x0000019cf2e16a10, 0x0000019cf2e19cb0, 0x0000019cf2e1abe0, 0x0000019cf2e1a1c0,
0x0000019cf2e18d80, 0x0000019cf2e1a6d0, 0x0000019cf2e17430, 0x0000019cf2e1b0f0,
0x0000019cf2e19290, 0x0000019cf2e17940, 0x0000019cf2e1b600, 0x0000019cf2e17e50,
0x0000019cf2e1ca40, 0x0000019cf2e1e390, 0x0000019cf2e1bb10, 0x0000019cf2e1c530,
0x0000019cf2e1cf50, 0x0000019cf2e1d460, 0x0000019cf2e1d970, 0x0000019cf2e1c020,
0x0000019cf2e1de80, 0x0000019cf3363cc0, 0x0000019cf3362370, 0x0000019cf3361440,
0x0000019cf3361e60, 0x0000019cf3365100, 0x0000019cf3362880, 0x0000019cf33641d0,
0x0000019cf3362d90, 0x0000019cf33632a0, 0x0000019cf33637b0, 0x0000019cf33646e0,
0x0000019cf3361950, 0x0000019cf3365610, 0x0000019cf3365b20, 0x0000019cf3367470,
0x0000019cf3366030, 0x0000019cf3364bf0, 0x0000019cf3368dc0, 0x0000019cf3367980,
0x0000019cf3ba1ae0, 0x0000019cf3ba2f20, 0x0000019cf3ba2a10, 0x0000019cf3ba3940,
0x0000019cf3ba4870, 0x0000019cf3ba6be0, 0x0000019cf3ba70f0, 0x0000019cf3ba5cb0,
0x0000019cf3ba8530, 0x0000019cf07649d0, 0x0000019cfac167c0, 0x0000019cfac16cd0,
0x0000019cfac18b30, 0x0000019cfac18620, 0x0000019cfac19a60, 0x0000019cfac162b0,
0x0000019cfac209c0, 0x0000019cfac1d720, 0x0000019cfac218f0, 0x0000019cf0768690,
0x0000019cf0766d40, 0x0000019cf076b420, 0x0000019cf076b930, 0x0000019cf3ba4360,
0x0000019ceffea9b0, 0x0000019cfac1aea0, 0x0000019cfac255b0, 0x0000019cf14ad900,
0x0000019cf33688b0, 0x0000019cfac24170, 0x0000019cfe010dd0, 0x0000019cfe0103b0,
0x0000019cfe011d00, 0x0000019cfe012210, 0x0000019cfe012c30, 0x0000019cfe013140,
0x0000019cfe00f990, 0x0000019cfe00fea0, 0x0000019cfe013b60, 0x0000019cfe014070,
0x0000019cfe0108c0, 0x0000019cfe0159c0, 0x0000019cfe014a90, 0x0000019cfe017310,
0x0000019cfe0163e0, 0x0000019cfe018240, 0x0000019cfe01dd60, 0x0000019cfac1dc30,
0x0000019cfac1a990, 0x0000019cfac22820, 0x0000019cfac22310, 0x0000019cfac24b90,
0x0000019cfac22d30, 0x0000019cfac23750, 0x0000019cfac24680, 0x0000019ceffeaec0,
0x0000019ceffeb3d0, 0x0000019ceffee160, 0x0000019cf3ba10c0, 0x0000019cf3ba5290,
0x0000019cf0765900, 0x0000019cfac23c60, 0x0000019cfe0112e0, 0x0000019cfe015ed0,
0x0000019cfe012720, 0x0000019cfe017820, 0x0000019cfd0c1a60, 0x0000019cfad0c770
}

Java Threads: ( => current thread )
  0x0000019cb0409350 JavaThread "main" [_thread_blocked, id=63248, stack(0x0000006711100000,0x0000006711200000)]
  0x0000019cced02640 JavaThread "Reference Handler" daemon [_thread_blocked, id=56184, stack(0x0000006711800000,0x0000006711900000)]
  0x0000019cced04f20 JavaThread "Finalizer" daemon [_thread_blocked, id=32852, stack(0x0000006711900000,0x0000006711a00000)]
  0x0000019cced19770 JavaThread "Signal Dispatcher" daemon [_thread_blocked, id=53328, stack(0x0000006711a00000,0x0000006711b00000)]
  0x0000019cced1a040 JavaThread "Attach Listener" daemon [_thread_blocked, id=28496, stack(0x0000006711b00000,0x0000006711c00000)]
  0x0000019cced1a910 JavaThread "Service Thread" daemon [_thread_blocked, id=44552, stack(0x0000006711c00000,0x0000006711d00000)]
  0x0000019cced1b1e0 JavaThread "Monitor Deflation Thread" daemon [_thread_blocked, id=32272, stack(0x0000006711d00000,0x0000006711e00000)]
=>0x0000019cced1ddf0 JavaThread "C2 CompilerThread0" daemon [_thread_in_native, id=63284, stack(0x0000006711e00000,0x0000006711f00000)]
  0x0000019cced27b20 JavaThread "C1 CompilerThread0" daemon [_thread_blocked, id=28104, stack(0x0000006711f00000,0x0000006712000000)]
  0x0000019cced29050 JavaThread "Sweeper thread" daemon [_thread_in_vm, id=52984, stack(0x0000006712000000,0x0000006712100000)]
  0x0000019cee0ce770 JavaThread "Common-Cleaner" daemon [_thread_blocked, id=31096, stack(0x0000006712100000,0x0000006712200000)]
  0x0000019cee18b9e0 JavaThread "Notification Thread" daemon [_thread_blocked, id=42576, stack(0x0000006712200000,0x0000006712300000)]
  0x0000019cef1ab340 JavaThread "Daemon health stats" [_thread_blocked, id=62104, stack(0x0000006712900000,0x0000006712a00000)]
  0x0000019cef9fa030 JavaThread "Incoming local TCP Connector on port 56091" [_thread_in_native, id=62288, stack(0x0000006712a00000,0x0000006712b00000)]
  0x0000019cefba0840 JavaThread "Daemon periodic checks" [_thread_blocked, id=31360, stack(0x0000006712b00000,0x0000006712c00000)]
  0x0000019ceeda9f80 JavaThread "Daemon" [_thread_blocked, id=17332, stack(0x0000006712c00000,0x0000006712d00000)]
  0x0000019ceedaa830 JavaThread "Handler for socket connection from /127.0.0.1:56091 to /127.0.0.1:56092" [_thread_in_native, id=45840, stack(0x0000006712d00000,0x0000006712e00000)]
  0x0000019cefd00fb0 JavaThread "Cancel handler" [_thread_blocked, id=56472, stack(0x0000006712e00000,0x0000006712f00000)]
  0x0000019cefd014c0 JavaThread "Daemon worker" [_thread_blocked, id=50092, stack(0x0000006712f00000,0x0000006713000000)]
  0x0000019cefd02e10 JavaThread "Asynchronous log dispatcher for DefaultDaemonConnection: socket connection from /127.0.0.1:56091 to /127.0.0.1:56092" [_thread_blocked, id=40148, stack(0x0000006713000000,0x0000006713100000)]
  0x0000019cefd00590 JavaThread "Stdin handler" [_thread_blocked, id=48488, stack(0x0000006713100000,0x0000006713200000)]
  0x0000019cefd019d0 JavaThread "Daemon client event forwarder" [_thread_blocked, id=29228, stack(0x0000006713200000,0x0000006713300000)]
  0x0000019cefd023f0 JavaThread "Cache worker for journal cache (E:\GradleCache\caches\journal-1)" [_thread_blocked, id=44896, stack(0x0000006713800000,0x0000006713900000)]
  0x0000019cefd02900 JavaThread "File lock request listener" [_thread_in_native, id=17644, stack(0x0000006713900000,0x0000006713a00000)]
  0x0000019cefd00aa0 JavaThread "Cache worker for file hash cache (E:\GradleCache\caches\9.0.0\fileHashes)" [_thread_blocked, id=44100, stack(0x0000006712400000,0x0000006712500000)]
  0x0000019cefd01ee0 JavaThread "Cache worker for file hash cache (E:\visionFrontend\frontend\SpeakingCoach\android\.gradle\9.0.0\fileHashes)" [_thread_blocked, id=18572, stack(0x0000006713c00000,0x0000006713d00000)]
  0x0000019cefd03320 JavaThread "Cache worker for Build Output Cleanup Cache (E:\visionFrontend\frontend\SpeakingCoach\android\.gradle\buildOutputCleanup)" [_thread_blocked, id=42380, stack(0x0000006713d00000,0x0000006713e00000)]
  0x0000019cefd03830 JavaThread "File watcher server" daemon [_thread_in_native, id=37340, stack(0x0000006713e00000,0x0000006713f00000)]
  0x0000019ceffe9570 JavaThread "File watcher consumer" daemon [_thread_blocked, id=28712, stack(0x0000006713f00000,0x0000006714000000)]
  0x0000019ceffe9f90 JavaThread "Cache worker for checksums cache (E:\visionFrontend\frontend\SpeakingCoach\android\.gradle\9.0.0\checksums)" [_thread_blocked, id=58760, stack(0x0000006714000000,0x0000006714100000)]
  0x0000019ceffe9a80 JavaThread "Cache worker for file content cache (E:\GradleCache\caches\9.0.0\fileContent)" [_thread_blocked, id=29452, stack(0x0000006714100000,0x0000006714200000)]
  0x0000019ceffec300 JavaThread "Cache worker for cache directory md-supplier (E:\GradleCache\caches\9.0.0\md-supplier)" [_thread_blocked, id=27852, stack(0x0000006714200000,0x0000006714300000)]
  0x0000019ceffea4a0 JavaThread "Cache worker for cache directory md-rule (E:\GradleCache\caches\9.0.0\md-rule)" [_thread_blocked, id=43932, stack(0x0000006714300000,0x0000006714400000)]
  0x0000019ceffeb8e0 JavaThread "jar transforms" [_thread_blocked, id=13288, stack(0x0000006714500000,0x0000006714600000)]
  0x0000019ceffedc50 JavaThread "Cache worker for Build Output Cleanup Cache (E:\visionFrontend\frontend\SpeakingCoach\node_modules\@react-native\gradle-plugin\.gradle\buildOutputCleanup)" [_thread_blocked, id=57836, stack(0x0000006714900000,0x0000006714a00000)]
  0x0000019ceffee670 JavaThread "Unconstrained build operations" [_thread_blocked, id=37648, stack(0x0000006714b00000,0x0000006714c00000)]
  0x0000019ceffed230 JavaThread "Unconstrained build operations Thread 2" [_thread_blocked, id=39900, stack(0x0000006714c00000,0x0000006714d00000)]
  0x0000019ceffefab0 JavaThread "Unconstrained build operations Thread 3" [_thread_blocked, id=52132, stack(0x0000006714d00000,0x0000006714e00000)]
  0x0000019ceffef090 JavaThread "Unconstrained build operations Thread 4" [_thread_blocked, id=58640, stack(0x0000006714e00000,0x0000006714f00000)]
  0x0000019ceffef5a0 JavaThread "Unconstrained build operations Thread 5" [_thread_blocked, id=12572, stack(0x0000006714f00000,0x0000006715000000)]
  0x0000019ceffed740 JavaThread "Unconstrained build operations Thread 6" [_thread_blocked, id=9320, stack(0x0000006715000000,0x0000006715100000)]
  0x0000019ceffeeb80 JavaThread "Cache worker for Build Output Cleanup Cache (E:\visionFrontend\frontend\SpeakingCoach\node_modules\expo-modules-autolinking\android\expo-gradle-plugin\.gradle\buildOutputCleanup)" [_thread_blocked, id=56916, stack(0x0000006714400000,0x0000006714500000)]
  0x0000019ceffeffc0 JavaThread "Unconstrained build operations Thread 7" [_thread_blocked, id=52948, stack(0x0000006714a00000,0x0000006714b00000)]
  0x0000019cefff04d0 JavaThread "Unconstrained build operations Thread 8" [_thread_blocked, id=32136, stack(0x0000006715100000,0x0000006715200000)]
  0x0000019cefff09e0 JavaThread "Unconstrained build operations Thread 9" [_thread_blocked, id=40104, stack(0x0000006715200000,0x0000006715300000)]
  0x0000019cf09907e0 JavaThread "Unconstrained build operations Thread 10" [_thread_blocked, id=51192, stack(0x0000006715300000,0x0000006715400000)]
  0x0000019cf09902d0 JavaThread "Unconstrained build operations Thread 11" [_thread_blocked, id=47944, stack(0x0000006715400000,0x0000006715500000)]
  0x0000019cf098e980 JavaThread "Unconstrained build operations Thread 12" [_thread_blocked, id=37264, stack(0x0000006715500000,0x0000006715600000)]
  0x0000019cf098ee90 JavaThread "Unconstrained build operations Thread 13" [_thread_blocked, id=46404, stack(0x0000006715600000,0x0000006715700000)]
  0x0000019cf098d540 JavaThread "Unconstrained build operations Thread 14" [_thread_blocked, id=9080, stack(0x0000006715700000,0x0000006715800000)]
  0x0000019cf098da50 JavaThread "Unconstrained build operations Thread 15" [_thread_blocked, id=29652, stack(0x0000006715800000,0x0000006715900000)]
  0x0000019cf098fdc0 JavaThread "Unconstrained build operations Thread 16" [_thread_blocked, id=46108, stack(0x0000006715900000,0x0000006715a00000)]
  0x0000019cf098f3a0 JavaThread "Unconstrained build operations Thread 17" [_thread_blocked, id=30500, stack(0x0000006715a00000,0x0000006715b00000)]
  0x0000019cf098df60 JavaThread "Unconstrained build operations Thread 18" [_thread_blocked, id=26444, stack(0x0000006715b00000,0x0000006715c00000)]
  0x0000019cf098f8b0 JavaThread "Unconstrained build operations Thread 19" [_thread_blocked, id=18744, stack(0x0000006715c00000,0x0000006715d00000)]
  0x0000019cf098e470 JavaThread "Unconstrained build operations Thread 20" [_thread_blocked, id=34952, stack(0x0000006715d00000,0x0000006715e00000)]
  0x0000019cf098d030 JavaThread "Unconstrained build operations Thread 21" [_thread_blocked, id=55688, stack(0x0000006715e00000,0x0000006715f00000)]
  0x0000019cf0991710 JavaThread "Unconstrained build operations Thread 22" [_thread_blocked, id=33040, stack(0x0000006715f00000,0x0000006716000000)]
  0x0000019cf0992b50 JavaThread "Unconstrained build operations Thread 23" [_thread_blocked, id=32924, stack(0x0000006716000000,0x0000006716100000)]
  0x0000019cf0992640 JavaThread "Unconstrained build operations Thread 24" [_thread_blocked, id=34768, stack(0x0000006716100000,0x0000006716200000)]
  0x0000019cf09944a0 JavaThread "Unconstrained build operations Thread 25" [_thread_blocked, id=36324, stack(0x0000006716200000,0x0000006716300000)]
  0x0000019cf0990cf0 JavaThread "Unconstrained build operations Thread 26" [_thread_blocked, id=23512, stack(0x0000006716300000,0x0000006716400000)]
  0x0000019cf0993060 JavaThread "Unconstrained build operations Thread 27" [_thread_blocked, id=60464, stack(0x0000006716400000,0x0000006716500000)]
  0x0000019cf0993570 JavaThread "Unconstrained build operations Thread 28" [_thread_blocked, id=45320, stack(0x0000006716500000,0x0000006716600000)]
  0x0000019cf0993f90 JavaThread "Unconstrained build operations Thread 29" [_thread_blocked, id=8720, stack(0x0000006716600000,0x0000006716700000)]
  0x0000019cf0991c20 JavaThread "Unconstrained build operations Thread 30" [_thread_blocked, id=4752, stack(0x0000006716700000,0x0000006716800000)]
  0x0000019cf09949b0 JavaThread "Unconstrained build operations Thread 31" [_thread_blocked, id=13124, stack(0x0000006716800000,0x0000006716900000)]
  0x0000019cf0992130 JavaThread "Unconstrained build operations Thread 32" [_thread_blocked, id=14824, stack(0x0000006716900000,0x0000006716a00000)]
  0x0000019cf0993a80 JavaThread "Unconstrained build operations Thread 33" [_thread_blocked, id=33876, stack(0x0000006716a00000,0x0000006716b00000)]
  0x0000019cf0991200 JavaThread "Unconstrained build operations Thread 34" [_thread_blocked, id=45600, stack(0x0000006716b00000,0x0000006716c00000)]
  0x0000019cf14ad3f0 JavaThread "Unconstrained build operations Thread 35" [_thread_blocked, id=4656, stack(0x0000006716c00000,0x0000006716d00000)]
  0x0000019cf14b0180 JavaThread "Unconstrained build operations Thread 36" [_thread_blocked, id=34312, stack(0x0000006716d00000,0x0000006716e00000)]
  0x0000019cf14ae830 JavaThread "Unconstrained build operations Thread 37" [_thread_blocked, id=16024, stack(0x0000006716e00000,0x0000006716f00000)]
  0x0000019cf14acee0 JavaThread "Unconstrained build operations Thread 38" [_thread_blocked, id=9160, stack(0x0000006716f00000,0x0000006717000000)]
  0x0000019cf14b0690 JavaThread "Unconstrained build operations Thread 39" [_thread_blocked, id=18876, stack(0x0000006717000000,0x0000006717100000)]
  0x0000019cf14aed40 JavaThread "build event listener" [_thread_blocked, id=57840, stack(0x0000006717200000,0x0000006717300000)]
  0x0000019cf14ade10 JavaThread "Memory manager" [_thread_blocked, id=62520, stack(0x0000006717300000,0x0000006717400000)]
  0x0000019cf14b2a00 JavaThread "Unconstrained build operations Thread 40" [_thread_blocked, id=24168, stack(0x0000006717100000,0x0000006717200000)]
  0x0000019cf14b1ad0 JavaThread "Unconstrained build operations Thread 41" [_thread_blocked, id=1516, stack(0x0000006717400000,0x0000006717500000)]
  0x0000019cf14b1fe0 JavaThread "Unconstrained build operations Thread 42" [_thread_blocked, id=17160, stack(0x0000006717500000,0x0000006717600000)]
  0x0000019cf14b24f0 JavaThread "Unconstrained build operations Thread 43" [_thread_blocked, id=15680, stack(0x0000006717600000,0x0000006717700000)]
  0x0000019cf14af250 JavaThread "Unconstrained build operations Thread 44" [_thread_blocked, id=32892, stack(0x0000006717700000,0x0000006717800000)]
  0x0000019cf14b2f10 JavaThread "Unconstrained build operations Thread 45" [_thread_blocked, id=51700, stack(0x0000006717800000,0x0000006717900000)]
  0x0000019cf14af760 JavaThread "Unconstrained build operations Thread 46" [_thread_blocked, id=15600, stack(0x0000006717900000,0x0000006717a00000)]
  0x0000019cf14b3420 JavaThread "Unconstrained build operations Thread 47" [_thread_blocked, id=58608, stack(0x0000006717a00000,0x0000006717b00000)]
  0x0000019cf14b3930 JavaThread "Unconstrained build operations Thread 48" [_thread_blocked, id=5640, stack(0x0000006717b00000,0x0000006717c00000)]
  0x0000019cf14b3e40 JavaThread "Unconstrained build operations Thread 49" [_thread_blocked, id=13292, stack(0x0000006717c00000,0x0000006717d00000)]
  0x0000019cf14b4860 JavaThread "Unconstrained build operations Thread 50" [_thread_blocked, id=29156, stack(0x0000006717d00000,0x0000006717e00000)]
  0x0000019cf139b510 JavaThread "build event listener" [_thread_blocked, id=20628, stack(0x0000006717f00000,0x0000006718000000)]
  0x0000019cf139a0d0 JavaThread "Unconstrained build operations Thread 51" [_thread_blocked, id=9632, stack(0x0000006718000000,0x0000006718100000)]
  0x0000019cf139b000 JavaThread "Unconstrained build operations Thread 52" [_thread_blocked, id=20236, stack(0x0000006718100000,0x0000006718200000)]
  0x0000019cf139ba20 JavaThread "Unconstrained build operations Thread 53" [_thread_blocked, id=14576, stack(0x0000006718200000,0x0000006718300000)]
  0x0000019cf139a5e0 JavaThread "Unconstrained build operations Thread 54" [_thread_blocked, id=25416, stack(0x0000006718300000,0x0000006718400000)]
  0x0000019cf139bf30 JavaThread "Unconstrained build operations Thread 55" [_thread_blocked, id=49652, stack(0x0000006718400000,0x0000006718500000)]
  0x0000019cf1399bc0 JavaThread "Unconstrained build operations Thread 56" [_thread_blocked, id=3684, stack(0x0000006718500000,0x0000006718600000)]
  0x0000019cf139aaf0 JavaThread "Unconstrained build operations Thread 57" [_thread_blocked, id=60784, stack(0x0000006718600000,0x0000006718700000)]
  0x0000019cf139c440 JavaThread "Unconstrained build operations Thread 58" [_thread_blocked, id=55912, stack(0x0000006718700000,0x0000006718800000)]
  0x0000019cf139c950 JavaThread "Unconstrained build operations Thread 59" [_thread_blocked, id=4128, stack(0x0000006718800000,0x0000006718900000)]
  0x0000019cf139ce60 JavaThread "Unconstrained build operations Thread 60" [_thread_blocked, id=14904, stack(0x0000006718900000,0x0000006718a00000)]
  0x0000019cf13996b0 JavaThread "Unconstrained build operations Thread 61" [_thread_blocked, id=1952, stack(0x0000006718a00000,0x0000006718b00000)]
  0x0000019cf13a0100 JavaThread "Unconstrained build operations Thread 62" [_thread_blocked, id=30760, stack(0x0000006718b00000,0x0000006718c00000)]
  0x0000019cf139e2a0 JavaThread "Unconstrained build operations Thread 63" [_thread_blocked, id=19472, stack(0x0000006718c00000,0x0000006718d00000)]
  0x0000019cf139f6e0 JavaThread "Unconstrained build operations Thread 64" [_thread_blocked, id=11128, stack(0x0000006718d00000,0x0000006718e00000)]
  0x0000019cf13a0b20 JavaThread "Unconstrained build operations Thread 65" [_thread_blocked, id=43224, stack(0x0000006718e00000,0x0000006718f00000)]
  0x0000019cf139dd90 JavaThread "Unconstrained build operations Thread 66" [_thread_blocked, id=25276, stack(0x0000006718f00000,0x0000006719000000)]
  0x0000019cf139ecc0 JavaThread "Unconstrained build operations Thread 67" [_thread_blocked, id=53580, stack(0x0000006719000000,0x0000006719100000)]
  0x0000019cf139d880 JavaThread "Unconstrained build operations Thread 68" [_thread_blocked, id=22012, stack(0x0000006719100000,0x0000006719200000)]
  0x0000019cf13a0610 JavaThread "Unconstrained build operations Thread 69" [_thread_blocked, id=57932, stack(0x0000006719200000,0x0000006719300000)]
  0x0000019cf139d370 JavaThread "Unconstrained build operations Thread 70" [_thread_blocked, id=43004, stack(0x0000006719300000,0x0000006719400000)]
  0x0000019cf139e7b0 JavaThread "Unconstrained build operations Thread 71" [_thread_blocked, id=21644, stack(0x0000006719400000,0x0000006719500000)]
  0x0000019cf13a1030 JavaThread "Unconstrained build operations Thread 72" [_thread_blocked, id=50696, stack(0x0000006719500000,0x0000006719600000)]
  0x0000019cf139f1d0 JavaThread "Unconstrained build operations Thread 73" [_thread_blocked, id=16860, stack(0x0000006719600000,0x0000006719700000)]
  0x0000019cf139fbf0 JavaThread "Unconstrained build operations Thread 74" [_thread_blocked, id=61876, stack(0x0000006719700000,0x0000006719800000)]
  0x0000019cf0764ee0 JavaThread "ForkJoinPool.commonPool-worker-2" daemon [_thread_blocked, id=47244, stack(0x0000006719a00000,0x0000006719b00000)]
  0x0000019cf0768ba0 JavaThread "ForkJoinPool.commonPool-worker-3" daemon [_thread_blocked, id=63264, stack(0x0000006719b00000,0x0000006719c00000)]
  0x0000019cf0766830 JavaThread "ForkJoinPool.commonPool-worker-7" daemon [_thread_blocked, id=42648, stack(0x0000006719f00000,0x000000671a000000)]
  0x0000019cf07690b0 JavaThread "ForkJoinPool.commonPool-worker-8" daemon [_thread_blocked, id=7608, stack(0x000000671a000000,0x000000671a100000)]
  0x0000019cf0766320 JavaThread "ForkJoinPool.commonPool-worker-9" daemon [_thread_blocked, id=52920, stack(0x000000671a100000,0x000000671a200000)]
  0x0000019cf076aa00 JavaThread "Execution worker" [_thread_blocked, id=50868, stack(0x000000671a800000,0x000000671a900000)]
  0x0000019cf076a4f0 JavaThread "Execution worker Thread 2" [_thread_blocked, id=35148, stack(0x000000671a900000,0x000000671aa00000)]
  0x0000019cf0769ad0 JavaThread "Execution worker Thread 3" [_thread_blocked, id=7276, stack(0x000000671aa00000,0x000000671ab00000)]
  0x0000019cf076be40 JavaThread "Execution worker Thread 4" [_thread_blocked, id=28388, stack(0x000000671ab00000,0x000000671ac00000)]
  0x0000019cf0769fe0 JavaThread "Execution worker Thread 5" [_thread_blocked, id=3080, stack(0x000000671ac00000,0x000000671ad00000)]
  0x0000019cf04f8290 JavaThread "Execution worker Thread 6" [_thread_blocked, id=56748, stack(0x000000671ad00000,0x000000671ae00000)]
  0x0000019cf04f7870 JavaThread "Execution worker Thread 7" [_thread_blocked, id=36628, stack(0x000000671ae00000,0x000000671af00000)]
  0x0000019cf04f96d0 JavaThread "Execution worker Thread 8" [_thread_in_Java, id=47688, stack(0x000000671af00000,0x000000671b000000)]
  0x0000019cf04f8cb0 JavaThread "Execution worker Thread 9" [_thread_blocked, id=46192, stack(0x000000671b000000,0x000000671b100000)]
  0x0000019cf04f9be0 JavaThread "Execution worker Thread 10" [_thread_blocked, id=28036, stack(0x000000671b100000,0x000000671b200000)]
  0x0000019cf04f91c0 JavaThread "Execution worker Thread 11" [_thread_blocked, id=25852, stack(0x000000671b200000,0x000000671b300000)]
  0x0000019cf04fa0f0 JavaThread "Cache worker for execution history cache (E:\visionFrontend\frontend\SpeakingCoach\node_modules\@react-native\gradle-plugin\.gradle\9.0.0\executionHistory)" [_thread_blocked, id=12272, stack(0x000000671b300000,0x000000671b400000)]
  0x0000019cf04f87a0 JavaThread "Cache worker for execution history cache (E:\visionFrontend\frontend\SpeakingCoach\node_modules\expo-modules-autolinking\android\expo-gradle-plugin\.gradle\9.0.0\executionHistory)" [_thread_blocked, id=63220, stack(0x000000671b400000,0x000000671b500000)]
  0x0000019cf04fa600 JavaThread "Unconstrained build operations Thread 75" [_thread_blocked, id=17612, stack(0x000000671b500000,0x000000671b600000)]
  0x0000019cf04fab10 JavaThread "Unconstrained build operations Thread 76" [_thread_blocked, id=49516, stack(0x000000671b600000,0x000000671b700000)]
  0x0000019cf04f7360 JavaThread "Unconstrained build operations Thread 77" [_thread_blocked, id=2040, stack(0x000000671b700000,0x000000671b800000)]
  0x0000019cf04f7d80 JavaThread "Unconstrained build operations Thread 78" [_thread_blocked, id=23088, stack(0x0000006717e00000,0x0000006717f00000)]
  0x0000019cf14b10b0 JavaThread "Unconstrained build operations Thread 79" [_thread_blocked, id=23296, stack(0x000000671b800000,0x000000671b900000)]
  0x0000019cf2e18360 JavaThread "Unconstrained build operations Thread 80" [_thread_blocked, id=51664, stack(0x000000671b900000,0x000000671ba00000)]
  0x0000019cf2e18870 JavaThread "Unconstrained build operations Thread 81" [_thread_blocked, id=3448, stack(0x000000671ba00000,0x000000671bb00000)]
  0x0000019cf2e197a0 JavaThread "Unconstrained build operations Thread 82" [_thread_blocked, id=13924, stack(0x000000671bb00000,0x000000671bc00000)]
  0x0000019cf2e16f20 JavaThread "Unconstrained build operations Thread 83" [_thread_blocked, id=50352, stack(0x000000671bc00000,0x000000671bd00000)]
  0x0000019cf2e16a10 JavaThread "Unconstrained build operations Thread 84" [_thread_blocked, id=15676, stack(0x000000671bd00000,0x000000671be00000)]
  0x0000019cf2e19cb0 JavaThread "Unconstrained build operations Thread 85" [_thread_blocked, id=23052, stack(0x000000671be00000,0x000000671bf00000)]
  0x0000019cf2e1abe0 JavaThread "Unconstrained build operations Thread 86" [_thread_blocked, id=29120, stack(0x000000671bf00000,0x000000671c000000)]
  0x0000019cf2e1a1c0 JavaThread "Unconstrained build operations Thread 87" [_thread_blocked, id=14252, stack(0x000000671c000000,0x000000671c100000)]
  0x0000019cf2e18d80 JavaThread "Unconstrained build operations Thread 88" [_thread_blocked, id=8448, stack(0x000000671c100000,0x000000671c200000)]
  0x0000019cf2e1a6d0 JavaThread "Unconstrained build operations Thread 89" [_thread_blocked, id=30904, stack(0x000000671c200000,0x000000671c300000)]
  0x0000019cf2e17430 JavaThread "Unconstrained build operations Thread 90" [_thread_blocked, id=36704, stack(0x000000671c300000,0x000000671c400000)]
  0x0000019cf2e1b0f0 JavaThread "Unconstrained build operations Thread 91" [_thread_blocked, id=46888, stack(0x000000671c400000,0x000000671c500000)]
  0x0000019cf2e19290 JavaThread "Unconstrained build operations Thread 92" [_thread_blocked, id=13816, stack(0x000000671c500000,0x000000671c600000)]
  0x0000019cf2e17940 JavaThread "Unconstrained build operations Thread 93" [_thread_blocked, id=47168, stack(0x000000671c600000,0x000000671c700000)]
  0x0000019cf2e1b600 JavaThread "Unconstrained build operations Thread 94" [_thread_blocked, id=53396, stack(0x000000671c700000,0x000000671c800000)]
  0x0000019cf2e17e50 JavaThread "Unconstrained build operations Thread 95" [_thread_blocked, id=46124, stack(0x000000671c800000,0x000000671c900000)]
  0x0000019cf2e1ca40 JavaThread "Unconstrained build operations Thread 96" [_thread_blocked, id=27132, stack(0x000000671c900000,0x000000671ca00000)]
  0x0000019cf2e1e390 JavaThread "Unconstrained build operations Thread 97" [_thread_blocked, id=19832, stack(0x000000671ca00000,0x000000671cb00000)]
  0x0000019cf2e1bb10 JavaThread "Unconstrained build operations Thread 98" [_thread_blocked, id=36840, stack(0x000000671cb00000,0x000000671cc00000)]
  0x0000019cf2e1c530 JavaThread "Unconstrained build operations Thread 99" [_thread_blocked, id=5668, stack(0x000000671cc00000,0x000000671cd00000)]
  0x0000019cf2e1cf50 JavaThread "Unconstrained build operations Thread 100" [_thread_blocked, id=3128, stack(0x000000671cd00000,0x000000671ce00000)]
  0x0000019cf2e1d460 JavaThread "Unconstrained build operations Thread 101" [_thread_blocked, id=3212, stack(0x000000671ce00000,0x000000671cf00000)]
  0x0000019cf2e1d970 JavaThread "Unconstrained build operations Thread 102" [_thread_blocked, id=42132, stack(0x000000671cf00000,0x000000671d000000)]
  0x0000019cf2e1c020 JavaThread "Unconstrained build operations Thread 103" [_thread_blocked, id=28716, stack(0x000000671d000000,0x000000671d100000)]
  0x0000019cf2e1de80 JavaThread "Unconstrained build operations Thread 104" [_thread_blocked, id=59440, stack(0x000000671d100000,0x000000671d200000)]
  0x0000019cf3363cc0 JavaThread "Unconstrained build operations Thread 105" [_thread_blocked, id=2428, stack(0x000000671d200000,0x000000671d300000)]
  0x0000019cf3362370 JavaThread "Unconstrained build operations Thread 106" [_thread_blocked, id=42832, stack(0x000000671d300000,0x000000671d400000)]
  0x0000019cf3361440 JavaThread "Unconstrained build operations Thread 107" [_thread_blocked, id=62136, stack(0x000000671d400000,0x000000671d500000)]
  0x0000019cf3361e60 JavaThread "Unconstrained build operations Thread 108" [_thread_blocked, id=37372, stack(0x000000671d500000,0x000000671d600000)]
  0x0000019cf3365100 JavaThread "Unconstrained build operations Thread 109" [_thread_blocked, id=50824, stack(0x000000671d600000,0x000000671d700000)]
  0x0000019cf3362880 JavaThread "Unconstrained build operations Thread 110" [_thread_blocked, id=60876, stack(0x000000671d700000,0x000000671d800000)]
  0x0000019cf33641d0 JavaThread "Unconstrained build operations Thread 111" [_thread_blocked, id=45360, stack(0x000000671d800000,0x000000671d900000)]
  0x0000019cf3362d90 JavaThread "Unconstrained build operations Thread 112" [_thread_blocked, id=7468, stack(0x000000671d900000,0x000000671da00000)]
  0x0000019cf33632a0 JavaThread "Unconstrained build operations Thread 113" [_thread_blocked, id=50356, stack(0x000000671da00000,0x000000671db00000)]
  0x0000019cf33637b0 JavaThread "Unconstrained build operations Thread 114" [_thread_blocked, id=47640, stack(0x000000671db00000,0x000000671dc00000)]
  0x0000019cf33646e0 JavaThread "Unconstrained build operations Thread 115" [_thread_blocked, id=59088, stack(0x000000671dc00000,0x000000671dd00000)]
  0x0000019cf3361950 JavaThread "Unconstrained build operations Thread 116" [_thread_blocked, id=32324, stack(0x000000671dd00000,0x000000671de00000)]
  0x0000019cf3365610 JavaThread "Unconstrained build operations Thread 117" [_thread_blocked, id=55916, stack(0x000000671de00000,0x000000671df00000)]
  0x0000019cf3365b20 JavaThread "Unconstrained build operations Thread 118" [_thread_blocked, id=20476, stack(0x000000671df00000,0x000000671e000000)]
  0x0000019cf3367470 JavaThread "Unconstrained build operations Thread 119" [_thread_blocked, id=24172, stack(0x000000671e000000,0x000000671e100000)]
  0x0000019cf3366030 JavaThread "Unconstrained build operations Thread 120" [_thread_blocked, id=64192, stack(0x000000671e100000,0x000000671e200000)]
  0x0000019cf3364bf0 JavaThread "jar transforms Thread 2" [_thread_blocked, id=24100, stack(0x000000671e200000,0x000000671e300000)]
  0x0000019cf3368dc0 JavaThread "Cache worker for Build Output Cleanup Cache (E:\visionFrontend\frontend\SpeakingCoach\node_modules\expo-dev-launcher\expo-dev-launcher-gradle-plugin\.gradle\buildOutputCleanup)" [_thread_blocked, id=47864, stack(0x000000671e500000,0x000000671e600000)]
  0x0000019cf3367980 JavaThread "Cache worker for Build Output Cleanup Cache (E:\visionFrontend\frontend\SpeakingCoach\node_modules\expo-modules-core\expo-module-gradle-plugin\.gradle\buildOutputCleanup)" [_thread_blocked, id=5672, stack(0x000000671e600000,0x000000671e700000)]
  0x0000019cf3ba1ae0 JavaThread "build event listener" [_thread_blocked, id=12224, stack(0x000000671e800000,0x000000671e900000)]
  0x0000019cf3ba2f20 JavaThread "build event listener" [_thread_blocked, id=29392, stack(0x000000671e900000,0x000000671ea00000)]
  0x0000019cf3ba2a10 JavaThread "jar transforms Thread 3" [_thread_blocked, id=14508, stack(0x000000671ea00000,0x000000671eb00000)]
  0x0000019cf3ba3940 JavaThread "Cache worker for execution history cache (E:\visionFrontend\frontend\SpeakingCoach\node_modules\expo-dev-launcher\expo-dev-launcher-gradle-plugin\.gradle\9.0.0\executionHistory)" [_thread_blocked, id=48684, stack(0x000000671ed00000,0x000000671ee00000)]
  0x0000019cf3ba4870 JavaThread "Cache worker for execution history cache (E:\visionFrontend\frontend\SpeakingCoach\node_modules\expo-modules-core\expo-module-gradle-plugin\.gradle\9.0.0\executionHistory)" [_thread_blocked, id=26324, stack(0x000000671ee00000,0x000000671ef00000)]
  0x0000019cf3ba6be0 JavaThread "jar transforms Thread 4" [_thread_blocked, id=19008, stack(0x000000671e700000,0x000000671e800000)]
  0x0000019cf3ba70f0 JavaThread "jar transforms Thread 5" [_thread_blocked, id=24052, stack(0x000000671f000000,0x000000671f100000)]
  0x0000019cf3ba5cb0 JavaThread "jar transforms Thread 6" [_thread_blocked, id=14188, stack(0x000000671f100000,0x000000671f200000)]
  0x0000019cf3ba8530 JavaThread "build event listener" [_thread_blocked, id=57108, stack(0x000000671f300000,0x000000671f400000)]
  0x0000019cf07649d0 JavaThread "Problems report writer" [_thread_blocked, id=23172, stack(0x000000671f200000,0x000000671f300000)]
  0x0000019cfac167c0 JavaThread "jar transforms Thread 7" [_thread_blocked, id=46100, stack(0x000000671f400000,0x000000671f500000)]
  0x0000019cfac16cd0 JavaThread "jar transforms Thread 8" [_thread_blocked, id=14396, stack(0x000000671ef00000,0x000000671f000000)]
  0x0000019cfac18b30 JavaThread "jar transforms Thread 9" [_thread_blocked, id=8580, stack(0x000000671f600000,0x000000671f700000)]
  0x0000019cfac18620 JavaThread "jar transforms Thread 10" [_thread_blocked, id=48564, stack(0x000000671f500000,0x000000671f600000)]
  0x0000019cfac19a60 JavaThread "jar transforms Thread 11" [_thread_blocked, id=8180, stack(0x000000671f800000,0x000000671f900000)]
  0x0000019cfac162b0 JavaThread "jar transforms Thread 12" [_thread_blocked, id=61996, stack(0x000000671f700000,0x000000671f800000)]
  0x0000019cfac209c0 JavaThread "included builds Thread 5" [_thread_in_native, id=49364, stack(0x000000671a500000,0x000000671a600000)]
  0x0000019cfac1d720 JavaThread "Cache worker for execution history cache (E:\visionFrontend\frontend\SpeakingCoach\android\.gradle\9.0.0\executionHistory)" [_thread_blocked, id=11900, stack(0x000000671a600000,0x000000671a700000)]
  0x0000019cfac218f0 JavaThread "WorkerExecutor Queue" [_thread_blocked, id=46752, stack(0x0000006719c00000,0x0000006719d00000)]
  0x0000019cf0768690 JavaThread "RMI Scheduler(0)" daemon [_thread_blocked, id=32340, stack(0x0000006720400000,0x0000006720500000)]
  0x0000019cf0766d40 JavaThread "RMI GC Daemon" daemon [_thread_blocked, id=14744, stack(0x0000006720600000,0x0000006720700000)]
  0x0000019cf076b420 JavaThread "RMI TCP Accept-0" daemon [_thread_in_native, id=34764, stack(0x0000006719800000,0x0000006719900000)]
  0x0000019cf076b930 JavaThread "RMI Reaper" [_thread_blocked, id=39580, stack(0x0000006720700000,0x0000006720800000)]
  0x0000019cf3ba4360 JavaThread "WorkerExecutor Queue Thread 2" [_thread_blocked, id=41860, stack(0x0000006720a00000,0x0000006720b00000)]
  0x0000019ceffea9b0 JavaThread "WorkerExecutor Queue Thread 3" [_thread_blocked, id=58804, stack(0x0000006720800000,0x0000006720900000)]
  0x0000019cfac1aea0 JavaThread "WorkerExecutor Queue Thread 4" [_thread_blocked, id=22500, stack(0x0000006720b00000,0x0000006720c00000)]
  0x0000019cfac255b0 JavaThread "WorkerExecutor Queue Thread 5" [_thread_blocked, id=60008, stack(0x0000006720d00000,0x0000006720e00000)]
  0x0000019cf14ad900 JavaThread "WorkerExecutor Queue Thread 6" [_thread_blocked, id=9540, stack(0x0000006721000000,0x0000006721100000)]
  0x0000019cf33688b0 JavaThread "WorkerExecutor Queue Thread 7" [_thread_blocked, id=63684, stack(0x0000006721200000,0x0000006721300000)]
  0x0000019cfac24170 JavaThread "WorkerExecutor Queue Thread 8" [_thread_blocked, id=60524, stack(0x0000006721300000,0x0000006721400000)]
  0x0000019cfe010dd0 JavaThread "WorkerExecutor Queue Thread 9" [_thread_blocked, id=52512, stack(0x0000006721100000,0x0000006721200000)]
  0x0000019cfe0103b0 JavaThread "Cache worker for Java compile cache (E:\GradleCache\caches\9.0.0\javaCompile)" [_thread_blocked, id=9340, stack(0x0000006720c00000,0x0000006720d00000)]
  0x0000019cfe011d00 JavaThread "Build operations" [_thread_blocked, id=50816, stack(0x0000006721500000,0x0000006721600000)]
  0x0000019cfe012210 JavaThread "Build operations Thread 2" [_thread_blocked, id=38984, stack(0x0000006721900000,0x0000006721a00000)]
  0x0000019cfe012c30 JavaThread "Build operations Thread 3" [_thread_blocked, id=14792, stack(0x0000006721a00000,0x0000006721b00000)]
  0x0000019cfe013140 JavaThread "Build operations Thread 4" [_thread_blocked, id=35880, stack(0x0000006721b00000,0x0000006721c00000)]
  0x0000019cfe00f990 JavaThread "Build operations Thread 5" [_thread_blocked, id=38832, stack(0x0000006721c00000,0x0000006721d00000)]
  0x0000019cfe00fea0 JavaThread "Build operations Thread 6" [_thread_blocked, id=44924, stack(0x0000006721d00000,0x0000006721e00000)]
  0x0000019cfe013b60 JavaThread "Build operations Thread 7" [_thread_blocked, id=45608, stack(0x0000006721e00000,0x0000006721f00000)]
  0x0000019cfe014070 JavaThread "Build operations Thread 8" [_thread_blocked, id=38960, stack(0x0000006721f00000,0x0000006722000000)]
  0x0000019cfe0108c0 JavaThread "Build operations Thread 9" [_thread_blocked, id=60068, stack(0x0000006722000000,0x0000006722100000)]
  0x0000019cfe0159c0 JavaThread "Build operations Thread 10" [_thread_blocked, id=44472, stack(0x0000006722100000,0x0000006722200000)]
  0x0000019cfe014a90 JavaThread "Build operations Thread 11" [_thread_blocked, id=42000, stack(0x0000006722200000,0x0000006722300000)]
  0x0000019cfe017310 JavaThread "WorkerExecutor Queue Thread 10" [_thread_blocked, id=24252, stack(0x0000006722300000,0x0000006722400000)]
  0x0000019cfe0163e0 JavaThread "Build operations Thread 12" [_thread_blocked, id=1840, stack(0x0000006722500000,0x0000006722600000)]
  0x0000019cfe018240 JavaThread "WorkerExecutor Queue Thread 12" [_thread_blocked, id=28968, stack(0x0000006722600000,0x0000006722700000)]
  0x0000019cfe01dd60 JavaThread "Exec process Thread 13" [_thread_in_native, id=47148, stack(0x0000006714600000,0x0000006714700000)]
  0x0000019cfac1dc30 JavaThread "Exec process Thread 14" [_thread_in_native, id=19860, stack(0x0000006714800000,0x0000006714900000)]
  0x0000019cfac1a990 JavaThread "Exec process Thread 15" [_thread_in_native, id=21372, stack(0x000000671a300000,0x000000671a400000)]
  0x0000019cfac22820 JavaThread "Exec process Thread 16" [_thread_in_native, id=28684, stack(0x000000671a700000,0x000000671a800000)]
  0x0000019cfac22310 JavaThread "Exec process Thread 17" [_thread_in_native, id=42868, stack(0x000000671e300000,0x000000671e400000)]
  0x0000019cfac24b90 JavaThread "Exec process Thread 18" [_thread_in_native, id=22300, stack(0x000000671e400000,0x000000671e500000)]
  0x0000019cfac22d30 JavaThread "Exec process Thread 19" [_thread_in_native, id=34944, stack(0x000000671eb00000,0x000000671ec00000)]
  0x0000019cfac23750 JavaThread "Exec process Thread 20" [_thread_in_native, id=35708, stack(0x000000671ec00000,0x000000671ed00000)]
  0x0000019cfac24680 JavaThread "Exec process Thread 21" [_thread_in_native, id=31112, stack(0x000000671ff00000,0x0000006720000000)]
  0x0000019ceffeaec0 JavaThread "Exec process Thread 22" [_thread_blocked, id=34008, stack(0x0000006720200000,0x0000006720300000)]
  0x0000019ceffeb3d0 JavaThread "Exec process Thread 23" [_thread_in_native, id=21012, stack(0x0000006720300000,0x0000006720400000)]
  0x0000019ceffee160 JavaThread "Exec process Thread 24" [_thread_in_native, id=50608, stack(0x0000006720500000,0x0000006720600000)]
  0x0000019cf3ba10c0 JavaThread "Exec process Thread 25" [_thread_in_native, id=58784, stack(0x0000006721400000,0x0000006721500000)]
  0x0000019cf3ba5290 JavaThread "Exec process Thread 26" [_thread_in_native, id=33432, stack(0x0000006721800000,0x0000006721900000)]
  0x0000019cf0765900 JavaThread "Exec process Thread 27" [_thread_in_native, id=3976, stack(0x0000006722700000,0x0000006722800000)]
  0x0000019cfac23c60 JavaThread "WorkerExecutor Queue Thread 13" [_thread_blocked, id=58900, stack(0x0000006721700000,0x0000006721800000)]
  0x0000019cfe0112e0 JavaThread "Exec process Thread 28" [_thread_in_native, id=50056, stack(0x0000006720000000,0x0000006720100000)]
  0x0000019cfe015ed0 JavaThread "Exec process Thread 29" [_thread_in_native, id=3900, stack(0x0000006720900000,0x0000006720a00000)]
  0x0000019cfe012720 JavaThread "Exec process Thread 30" [_thread_in_native, id=51852, stack(0x0000006721600000,0x0000006721700000)]
  0x0000019cfe017820 JavaThread "RMI TCP Connection(idle)" daemon [_thread_blocked, id=37924, stack(0x0000006719d00000,0x0000006719e00000)]
  0x0000019cfd0c1a60 JavaThread "C2 CompilerThread1" daemon [_thread_in_native, id=50256, stack(0x0000006719900000,0x0000006719a00000)]
  0x0000019cfad0c770 JavaThread "C2 CompilerThread2" daemon [_thread_in_native, id=34064, stack(0x0000006719e00000,0x0000006719f00000)]

Other Threads:
  0x0000019ccecfa2d0 VMThread "VM Thread" [stack: 0x0000006711700000,0x0000006711800000] [id=35344]
  0x0000019cb040a0e0 WatcherThread [stack: 0x0000006712300000,0x0000006712400000] [id=51420]
  0x0000019cb0469910 GCTaskThread "GC Thread#0" [stack: 0x0000006711200000,0x0000006711300000] [id=23012]
  0x0000019cee569810 GCTaskThread "GC Thread#1" [stack: 0x0000006712500000,0x0000006712600000] [id=17928]
  0x0000019cee530cc0 GCTaskThread "GC Thread#2" [stack: 0x0000006712600000,0x0000006712700000] [id=1976]
  0x0000019ceeec0740 GCTaskThread "GC Thread#3" [stack: 0x0000006712700000,0x0000006712800000] [id=10128]
  0x0000019ceeec0a00 GCTaskThread "GC Thread#4" [stack: 0x0000006712800000,0x0000006712900000] [id=26300]
  0x0000019cefef0830 GCTaskThread "GC Thread#5" [stack: 0x0000006713300000,0x0000006713400000] [id=45984]
  0x0000019cefc39100 GCTaskThread "GC Thread#6" [stack: 0x0000006713400000,0x0000006713500000] [id=10644]
  0x0000019cefc90760 GCTaskThread "GC Thread#7" [stack: 0x0000006713500000,0x0000006713600000] [id=28740]
  0x0000019cefc90a20 GCTaskThread "GC Thread#8" [stack: 0x0000006713600000,0x0000006713700000] [id=58508]
  0x0000019cefc90ce0 GCTaskThread "GC Thread#9" [stack: 0x0000006713700000,0x0000006713800000] [id=12140]
  0x0000019cb047a770 ConcurrentGCThread "G1 Main Marker" [stack: 0x0000006711300000,0x0000006711400000] [id=44256]
  0x0000019cb047cc20 ConcurrentGCThread "G1 Conc#0" [stack: 0x0000006711400000,0x0000006711500000] [id=54192]
  0x0000019cf107a530 ConcurrentGCThread "G1 Conc#1" [stack: 0x0000006713a00000,0x0000006713b00000] [id=59348]
  0x0000019cf079fcb0 ConcurrentGCThread "G1 Conc#2" [stack: 0x0000006713b00000,0x0000006713c00000] [id=11344]
  0x0000019ccebb7180 ConcurrentGCThread "G1 Refine#0" [stack: 0x0000006711500000,0x0000006711600000] [id=59260]
  0x0000019cfb268bd0 ConcurrentGCThread "G1 Refine#1" [stack: 0x0000006710e00000,0x0000006710f00000] [id=38160]
  0x0000019cfb266e70 ConcurrentGCThread "G1 Refine#2" [stack: 0x0000006710f00000,0x0000006711000000] [id=55596]
  0x0000019cfb2691b0 ConcurrentGCThread "G1 Refine#3" [stack: 0x0000006711000000,0x0000006711100000] [id=12560]
  0x0000019cfb267d20 ConcurrentGCThread "G1 Refine#4" [stack: 0x000000671f900000,0x000000671fa00000] [id=63720]
  0x0000019cfb2662b0 ConcurrentGCThread "G1 Refine#5" [stack: 0x000000671fa00000,0x000000671fb00000] [id=44128]
  0x0000019cfb2685f0 ConcurrentGCThread "G1 Refine#6" [stack: 0x000000671fb00000,0x000000671fc00000] [id=49220]
  0x0000019cfb267450 ConcurrentGCThread "G1 Refine#7" [stack: 0x000000671fc00000,0x000000671fd00000] [id=49124]
  0x0000019cfb268ec0 ConcurrentGCThread "G1 Refine#8" [stack: 0x000000671fd00000,0x000000671fe00000] [id=45512]
  0x0000019cfb2688e0 ConcurrentGCThread "G1 Refine#9" [stack: 0x000000671fe00000,0x000000671ff00000] [id=2204]
  0x0000019ccebb7860 ConcurrentGCThread "G1 Service" [stack: 0x0000006711600000,0x0000006711700000] [id=49796]

Threads with active compile tasks:
C2 CompilerThread0  528041 42533       4       com.android.tools.r8.internal.M7::c (2346 bytes)
C2 CompilerThread1  528041 42539       4       com.android.tools.r8.ir.optimize.F::a (323 bytes)
C2 CompilerThread2  528042 42532       4       com.android.tools.r8.ir.optimize.z::a (1785 bytes)

VM state: not at safepoint (normal execution)

VM Mutex/Monitor currently owned by a thread:  ([mutex/lock_event])
[0x0000019cb0408a70] CompiledIC_lock - owner thread: 0x0000019cced29050

Heap address: 0x0000000080000000, size: 2048 MB, Compressed Oops mode: 32-bit

CDS archive(s) mapped at: [0x0000019ccf000000-0x0000019ccfbb0000-0x0000019ccfbb0000), size 12255232, SharedBaseAddress: 0x0000019ccf000000, ArchiveRelocationMode: 1.
Compressed class space mapped at: 0x0000019cd0000000-0x0000019cea000000, reserved size: 436207616
Narrow klass base: 0x0000019ccf000000, Narrow klass shift: 0, Narrow klass range: 0x100000000

GC Precious Log:
 CPUs: 12 total, 12 available
 Memory: 5996M
 Large Page Support: Disabled
 NUMA Support: Disabled
 Compressed Oops: Enabled (32-bit)
 Heap Region Size: 1M
 Heap Min Capacity: 8M
 Heap Initial Capacity: 94M
 Heap Max Capacity: 2G
 Pre-touch: Disabled
 Parallel Workers: 10
 Concurrent Workers: 3
 Concurrent Refinement Workers: 10
 Periodic GC: Disabled

Heap:
 garbage-first heap   total 1160192K, used 600291K [0x0000000080000000, 0x0000000100000000)
  region size 1024K, 36 young (36864K), 3 survivors (3072K)
 Metaspace       used 193365K, committed 196928K, reserved 622592K
  class space    used 26205K, committed 27840K, reserved 425984K

Heap Regions: E=young(eden), S=young(survivor), O=old, HS=humongous(starts), HC=humongous(continues), CS=collection set, F=free, OA=open archive, CA=closed archive, TAMS=top-at-mark-start (previous, next)
|   0|0x0000000080000000, 0x0000000080100000, 0x0000000080100000|100%|HS|  |TAMS 0x0000000080100000, 0x0000000080000000| Complete 
|   1|0x0000000080100000, 0x0000000080200000, 0x0000000080200000|100%|HC|  |TAMS 0x0000000080200000, 0x0000000080100000| Complete 
|   2|0x0000000080200000, 0x0000000080300000, 0x0000000080300000|100%|HC|  |TAMS 0x0000000080300000, 0x0000000080200000| Complete 
|   3|0x0000000080300000, 0x0000000080400000, 0x0000000080400000|100%| O|  |TAMS 0x0000000080400000, 0x0000000080300000| Untracked 
|   4|0x0000000080400000, 0x0000000080500000, 0x0000000080500000|100%| O|  |TAMS 0x0000000080500000, 0x0000000080400000| Untracked 
|   5|0x0000000080500000, 0x0000000080600000, 0x0000000080600000|100%| O|  |TAMS 0x0000000080600000, 0x0000000080500000| Untracked 
|   6|0x0000000080600000, 0x0000000080700000, 0x0000000080700000|100%|HS|  |TAMS 0x0000000080700000, 0x0000000080600000| Complete 
|   7|0x0000000080700000, 0x0000000080800000, 0x0000000080800000|100%| O|  |TAMS 0x0000000080800000, 0x0000000080700000| Untracked 
|   8|0x0000000080800000, 0x0000000080900000, 0x0000000080900000|100%| O|  |TAMS 0x0000000080900000, 0x0000000080800000| Untracked 
|   9|0x0000000080900000, 0x0000000080a00000, 0x0000000080a00000|100%| O|  |TAMS 0x0000000080a00000, 0x0000000080900000| Untracked 
|  10|0x0000000080a00000, 0x0000000080b00000, 0x0000000080b00000|100%| O|  |TAMS 0x0000000080b00000, 0x0000000080a00000| Untracked 
|  11|0x0000000080b00000, 0x0000000080c00000, 0x0000000080c00000|100%| O|  |TAMS 0x0000000080c00000, 0x0000000080b00000| Untracked 
|  12|0x0000000080c00000, 0x0000000080d00000, 0x0000000080d00000|100%| O|  |TAMS 0x0000000080d00000, 0x0000000080c00000| Untracked 
|  13|0x0000000080d00000, 0x0000000080e00000, 0x0000000080e00000|100%| O|  |TAMS 0x0000000080e00000, 0x0000000080d00000| Untracked 
|  14|0x0000000080e00000, 0x0000000080f00000, 0x0000000080f00000|100%| O|  |TAMS 0x0000000080f00000, 0x0000000080e00000| Untracked 
|  15|0x0000000080f00000, 0x0000000081000000, 0x0000000081000000|100%| O|  |TAMS 0x0000000081000000, 0x0000000080f00000| Untracked 
|  16|0x0000000081000000, 0x0000000081100000, 0x0000000081100000|100%| O|  |TAMS 0x0000000081100000, 0x0000000081000000| Untracked 
|  17|0x0000000081100000, 0x0000000081200000, 0x0000000081200000|100%| O|  |TAMS 0x0000000081200000, 0x0000000081100000| Untracked 
|  18|0x0000000081200000, 0x0000000081300000, 0x0000000081300000|100%| O|  |TAMS 0x0000000081300000, 0x0000000081200000| Untracked 
|  19|0x0000000081300000, 0x0000000081400000, 0x0000000081400000|100%| O|  |TAMS 0x0000000081400000, 0x0000000081300000| Untracked 
|  20|0x0000000081400000, 0x0000000081500000, 0x0000000081500000|100%| O|  |TAMS 0x0000000081500000, 0x0000000081400000| Untracked 
|  21|0x0000000081500000, 0x0000000081600000, 0x0000000081600000|100%| O|  |TAMS 0x0000000081600000, 0x0000000081500000| Untracked 
|  22|0x0000000081600000, 0x0000000081700000, 0x0000000081700000|100%| O|  |TAMS 0x0000000081700000, 0x0000000081600000| Untracked 
|  23|0x0000000081700000, 0x0000000081800000, 0x0000000081800000|100%| O|  |TAMS 0x0000000081800000, 0x0000000081700000| Untracked 
|  24|0x0000000081800000, 0x0000000081900000, 0x0000000081900000|100%| O|  |TAMS 0x0000000081900000, 0x0000000081800000| Untracked 
|  25|0x0000000081900000, 0x0000000081a00000, 0x0000000081a00000|100%| O|  |TAMS 0x0000000081a00000, 0x0000000081900000| Untracked 
|  26|0x0000000081a00000, 0x0000000081b00000, 0x0000000081b00000|100%| O|  |TAMS 0x0000000081b00000, 0x0000000081a00000| Untracked 
|  27|0x0000000081b00000, 0x0000000081c00000, 0x0000000081c00000|100%| O|  |TAMS 0x0000000081c00000, 0x0000000081b00000| Untracked 
|  28|0x0000000081c00000, 0x0000000081d00000, 0x0000000081d00000|100%| O|  |TAMS 0x0000000081d00000, 0x0000000081c00000| Untracked 
|  29|0x0000000081d00000, 0x0000000081e00000, 0x0000000081e00000|100%| O|  |TAMS 0x0000000081e00000, 0x0000000081d00000| Untracked 
|  30|0x0000000081e00000, 0x0000000081f00000, 0x0000000081f00000|100%| O|  |TAMS 0x0000000081f00000, 0x0000000081e00000| Untracked 
|  31|0x0000000081f00000, 0x0000000082000000, 0x0000000082000000|100%| O|  |TAMS 0x0000000082000000, 0x0000000081f00000| Untracked 
|  32|0x0000000082000000, 0x0000000082100000, 0x0000000082100000|100%| O|  |TAMS 0x0000000082100000, 0x0000000082000000| Untracked 
|  33|0x0000000082100000, 0x0000000082200000, 0x0000000082200000|100%| O|  |TAMS 0x0000000082200000, 0x0000000082100000| Untracked 
|  34|0x0000000082200000, 0x0000000082300000, 0x0000000082300000|100%| O|  |TAMS 0x0000000082300000, 0x0000000082200000| Untracked 
|  35|0x0000000082300000, 0x0000000082400000, 0x0000000082400000|100%| O|  |TAMS 0x0000000082400000, 0x0000000082300000| Untracked 
|  36|0x0000000082400000, 0x0000000082500000, 0x0000000082500000|100%| O|  |TAMS 0x0000000082500000, 0x0000000082400000| Untracked 
|  37|0x0000000082500000, 0x0000000082600000, 0x0000000082600000|100%|HS|  |TAMS 0x0000000082600000, 0x0000000082500000| Complete 
|  38|0x0000000082600000, 0x0000000082700000, 0x0000000082700000|100%|HC|  |TAMS 0x0000000082700000, 0x0000000082600000| Complete 
|  39|0x0000000082700000, 0x0000000082800000, 0x0000000082800000|100%|HC|  |TAMS 0x0000000082800000, 0x0000000082700000| Complete 
|  40|0x0000000082800000, 0x0000000082900000, 0x0000000082900000|100%|HS|  |TAMS 0x0000000082900000, 0x0000000082800000| Complete 
|  41|0x0000000082900000, 0x0000000082a00000, 0x0000000082a00000|100%|HC|  |TAMS 0x0000000082a00000, 0x0000000082900000| Complete 
|  42|0x0000000082a00000, 0x0000000082b00000, 0x0000000082b00000|100%|HC|  |TAMS 0x0000000082b00000, 0x0000000082a00000| Complete 
|  43|0x0000000082b00000, 0x0000000082c00000, 0x0000000082c00000|100%| O|  |TAMS 0x0000000082c00000, 0x0000000082b00000| Untracked 
|  44|0x0000000082c00000, 0x0000000082d00000, 0x0000000082d00000|100%| O|  |TAMS 0x0000000082d00000, 0x0000000082c00000| Untracked 
|  45|0x0000000082d00000, 0x0000000082e00000, 0x0000000082e00000|100%| O|  |TAMS 0x0000000082e00000, 0x0000000082d00000| Untracked 
|  46|0x0000000082e00000, 0x0000000082f00000, 0x0000000082f00000|100%| O|  |TAMS 0x0000000082f00000, 0x0000000082e00000| Untracked 
|  47|0x0000000082f00000, 0x0000000083000000, 0x0000000083000000|100%| O|  |TAMS 0x0000000083000000, 0x0000000082f00000| Untracked 
|  48|0x0000000083000000, 0x0000000083100000, 0x0000000083100000|100%| O|  |TAMS 0x0000000083100000, 0x0000000083000000| Untracked 
|  49|0x0000000083100000, 0x0000000083200000, 0x0000000083200000|100%| O|  |TAMS 0x0000000083200000, 0x0000000083100000| Untracked 
|  50|0x0000000083200000, 0x0000000083300000, 0x0000000083300000|100%| O|  |TAMS 0x0000000083300000, 0x0000000083200000| Untracked 
|  51|0x0000000083300000, 0x0000000083400000, 0x0000000083400000|100%| O|  |TAMS 0x0000000083400000, 0x0000000083300000| Untracked 
|  52|0x0000000083400000, 0x0000000083500000, 0x0000000083500000|100%| O|  |TAMS 0x0000000083500000, 0x0000000083400000| Untracked 
|  53|0x0000000083500000, 0x0000000083600000, 0x0000000083600000|100%| O|  |TAMS 0x0000000083600000, 0x0000000083500000| Untracked 
|  54|0x0000000083600000, 0x0000000083700000, 0x0000000083700000|100%| O|  |TAMS 0x0000000083700000, 0x0000000083600000| Untracked 
|  55|0x0000000083700000, 0x0000000083800000, 0x0000000083800000|100%| O|  |TAMS 0x0000000083800000, 0x0000000083700000| Untracked 
|  56|0x0000000083800000, 0x0000000083900000, 0x0000000083900000|100%| O|  |TAMS 0x0000000083900000, 0x0000000083800000| Untracked 
|  57|0x0000000083900000, 0x0000000083a00000, 0x0000000083a00000|100%| O|  |TAMS 0x0000000083a00000, 0x0000000083900000| Untracked 
|  58|0x0000000083a00000, 0x0000000083b00000, 0x0000000083b00000|100%| O|  |TAMS 0x0000000083b00000, 0x0000000083a00000| Untracked 
|  59|0x0000000083b00000, 0x0000000083c00000, 0x0000000083c00000|100%| O|  |TAMS 0x0000000083c00000, 0x0000000083b00000| Untracked 
|  60|0x0000000083c00000, 0x0000000083d00000, 0x0000000083d00000|100%| O|  |TAMS 0x0000000083d00000, 0x0000000083c00000| Untracked 
|  61|0x0000000083d00000, 0x0000000083e00000, 0x0000000083e00000|100%| O|  |TAMS 0x0000000083e00000, 0x0000000083d00000| Untracked 
|  62|0x0000000083e00000, 0x0000000083f00000, 0x0000000083f00000|100%| O|  |TAMS 0x0000000083f00000, 0x0000000083e00000| Untracked 
|  63|0x0000000083f00000, 0x0000000084000000, 0x0000000084000000|100%| O|  |TAMS 0x0000000084000000, 0x0000000083f00000| Untracked 
|  64|0x0000000084000000, 0x0000000084100000, 0x0000000084100000|100%| O|  |TAMS 0x0000000084100000, 0x0000000084000000| Untracked 
|  65|0x0000000084100000, 0x0000000084200000, 0x0000000084200000|100%| O|  |TAMS 0x0000000084200000, 0x0000000084100000| Untracked 
|  66|0x0000000084200000, 0x0000000084300000, 0x0000000084300000|100%| O|  |TAMS 0x0000000084300000, 0x0000000084200000| Untracked 
|  67|0x0000000084300000, 0x0000000084400000, 0x0000000084400000|100%| O|  |TAMS 0x0000000084400000, 0x0000000084300000| Untracked 
|  68|0x0000000084400000, 0x0000000084500000, 0x0000000084500000|100%| O|  |TAMS 0x0000000084500000, 0x0000000084400000| Untracked 
|  69|0x0000000084500000, 0x0000000084600000, 0x0000000084600000|100%| O|  |TAMS 0x0000000084600000, 0x0000000084500000| Untracked 
|  70|0x0000000084600000, 0x0000000084700000, 0x0000000084700000|100%| O|  |TAMS 0x0000000084700000, 0x0000000084600000| Untracked 
|  71|0x0000000084700000, 0x0000000084800000, 0x0000000084800000|100%| O|  |TAMS 0x0000000084800000, 0x0000000084700000| Untracked 
|  72|0x0000000084800000, 0x0000000084900000, 0x0000000084900000|100%| O|  |TAMS 0x0000000084900000, 0x0000000084800000| Untracked 
|  73|0x0000000084900000, 0x0000000084a00000, 0x0000000084a00000|100%|HS|  |TAMS 0x0000000084a00000, 0x0000000084900000| Complete 
|  74|0x0000000084a00000, 0x0000000084b00000, 0x0000000084b00000|100%|HS|  |TAMS 0x0000000084b00000, 0x0000000084a00000| Complete 
|  75|0x0000000084b00000, 0x0000000084c00000, 0x0000000084c00000|100%| O|  |TAMS 0x0000000084c00000, 0x0000000084b00000| Untracked 
|  76|0x0000000084c00000, 0x0000000084d00000, 0x0000000084d00000|100%| O|  |TAMS 0x0000000084d00000, 0x0000000084c00000| Untracked 
|  77|0x0000000084d00000, 0x0000000084e00000, 0x0000000084e00000|100%| O|  |TAMS 0x0000000084e00000, 0x0000000084d00000| Untracked 
|  78|0x0000000084e00000, 0x0000000084f00000, 0x0000000084f00000|100%| O|  |TAMS 0x0000000084f00000, 0x0000000084e00000| Untracked 
|  79|0x0000000084f00000, 0x0000000085000000, 0x0000000085000000|100%| O|  |TAMS 0x0000000085000000, 0x0000000084f00000| Untracked 
|  80|0x0000000085000000, 0x0000000085100000, 0x0000000085100000|100%| O|  |TAMS 0x0000000085100000, 0x0000000085000000| Untracked 
|  81|0x0000000085100000, 0x0000000085200000, 0x0000000085200000|100%| O|  |TAMS 0x0000000085200000, 0x0000000085100000| Untracked 
|  82|0x0000000085200000, 0x0000000085300000, 0x0000000085300000|100%| O|  |TAMS 0x0000000085300000, 0x0000000085200000| Untracked 
|  83|0x0000000085300000, 0x0000000085400000, 0x0000000085400000|100%| O|  |TAMS 0x0000000085400000, 0x0000000085300000| Untracked 
|  84|0x0000000085400000, 0x0000000085500000, 0x0000000085500000|100%| O|  |TAMS 0x0000000085500000, 0x0000000085400000| Untracked 
|  85|0x0000000085500000, 0x0000000085600000, 0x0000000085600000|100%| O|  |TAMS 0x0000000085600000, 0x0000000085500000| Untracked 
|  86|0x0000000085600000, 0x0000000085700000, 0x0000000085700000|100%| O|  |TAMS 0x0000000085700000, 0x0000000085600000| Untracked 
|  87|0x0000000085700000, 0x0000000085800000, 0x0000000085800000|100%| O|  |TAMS 0x0000000085800000, 0x0000000085700000| Untracked 
|  88|0x0000000085800000, 0x0000000085900000, 0x0000000085900000|100%| O|  |TAMS 0x0000000085900000, 0x0000000085800000| Untracked 
|  89|0x0000000085900000, 0x0000000085a00000, 0x0000000085a00000|100%| O|  |TAMS 0x0000000085900000, 0x0000000085900000| Untracked 
|  90|0x0000000085a00000, 0x0000000085b00000, 0x0000000085b00000|100%| O|  |TAMS 0x0000000085a00000, 0x0000000085a00000| Untracked 
|  91|0x0000000085b00000, 0x0000000085c00000, 0x0000000085c00000|100%| O|  |TAMS 0x0000000085c00000, 0x0000000085b00000| Untracked 
|  92|0x0000000085c00000, 0x0000000085d00000, 0x0000000085d00000|100%| O|  |TAMS 0x0000000085d00000, 0x0000000085c00000| Untracked 
|  93|0x0000000085d00000, 0x0000000085e00000, 0x0000000085e00000|100%| O|  |TAMS 0x0000000085e00000, 0x0000000085d00000| Untracked 
|  94|0x0000000085e00000, 0x0000000085f00000, 0x0000000085f00000|100%| O|  |TAMS 0x0000000085f00000, 0x0000000085e00000| Untracked 
|  95|0x0000000085f00000, 0x0000000086000000, 0x0000000086000000|100%|HS|  |TAMS 0x0000000086000000, 0x0000000085f00000| Complete 
|  96|0x0000000086000000, 0x0000000086100000, 0x0000000086100000|100%|HS|  |TAMS 0x0000000086100000, 0x0000000086000000| Complete 
|  97|0x0000000086100000, 0x0000000086200000, 0x0000000086200000|100%| O|  |TAMS 0x0000000086200000, 0x0000000086100000| Untracked 
|  98|0x0000000086200000, 0x0000000086300000, 0x0000000086300000|100%|HS|  |TAMS 0x0000000086300000, 0x0000000086200000| Complete 
|  99|0x0000000086300000, 0x0000000086400000, 0x0000000086400000|100%|HS|  |TAMS 0x0000000086400000, 0x0000000086300000| Complete 
| 100|0x0000000086400000, 0x0000000086500000, 0x0000000086500000|100%| O|  |TAMS 0x0000000086500000, 0x0000000086400000| Untracked 
| 101|0x0000000086500000, 0x0000000086600000, 0x0000000086600000|100%| O|  |TAMS 0x0000000086600000, 0x0000000086500000| Untracked 
| 102|0x0000000086600000, 0x0000000086700000, 0x0000000086700000|100%| O|  |TAMS 0x0000000086700000, 0x0000000086600000| Untracked 
| 103|0x0000000086700000, 0x0000000086800000, 0x0000000086800000|100%| O|  |TAMS 0x0000000086800000, 0x0000000086700000| Untracked 
| 104|0x0000000086800000, 0x0000000086900000, 0x0000000086900000|100%| O|  |TAMS 0x0000000086900000, 0x0000000086800000| Untracked 
| 105|0x0000000086900000, 0x0000000086a00000, 0x0000000086a00000|100%| O|  |TAMS 0x0000000086a00000, 0x0000000086900000| Untracked 
| 106|0x0000000086a00000, 0x0000000086b00000, 0x0000000086b00000|100%| O|  |TAMS 0x0000000086b00000, 0x0000000086a00000| Untracked 
| 107|0x0000000086b00000, 0x0000000086c00000, 0x0000000086c00000|100%| O|  |TAMS 0x0000000086c00000, 0x0000000086b00000| Untracked 
| 108|0x0000000086c00000, 0x0000000086d00000, 0x0000000086d00000|100%| O|  |TAMS 0x0000000086d00000, 0x0000000086c00000| Untracked 
| 109|0x0000000086d00000, 0x0000000086e00000, 0x0000000086e00000|100%| O|  |TAMS 0x0000000086e00000, 0x0000000086d00000| Untracked 
| 110|0x0000000086e00000, 0x0000000086f00000, 0x0000000086f00000|100%| O|  |TAMS 0x0000000086f00000, 0x0000000086e00000| Untracked 
| 111|0x0000000086f00000, 0x0000000087000000, 0x0000000087000000|100%| O|  |TAMS 0x0000000087000000, 0x0000000086f00000| Untracked 
| 112|0x0000000087000000, 0x0000000087100000, 0x0000000087100000|100%|HS|  |TAMS 0x0000000087100000, 0x0000000087000000| Complete 
| 113|0x0000000087100000, 0x0000000087200000, 0x0000000087200000|100%|HS|  |TAMS 0x0000000087200000, 0x0000000087100000| Complete 
| 114|0x0000000087200000, 0x0000000087300000, 0x0000000087300000|100%|HC|  |TAMS 0x0000000087300000, 0x0000000087200000| Complete 
| 115|0x0000000087300000, 0x0000000087400000, 0x0000000087400000|100%|HC|  |TAMS 0x0000000087400000, 0x0000000087300000| Complete 
| 116|0x0000000087400000, 0x0000000087500000, 0x0000000087500000|100%| O|  |TAMS 0x0000000087500000, 0x0000000087400000| Untracked 
| 117|0x0000000087500000, 0x0000000087600000, 0x0000000087600000|100%| O|  |TAMS 0x0000000087600000, 0x0000000087500000| Untracked 
| 118|0x0000000087600000, 0x0000000087700000, 0x0000000087700000|100%| O|  |TAMS 0x0000000087700000, 0x0000000087600000| Untracked 
| 119|0x0000000087700000, 0x0000000087800000, 0x0000000087800000|100%| O|  |TAMS 0x0000000087800000, 0x0000000087700000| Untracked 
| 120|0x0000000087800000, 0x0000000087900000, 0x0000000087900000|100%| O|  |TAMS 0x0000000087900000, 0x0000000087800000| Untracked 
| 121|0x0000000087900000, 0x0000000087a00000, 0x0000000087a00000|100%| O|  |TAMS 0x0000000087a00000, 0x0000000087900000| Untracked 
| 122|0x0000000087a00000, 0x0000000087b00000, 0x0000000087b00000|100%| O|  |TAMS 0x0000000087b00000, 0x0000000087a00000| Untracked 
| 123|0x0000000087b00000, 0x0000000087c00000, 0x0000000087c00000|100%| O|  |TAMS 0x0000000087c00000, 0x0000000087b00000| Untracked 
| 124|0x0000000087c00000, 0x0000000087d00000, 0x0000000087d00000|100%| O|  |TAMS 0x0000000087d00000, 0x0000000087c00000| Untracked 
| 125|0x0000000087d00000, 0x0000000087e00000, 0x0000000087e00000|100%| O|  |TAMS 0x0000000087e00000, 0x0000000087d00000| Untracked 
| 126|0x0000000087e00000, 0x0000000087f00000, 0x0000000087f00000|100%| O|  |TAMS 0x0000000087f00000, 0x0000000087e00000| Untracked 
| 127|0x0000000087f00000, 0x0000000088000000, 0x0000000088000000|100%| O|  |TAMS 0x0000000088000000, 0x0000000087f00000| Untracked 
| 128|0x0000000088000000, 0x0000000088100000, 0x0000000088100000|100%| O|  |TAMS 0x0000000088100000, 0x0000000088000000| Untracked 
| 129|0x0000000088100000, 0x0000000088200000, 0x0000000088200000|100%| O|  |TAMS 0x0000000088200000, 0x0000000088100000| Untracked 
| 130|0x0000000088200000, 0x0000000088300000, 0x0000000088300000|100%| O|  |TAMS 0x0000000088300000, 0x0000000088200000| Untracked 
| 131|0x0000000088300000, 0x0000000088400000, 0x0000000088400000|100%| O|  |TAMS 0x0000000088400000, 0x0000000088300000| Untracked 
| 132|0x0000000088400000, 0x0000000088500000, 0x0000000088500000|100%| O|  |TAMS 0x0000000088500000, 0x0000000088400000| Untracked 
| 133|0x0000000088500000, 0x0000000088600000, 0x0000000088600000|100%| O|  |TAMS 0x0000000088600000, 0x0000000088500000| Untracked 
| 134|0x0000000088600000, 0x0000000088700000, 0x0000000088700000|100%| O|  |TAMS 0x0000000088700000, 0x0000000088600000| Untracked 
| 135|0x0000000088700000, 0x0000000088800000, 0x0000000088800000|100%| O|  |TAMS 0x0000000088800000, 0x0000000088700000| Untracked 
| 136|0x0000000088800000, 0x0000000088900000, 0x0000000088900000|100%| O|  |TAMS 0x0000000088900000, 0x0000000088800000| Untracked 
| 137|0x0000000088900000, 0x0000000088a00000, 0x0000000088a00000|100%| O|  |TAMS 0x0000000088a00000, 0x0000000088900000| Untracked 
| 138|0x0000000088a00000, 0x0000000088b00000, 0x0000000088b00000|100%| O|  |TAMS 0x0000000088b00000, 0x0000000088a00000| Untracked 
| 139|0x0000000088b00000, 0x0000000088c00000, 0x0000000088c00000|100%| O|  |TAMS 0x0000000088c00000, 0x0000000088b00000| Untracked 
| 140|0x0000000088c00000, 0x0000000088d00000, 0x0000000088d00000|100%| O|  |TAMS 0x0000000088d00000, 0x0000000088c00000| Untracked 
| 141|0x0000000088d00000, 0x0000000088e00000, 0x0000000088e00000|100%| O|  |TAMS 0x0000000088e00000, 0x0000000088d00000| Untracked 
| 142|0x0000000088e00000, 0x0000000088f00000, 0x0000000088f00000|100%| O|  |TAMS 0x0000000088f00000, 0x0000000088e00000| Untracked 
| 143|0x0000000088f00000, 0x0000000089000000, 0x0000000089000000|100%| O|  |TAMS 0x0000000089000000, 0x0000000088f00000| Untracked 
| 144|0x0000000089000000, 0x0000000089100000, 0x0000000089100000|100%| O|  |TAMS 0x0000000089100000, 0x0000000089000000| Untracked 
| 145|0x0000000089100000, 0x0000000089200000, 0x0000000089200000|100%| O|  |TAMS 0x0000000089200000, 0x0000000089100000| Untracked 
| 146|0x0000000089200000, 0x0000000089300000, 0x0000000089300000|100%| O|  |TAMS 0x0000000089300000, 0x0000000089200000| Untracked 
| 147|0x0000000089300000, 0x0000000089400000, 0x0000000089400000|100%| O|  |TAMS 0x0000000089400000, 0x0000000089300000| Untracked 
| 148|0x0000000089400000, 0x0000000089500000, 0x0000000089500000|100%| O|  |TAMS 0x0000000089500000, 0x0000000089400000| Untracked 
| 149|0x0000000089500000, 0x0000000089600000, 0x0000000089600000|100%| O|  |TAMS 0x0000000089600000, 0x0000000089500000| Untracked 
| 150|0x0000000089600000, 0x0000000089700000, 0x0000000089700000|100%| O|  |TAMS 0x0000000089700000, 0x0000000089600000| Untracked 
| 151|0x0000000089700000, 0x0000000089800000, 0x0000000089800000|100%| O|  |TAMS 0x0000000089800000, 0x0000000089700000| Untracked 
| 152|0x0000000089800000, 0x0000000089900000, 0x0000000089900000|100%| O|  |TAMS 0x0000000089900000, 0x0000000089800000| Untracked 
| 153|0x0000000089900000, 0x0000000089a00000, 0x0000000089a00000|100%| O|  |TAMS 0x0000000089a00000, 0x0000000089900000| Untracked 
| 154|0x0000000089a00000, 0x0000000089b00000, 0x0000000089b00000|100%| O|  |TAMS 0x0000000089b00000, 0x0000000089a00000| Untracked 
| 155|0x0000000089b00000, 0x0000000089c00000, 0x0000000089c00000|100%| O|  |TAMS 0x0000000089c00000, 0x0000000089b00000| Untracked 
| 156|0x0000000089c00000, 0x0000000089d00000, 0x0000000089d00000|100%| O|  |TAMS 0x0000000089d00000, 0x0000000089c00000| Untracked 
| 157|0x0000000089d00000, 0x0000000089e00000, 0x0000000089e00000|100%| O|  |TAMS 0x0000000089e00000, 0x0000000089d00000| Untracked 
| 158|0x0000000089e00000, 0x0000000089f00000, 0x0000000089f00000|100%| O|  |TAMS 0x0000000089f00000, 0x0000000089e00000| Untracked 
| 159|0x0000000089f00000, 0x000000008a000000, 0x000000008a000000|100%| O|  |TAMS 0x000000008a000000, 0x0000000089f00000| Untracked 
| 160|0x000000008a000000, 0x000000008a100000, 0x000000008a100000|100%| O|  |TAMS 0x000000008a100000, 0x000000008a000000| Untracked 
| 161|0x000000008a100000, 0x000000008a200000, 0x000000008a200000|100%| O|  |TAMS 0x000000008a200000, 0x000000008a100000| Untracked 
| 162|0x000000008a200000, 0x000000008a300000, 0x000000008a300000|100%| O|  |TAMS 0x000000008a300000, 0x000000008a200000| Untracked 
| 163|0x000000008a300000, 0x000000008a400000, 0x000000008a400000|100%|HS|  |TAMS 0x000000008a400000, 0x000000008a300000| Complete 
| 164|0x000000008a400000, 0x000000008a500000, 0x000000008a500000|100%|HS|  |TAMS 0x000000008a500000, 0x000000008a400000| Complete 
| 165|0x000000008a500000, 0x000000008a600000, 0x000000008a600000|100%|HS|  |TAMS 0x000000008a600000, 0x000000008a500000| Complete 
| 166|0x000000008a600000, 0x000000008a700000, 0x000000008a700000|100%| O|  |TAMS 0x000000008a700000, 0x000000008a600000| Untracked 
| 167|0x000000008a700000, 0x000000008a800000, 0x000000008a800000|100%| O|  |TAMS 0x000000008a800000, 0x000000008a700000| Untracked 
| 168|0x000000008a800000, 0x000000008a900000, 0x000000008a900000|100%| O|  |TAMS 0x000000008a900000, 0x000000008a800000| Untracked 
| 169|0x000000008a900000, 0x000000008aa00000, 0x000000008aa00000|100%| O|  |TAMS 0x000000008aa00000, 0x000000008a900000| Untracked 
| 170|0x000000008aa00000, 0x000000008ab00000, 0x000000008ab00000|100%| O|  |TAMS 0x000000008ab00000, 0x000000008aa00000| Untracked 
| 171|0x000000008ab00000, 0x000000008ac00000, 0x000000008ac00000|100%| O|  |TAMS 0x000000008ac00000, 0x000000008ab00000| Untracked 
| 172|0x000000008ac00000, 0x000000008ad00000, 0x000000008ad00000|100%| O|  |TAMS 0x000000008ad00000, 0x000000008ac00000| Untracked 
| 173|0x000000008ad00000, 0x000000008ae00000, 0x000000008ae00000|100%| O|  |TAMS 0x000000008ad00000, 0x000000008ad00000| Untracked 
| 174|0x000000008ae00000, 0x000000008af00000, 0x000000008af00000|100%| O|  |TAMS 0x000000008af00000, 0x000000008ae00000| Untracked 
| 175|0x000000008af00000, 0x000000008b000000, 0x000000008b000000|100%| O|  |TAMS 0x000000008b000000, 0x000000008af00000| Untracked 
| 176|0x000000008b000000, 0x000000008b100000, 0x000000008b100000|100%| O|  |TAMS 0x000000008b100000, 0x000000008b000000| Untracked 
| 177|0x000000008b100000, 0x000000008b200000, 0x000000008b200000|100%| O|  |TAMS 0x000000008b200000, 0x000000008b100000| Untracked 
| 178|0x000000008b200000, 0x000000008b300000, 0x000000008b300000|100%| O|  |TAMS 0x000000008b300000, 0x000000008b200000| Untracked 
| 179|0x000000008b300000, 0x000000008b400000, 0x000000008b400000|100%| O|  |TAMS 0x000000008b400000, 0x000000008b300000| Untracked 
| 180|0x000000008b400000, 0x000000008b500000, 0x000000008b500000|100%| O|  |TAMS 0x000000008b500000, 0x000000008b400000| Untracked 
| 181|0x000000008b500000, 0x000000008b600000, 0x000000008b600000|100%| O|  |TAMS 0x000000008b600000, 0x000000008b500000| Untracked 
| 182|0x000000008b600000, 0x000000008b700000, 0x000000008b700000|100%| O|  |TAMS 0x000000008b700000, 0x000000008b600000| Untracked 
| 183|0x000000008b700000, 0x000000008b800000, 0x000000008b800000|100%| O|  |TAMS 0x000000008b800000, 0x000000008b700000| Untracked 
| 184|0x000000008b800000, 0x000000008b900000, 0x000000008b900000|100%| O|  |TAMS 0x000000008b900000, 0x000000008b800000| Untracked 
| 185|0x000000008b900000, 0x000000008ba00000, 0x000000008ba00000|100%| O|  |TAMS 0x000000008ba00000, 0x000000008b900000| Untracked 
| 186|0x000000008ba00000, 0x000000008bb00000, 0x000000008bb00000|100%| O|  |TAMS 0x000000008bb00000, 0x000000008ba00000| Untracked 
| 187|0x000000008bb00000, 0x000000008bc00000, 0x000000008bc00000|100%| O|  |TAMS 0x000000008bc00000, 0x000000008bb00000| Untracked 
| 188|0x000000008bc00000, 0x000000008bd00000, 0x000000008bd00000|100%| O|  |TAMS 0x000000008bd00000, 0x000000008bc00000| Untracked 
| 189|0x000000008bd00000, 0x000000008be00000, 0x000000008be00000|100%| O|  |TAMS 0x000000008be00000, 0x000000008bd00000| Untracked 
| 190|0x000000008be00000, 0x000000008bf00000, 0x000000008bf00000|100%| O|  |TAMS 0x000000008bf00000, 0x000000008be00000| Untracked 
| 191|0x000000008bf00000, 0x000000008c000000, 0x000000008c000000|100%| O|  |TAMS 0x000000008c000000, 0x000000008bf00000| Untracked 
| 192|0x000000008c000000, 0x000000008c100000, 0x000000008c100000|100%| O|  |TAMS 0x000000008c100000, 0x000000008c000000| Untracked 
| 193|0x000000008c100000, 0x000000008c200000, 0x000000008c200000|100%| O|  |TAMS 0x000000008c200000, 0x000000008c100000| Untracked 
| 194|0x000000008c200000, 0x000000008c300000, 0x000000008c300000|100%| O|  |TAMS 0x000000008c300000, 0x000000008c200000| Untracked 
| 195|0x000000008c300000, 0x000000008c400000, 0x000000008c400000|100%| O|  |TAMS 0x000000008c400000, 0x000000008c300000| Untracked 
| 196|0x000000008c400000, 0x000000008c500000, 0x000000008c500000|100%| O|  |TAMS 0x000000008c500000, 0x000000008c400000| Untracked 
| 197|0x000000008c500000, 0x000000008c600000, 0x000000008c600000|100%| O|  |TAMS 0x000000008c600000, 0x000000008c500000| Untracked 
| 198|0x000000008c600000, 0x000000008c700000, 0x000000008c700000|100%| O|  |TAMS 0x000000008c700000, 0x000000008c600000| Untracked 
| 199|0x000000008c700000, 0x000000008c800000, 0x000000008c800000|100%| O|  |TAMS 0x000000008c800000, 0x000000008c700000| Untracked 
| 200|0x000000008c800000, 0x000000008c900000, 0x000000008c900000|100%| O|  |TAMS 0x000000008c900000, 0x000000008c800000| Untracked 
| 201|0x000000008c900000, 0x000000008ca00000, 0x000000008ca00000|100%| O|  |TAMS 0x000000008ca00000, 0x000000008c900000| Untracked 
| 202|0x000000008ca00000, 0x000000008cb00000, 0x000000008cb00000|100%| O|  |TAMS 0x000000008cb00000, 0x000000008ca00000| Untracked 
| 203|0x000000008cb00000, 0x000000008cc00000, 0x000000008cc00000|100%| O|  |TAMS 0x000000008cc00000, 0x000000008cb00000| Untracked 
| 204|0x000000008cc00000, 0x000000008cd00000, 0x000000008cd00000|100%| O|  |TAMS 0x000000008cd00000, 0x000000008cc00000| Untracked 
| 205|0x000000008cd00000, 0x000000008ce00000, 0x000000008ce00000|100%| O|  |TAMS 0x000000008ce00000, 0x000000008cd00000| Untracked 
| 206|0x000000008ce00000, 0x000000008cf00000, 0x000000008cf00000|100%| O|  |TAMS 0x000000008cf00000, 0x000000008ce00000| Untracked 
| 207|0x000000008cf00000, 0x000000008d000000, 0x000000008d000000|100%| O|  |TAMS 0x000000008d000000, 0x000000008cf00000| Untracked 
| 208|0x000000008d000000, 0x000000008d100000, 0x000000008d100000|100%| O|  |TAMS 0x000000008d100000, 0x000000008d000000| Untracked 
| 209|0x000000008d100000, 0x000000008d200000, 0x000000008d200000|100%| O|  |TAMS 0x000000008d200000, 0x000000008d100000| Untracked 
| 210|0x000000008d200000, 0x000000008d300000, 0x000000008d300000|100%| O|  |TAMS 0x000000008d300000, 0x000000008d200000| Untracked 
| 211|0x000000008d300000, 0x000000008d400000, 0x000000008d400000|100%|HS|  |TAMS 0x000000008d400000, 0x000000008d300000| Complete 
| 212|0x000000008d400000, 0x000000008d500000, 0x000000008d500000|100%|HS|  |TAMS 0x000000008d500000, 0x000000008d400000| Complete 
| 213|0x000000008d500000, 0x000000008d600000, 0x000000008d600000|100%|HS|  |TAMS 0x000000008d600000, 0x000000008d500000| Complete 
| 214|0x000000008d600000, 0x000000008d700000, 0x000000008d700000|100%|HC|  |TAMS 0x000000008d700000, 0x000000008d600000| Complete 
| 215|0x000000008d700000, 0x000000008d800000, 0x000000008d800000|100%| O|  |TAMS 0x000000008d800000, 0x000000008d700000| Untracked 
| 216|0x000000008d800000, 0x000000008d900000, 0x000000008d900000|100%| O|  |TAMS 0x000000008d900000, 0x000000008d800000| Untracked 
| 217|0x000000008d900000, 0x000000008da00000, 0x000000008da00000|100%| O|  |TAMS 0x000000008da00000, 0x000000008d900000| Untracked 
| 218|0x000000008da00000, 0x000000008db00000, 0x000000008db00000|100%| O|  |TAMS 0x000000008db00000, 0x000000008da00000| Untracked 
| 219|0x000000008db00000, 0x000000008dc00000, 0x000000008dc00000|100%| O|  |TAMS 0x000000008dc00000, 0x000000008db00000| Untracked 
| 220|0x000000008dc00000, 0x000000008dd00000, 0x000000008dd00000|100%| O|  |TAMS 0x000000008dd00000, 0x000000008dc00000| Untracked 
| 221|0x000000008dd00000, 0x000000008de00000, 0x000000008de00000|100%| O|  |TAMS 0x000000008de00000, 0x000000008dd00000| Untracked 
| 222|0x000000008de00000, 0x000000008df00000, 0x000000008df00000|100%| O|  |TAMS 0x000000008df00000, 0x000000008de00000| Untracked 
| 223|0x000000008df00000, 0x000000008e000000, 0x000000008e000000|100%| O|  |TAMS 0x000000008df00000, 0x000000008df00000| Untracked 
| 224|0x000000008e000000, 0x000000008e100000, 0x000000008e100000|100%| O|  |TAMS 0x000000008e100000, 0x000000008e000000| Untracked 
| 225|0x000000008e100000, 0x000000008e200000, 0x000000008e200000|100%| O|  |TAMS 0x000000008e200000, 0x000000008e100000| Untracked 
| 226|0x000000008e200000, 0x000000008e300000, 0x000000008e300000|100%| O|  |TAMS 0x000000008e300000, 0x000000008e200000| Untracked 
| 227|0x000000008e300000, 0x000000008e400000, 0x000000008e400000|100%| O|  |TAMS 0x000000008e400000, 0x000000008e300000| Untracked 
| 228|0x000000008e400000, 0x000000008e500000, 0x000000008e500000|100%| O|  |TAMS 0x000000008e500000, 0x000000008e400000| Untracked 
| 229|0x000000008e500000, 0x000000008e600000, 0x000000008e600000|100%| O|  |TAMS 0x000000008e600000, 0x000000008e500000| Untracked 
| 230|0x000000008e600000, 0x000000008e700000, 0x000000008e700000|100%| O|  |TAMS 0x000000008e700000, 0x000000008e600000| Untracked 
| 231|0x000000008e700000, 0x000000008e800000, 0x000000008e800000|100%| O|  |TAMS 0x000000008e800000, 0x000000008e700000| Untracked 
| 232|0x000000008e800000, 0x000000008e900000, 0x000000008e900000|100%| O|  |TAMS 0x000000008e900000, 0x000000008e800000| Untracked 
| 233|0x000000008e900000, 0x000000008ea00000, 0x000000008ea00000|100%| O|  |TAMS 0x000000008ea00000, 0x000000008e900000| Untracked 
| 234|0x000000008ea00000, 0x000000008eb00000, 0x000000008eb00000|100%| O|  |TAMS 0x000000008eb00000, 0x000000008ea00000| Untracked 
| 235|0x000000008eb00000, 0x000000008ec00000, 0x000000008ec00000|100%| O|  |TAMS 0x000000008ec00000, 0x000000008eb00000| Untracked 
| 236|0x000000008ec00000, 0x000000008ed00000, 0x000000008ed00000|100%| O|  |TAMS 0x000000008ed00000, 0x000000008ec00000| Untracked 
| 237|0x000000008ed00000, 0x000000008ee00000, 0x000000008ee00000|100%| O|  |TAMS 0x000000008ee00000, 0x000000008ed00000| Untracked 
| 238|0x000000008ee00000, 0x000000008ef00000, 0x000000008ef00000|100%| O|  |TAMS 0x000000008ef00000, 0x000000008ee00000| Untracked 
| 239|0x000000008ef00000, 0x000000008f000000, 0x000000008f000000|100%| O|  |TAMS 0x000000008f000000, 0x000000008ef00000| Untracked 
| 240|0x000000008f000000, 0x000000008f100000, 0x000000008f100000|100%| O|  |TAMS 0x000000008f100000, 0x000000008f000000| Untracked 
| 241|0x000000008f100000, 0x000000008f200000, 0x000000008f200000|100%| O|  |TAMS 0x000000008f200000, 0x000000008f100000| Untracked 
| 242|0x000000008f200000, 0x000000008f300000, 0x000000008f300000|100%| O|  |TAMS 0x000000008f300000, 0x000000008f200000| Untracked 
| 243|0x000000008f300000, 0x000000008f400000, 0x000000008f400000|100%| O|  |TAMS 0x000000008f400000, 0x000000008f300000| Untracked 
| 244|0x000000008f400000, 0x000000008f500000, 0x000000008f500000|100%| O|  |TAMS 0x000000008f500000, 0x000000008f400000| Untracked 
| 245|0x000000008f500000, 0x000000008f600000, 0x000000008f600000|100%| O|  |TAMS 0x000000008f600000, 0x000000008f500000| Untracked 
| 246|0x000000008f600000, 0x000000008f700000, 0x000000008f700000|100%| O|  |TAMS 0x000000008f700000, 0x000000008f600000| Untracked 
| 247|0x000000008f700000, 0x000000008f800000, 0x000000008f800000|100%| O|  |TAMS 0x000000008f800000, 0x000000008f700000| Untracked 
| 248|0x000000008f800000, 0x000000008f900000, 0x000000008f900000|100%| O|  |TAMS 0x000000008f900000, 0x000000008f800000| Untracked 
| 249|0x000000008f900000, 0x000000008fa00000, 0x000000008fa00000|100%| O|  |TAMS 0x000000008fa00000, 0x000000008f900000| Untracked 
| 250|0x000000008fa00000, 0x000000008fb00000, 0x000000008fb00000|100%| O|  |TAMS 0x000000008fb00000, 0x000000008fa00000| Untracked 
| 251|0x000000008fb00000, 0x000000008fc00000, 0x000000008fc00000|100%| O|  |TAMS 0x000000008fc00000, 0x000000008fb00000| Untracked 
| 252|0x000000008fc00000, 0x000000008fd00000, 0x000000008fd00000|100%| O|  |TAMS 0x000000008fd00000, 0x000000008fc00000| Untracked 
| 253|0x000000008fd00000, 0x000000008fe00000, 0x000000008fe00000|100%| O|  |TAMS 0x000000008fe00000, 0x000000008fd00000| Untracked 
| 254|0x000000008fe00000, 0x000000008ff00000, 0x000000008ff00000|100%| O|  |TAMS 0x000000008ff00000, 0x000000008fe00000| Untracked 
| 255|0x000000008ff00000, 0x0000000090000000, 0x0000000090000000|100%| O|  |TAMS 0x0000000090000000, 0x000000008ff00000| Untracked 
| 256|0x0000000090000000, 0x0000000090100000, 0x0000000090100000|100%| O|  |TAMS 0x0000000090100000, 0x0000000090000000| Untracked 
| 257|0x0000000090100000, 0x0000000090200000, 0x0000000090200000|100%|HS|  |TAMS 0x0000000090200000, 0x0000000090100000| Complete 
| 258|0x0000000090200000, 0x0000000090300000, 0x0000000090300000|100%|HS|  |TAMS 0x0000000090300000, 0x0000000090200000| Complete 
| 259|0x0000000090300000, 0x0000000090400000, 0x0000000090400000|100%|HS|  |TAMS 0x0000000090400000, 0x0000000090300000| Complete 
| 260|0x0000000090400000, 0x0000000090500000, 0x0000000090500000|100%| O|  |TAMS 0x0000000090500000, 0x0000000090400000| Untracked 
| 261|0x0000000090500000, 0x0000000090600000, 0x0000000090600000|100%| O|  |TAMS 0x0000000090600000, 0x0000000090500000| Untracked 
| 262|0x0000000090600000, 0x0000000090700000, 0x0000000090700000|100%| O|  |TAMS 0x0000000090700000, 0x0000000090600000| Untracked 
| 263|0x0000000090700000, 0x0000000090800000, 0x0000000090800000|100%| O|  |TAMS 0x0000000090800000, 0x0000000090700000| Untracked 
| 264|0x0000000090800000, 0x0000000090900000, 0x0000000090900000|100%| O|  |TAMS 0x0000000090900000, 0x0000000090800000| Untracked 
| 265|0x0000000090900000, 0x0000000090a00000, 0x0000000090a00000|100%| O|  |TAMS 0x0000000090a00000, 0x0000000090900000| Untracked 
| 266|0x0000000090a00000, 0x0000000090b00000, 0x0000000090b00000|100%| O|  |TAMS 0x0000000090b00000, 0x0000000090a00000| Untracked 
| 267|0x0000000090b00000, 0x0000000090c00000, 0x0000000090c00000|100%| O|  |TAMS 0x0000000090c00000, 0x0000000090b00000| Untracked 
| 268|0x0000000090c00000, 0x0000000090d00000, 0x0000000090d00000|100%| O|  |TAMS 0x0000000090d00000, 0x0000000090c00000| Untracked 
| 269|0x0000000090d00000, 0x0000000090e00000, 0x0000000090e00000|100%| O|  |TAMS 0x0000000090e00000, 0x0000000090d00000| Untracked 
| 270|0x0000000090e00000, 0x0000000090f00000, 0x0000000090f00000|100%| O|  |TAMS 0x0000000090f00000, 0x0000000090e00000| Untracked 
| 271|0x0000000090f00000, 0x0000000091000000, 0x0000000091000000|100%| O|  |TAMS 0x0000000091000000, 0x0000000090f00000| Untracked 
| 272|0x0000000091000000, 0x0000000091100000, 0x0000000091100000|100%| O|  |TAMS 0x0000000091100000, 0x0000000091000000| Untracked 
| 273|0x0000000091100000, 0x0000000091200000, 0x0000000091200000|100%| O|  |TAMS 0x0000000091200000, 0x0000000091100000| Untracked 
| 274|0x0000000091200000, 0x0000000091300000, 0x0000000091300000|100%| O|  |TAMS 0x0000000091300000, 0x0000000091200000| Untracked 
| 275|0x0000000091300000, 0x0000000091400000, 0x0000000091400000|100%| O|  |TAMS 0x0000000091400000, 0x0000000091300000| Untracked 
| 276|0x0000000091400000, 0x0000000091500000, 0x0000000091500000|100%| O|  |TAMS 0x0000000091500000, 0x0000000091400000| Untracked 
| 277|0x0000000091500000, 0x0000000091600000, 0x0000000091600000|100%| O|  |TAMS 0x0000000091600000, 0x0000000091500000| Untracked 
| 278|0x0000000091600000, 0x0000000091700000, 0x0000000091700000|100%| O|  |TAMS 0x0000000091600000, 0x0000000091600000| Untracked 
| 279|0x0000000091700000, 0x0000000091800000, 0x0000000091800000|100%| O|  |TAMS 0x0000000091800000, 0x0000000091700000| Untracked 
| 280|0x0000000091800000, 0x0000000091900000, 0x0000000091900000|100%| O|  |TAMS 0x0000000091900000, 0x0000000091800000| Untracked 
| 281|0x0000000091900000, 0x0000000091a00000, 0x0000000091a00000|100%| O|  |TAMS 0x0000000091a00000, 0x0000000091900000| Untracked 
| 282|0x0000000091a00000, 0x0000000091b00000, 0x0000000091b00000|100%| O|  |TAMS 0x0000000091b00000, 0x0000000091a00000| Untracked 
| 283|0x0000000091b00000, 0x0000000091c00000, 0x0000000091c00000|100%| O|  |TAMS 0x0000000091c00000, 0x0000000091b00000| Untracked 
| 284|0x0000000091c00000, 0x0000000091d00000, 0x0000000091d00000|100%| O|  |TAMS 0x0000000091d00000, 0x0000000091c00000| Untracked 
| 285|0x0000000091d00000, 0x0000000091e00000, 0x0000000091e00000|100%|HS|  |TAMS 0x0000000091e00000, 0x0000000091d00000| Complete 
| 286|0x0000000091e00000, 0x0000000091f00000, 0x0000000091f00000|100%|HS|  |TAMS 0x0000000091f00000, 0x0000000091e00000| Complete 
| 287|0x0000000091f00000, 0x0000000092000000, 0x0000000092000000|100%| O|  |TAMS 0x0000000092000000, 0x0000000091f00000| Untracked 
| 288|0x0000000092000000, 0x0000000092100000, 0x0000000092100000|100%| O|  |TAMS 0x0000000092100000, 0x0000000092000000| Untracked 
| 289|0x0000000092100000, 0x0000000092200000, 0x0000000092200000|100%| O|  |TAMS 0x0000000092200000, 0x0000000092100000| Untracked 
| 290|0x0000000092200000, 0x0000000092300000, 0x0000000092300000|100%| O|  |TAMS 0x0000000092300000, 0x0000000092200000| Untracked 
| 291|0x0000000092300000, 0x0000000092400000, 0x0000000092400000|100%| O|  |TAMS 0x0000000092400000, 0x0000000092300000| Untracked 
| 292|0x0000000092400000, 0x0000000092500000, 0x0000000092500000|100%| O|  |TAMS 0x0000000092500000, 0x0000000092400000| Untracked 
| 293|0x0000000092500000, 0x0000000092600000, 0x0000000092600000|100%| O|  |TAMS 0x0000000092500000, 0x0000000092500000| Untracked 
| 294|0x0000000092600000, 0x0000000092700000, 0x0000000092700000|100%| O|  |TAMS 0x0000000092700000, 0x0000000092600000| Untracked 
| 295|0x0000000092700000, 0x0000000092800000, 0x0000000092800000|100%| O|  |TAMS 0x0000000092800000, 0x0000000092700000| Untracked 
| 296|0x0000000092800000, 0x0000000092900000, 0x0000000092900000|100%| O|  |TAMS 0x0000000092900000, 0x0000000092800000| Untracked 
| 297|0x0000000092900000, 0x0000000092a00000, 0x0000000092a00000|100%| O|  |TAMS 0x0000000092a00000, 0x0000000092900000| Untracked 
| 298|0x0000000092a00000, 0x0000000092b00000, 0x0000000092b00000|100%| O|  |TAMS 0x0000000092b00000, 0x0000000092a00000| Untracked 
| 299|0x0000000092b00000, 0x0000000092c00000, 0x0000000092c00000|100%| O|  |TAMS 0x0000000092c00000, 0x0000000092b00000| Untracked 
| 300|0x0000000092c00000, 0x0000000092d00000, 0x0000000092d00000|100%| O|  |TAMS 0x0000000092d00000, 0x0000000092c00000| Untracked 
| 301|0x0000000092d00000, 0x0000000092e00000, 0x0000000092e00000|100%| O|  |TAMS 0x0000000092e00000, 0x0000000092d00000| Untracked 
| 302|0x0000000092e00000, 0x0000000092f00000, 0x0000000092f00000|100%| O|  |TAMS 0x0000000092f00000, 0x0000000092e00000| Untracked 
| 303|0x0000000092f00000, 0x0000000093000000, 0x0000000093000000|100%| O|  |TAMS 0x0000000093000000, 0x0000000092f00000| Untracked 
| 304|0x0000000093000000, 0x0000000093100000, 0x0000000093100000|100%| O|  |TAMS 0x0000000093100000, 0x0000000093000000| Untracked 
| 305|0x0000000093100000, 0x0000000093200000, 0x0000000093200000|100%| O|  |TAMS 0x0000000093200000, 0x0000000093100000| Untracked 
| 306|0x0000000093200000, 0x0000000093300000, 0x0000000093300000|100%| O|  |TAMS 0x0000000093300000, 0x0000000093200000| Untracked 
| 307|0x0000000093300000, 0x0000000093400000, 0x0000000093400000|100%| O|  |TAMS 0x0000000093400000, 0x0000000093300000| Untracked 
| 308|0x0000000093400000, 0x0000000093500000, 0x0000000093500000|100%| O|  |TAMS 0x0000000093500000, 0x0000000093400000| Untracked 
| 309|0x0000000093500000, 0x0000000093600000, 0x0000000093600000|100%| O|  |TAMS 0x0000000093600000, 0x0000000093500000| Untracked 
| 310|0x0000000093600000, 0x0000000093700000, 0x0000000093700000|100%|HS|  |TAMS 0x0000000093700000, 0x0000000093600000| Complete 
| 311|0x0000000093700000, 0x0000000093800000, 0x0000000093800000|100%|HS|  |TAMS 0x0000000093800000, 0x0000000093700000| Complete 
| 312|0x0000000093800000, 0x0000000093900000, 0x0000000093900000|100%|HS|  |TAMS 0x0000000093900000, 0x0000000093800000| Complete 
| 313|0x0000000093900000, 0x0000000093a00000, 0x0000000093a00000|100%|HS|  |TAMS 0x0000000093a00000, 0x0000000093900000| Complete 
| 314|0x0000000093a00000, 0x0000000093b00000, 0x0000000093b00000|100%| O|  |TAMS 0x0000000093b00000, 0x0000000093a00000| Untracked 
| 315|0x0000000093b00000, 0x0000000093c00000, 0x0000000093c00000|100%| O|  |TAMS 0x0000000093c00000, 0x0000000093b00000| Untracked 
| 316|0x0000000093c00000, 0x0000000093d00000, 0x0000000093d00000|100%| O|  |TAMS 0x0000000093c00000, 0x0000000093c00000| Untracked 
| 317|0x0000000093d00000, 0x0000000093e00000, 0x0000000093e00000|100%| O|  |TAMS 0x0000000093d00000, 0x0000000093d00000| Untracked 
| 318|0x0000000093e00000, 0x0000000093f00000, 0x0000000093f00000|100%| O|  |TAMS 0x0000000093f00000, 0x0000000093e00000| Untracked 
| 319|0x0000000093f00000, 0x0000000094000000, 0x0000000094000000|100%| O|  |TAMS 0x0000000094000000, 0x0000000093f00000| Untracked 
| 320|0x0000000094000000, 0x0000000094100000, 0x0000000094100000|100%| O|  |TAMS 0x0000000094100000, 0x0000000094000000| Untracked 
| 321|0x0000000094100000, 0x0000000094200000, 0x0000000094200000|100%| O|  |TAMS 0x0000000094200000, 0x0000000094100000| Untracked 
| 322|0x0000000094200000, 0x0000000094300000, 0x0000000094300000|100%| O|  |TAMS 0x0000000094300000, 0x0000000094200000| Untracked 
| 323|0x0000000094300000, 0x0000000094400000, 0x0000000094400000|100%| O|  |TAMS 0x0000000094400000, 0x0000000094300000| Untracked 
| 324|0x0000000094400000, 0x0000000094500000, 0x0000000094500000|100%| O|  |TAMS 0x0000000094500000, 0x0000000094400000| Untracked 
| 325|0x0000000094500000, 0x0000000094600000, 0x0000000094600000|100%| O|  |TAMS 0x0000000094600000, 0x0000000094500000| Untracked 
| 326|0x0000000094600000, 0x0000000094700000, 0x0000000094700000|100%| O|  |TAMS 0x0000000094700000, 0x0000000094600000| Untracked 
| 327|0x0000000094700000, 0x0000000094800000, 0x0000000094800000|100%| O|  |TAMS 0x0000000094800000, 0x0000000094700000| Untracked 
| 328|0x0000000094800000, 0x0000000094900000, 0x0000000094900000|100%| O|  |TAMS 0x0000000094900000, 0x0000000094800000| Untracked 
| 329|0x0000000094900000, 0x0000000094a00000, 0x0000000094a00000|100%| O|  |TAMS 0x0000000094a00000, 0x0000000094900000| Untracked 
| 330|0x0000000094a00000, 0x0000000094b00000, 0x0000000094b00000|100%| O|  |TAMS 0x0000000094b00000, 0x0000000094a00000| Untracked 
| 331|0x0000000094b00000, 0x0000000094c00000, 0x0000000094c00000|100%| O|  |TAMS 0x0000000094c00000, 0x0000000094b00000| Untracked 
| 332|0x0000000094c00000, 0x0000000094d00000, 0x0000000094d00000|100%| O|  |TAMS 0x0000000094d00000, 0x0000000094c00000| Untracked 
| 333|0x0000000094d00000, 0x0000000094e00000, 0x0000000094e00000|100%| O|  |TAMS 0x0000000094e00000, 0x0000000094d00000| Untracked 
| 334|0x0000000094e00000, 0x0000000094f00000, 0x0000000094f00000|100%| O|  |TAMS 0x0000000094f00000, 0x0000000094e00000| Untracked 
| 335|0x0000000094f00000, 0x0000000095000000, 0x0000000095000000|100%| O|  |TAMS 0x0000000095000000, 0x0000000094f00000| Untracked 
| 336|0x0000000095000000, 0x0000000095100000, 0x0000000095100000|100%| O|  |TAMS 0x0000000095100000, 0x0000000095000000| Untracked 
| 337|0x0000000095100000, 0x0000000095200000, 0x0000000095200000|100%| O|  |TAMS 0x0000000095200000, 0x0000000095100000| Untracked 
| 338|0x0000000095200000, 0x0000000095300000, 0x0000000095300000|100%| O|  |TAMS 0x0000000095300000, 0x0000000095200000| Untracked 
| 339|0x0000000095300000, 0x0000000095400000, 0x0000000095400000|100%| O|  |TAMS 0x0000000095400000, 0x0000000095300000| Untracked 
| 340|0x0000000095400000, 0x0000000095500000, 0x0000000095500000|100%| O|  |TAMS 0x0000000095500000, 0x0000000095400000| Untracked 
| 341|0x0000000095500000, 0x0000000095600000, 0x0000000095600000|100%| O|  |TAMS 0x0000000095600000, 0x0000000095500000| Untracked 
| 342|0x0000000095600000, 0x0000000095700000, 0x0000000095700000|100%| O|  |TAMS 0x0000000095700000, 0x0000000095600000| Untracked 
| 343|0x0000000095700000, 0x0000000095800000, 0x0000000095800000|100%| O|  |TAMS 0x0000000095800000, 0x0000000095700000| Untracked 
| 344|0x0000000095800000, 0x0000000095900000, 0x0000000095900000|100%| O|  |TAMS 0x0000000095900000, 0x0000000095800000| Untracked 
| 345|0x0000000095900000, 0x0000000095a00000, 0x0000000095a00000|100%| O|  |TAMS 0x0000000095a00000, 0x0000000095900000| Untracked 
| 346|0x0000000095a00000, 0x0000000095b00000, 0x0000000095b00000|100%| O|  |TAMS 0x0000000095b00000, 0x0000000095a00000| Untracked 
| 347|0x0000000095b00000, 0x0000000095c00000, 0x0000000095c00000|100%| O|  |TAMS 0x0000000095c00000, 0x0000000095b00000| Untracked 
| 348|0x0000000095c00000, 0x0000000095d00000, 0x0000000095d00000|100%| O|  |TAMS 0x0000000095d00000, 0x0000000095c00000| Untracked 
| 349|0x0000000095d00000, 0x0000000095e00000, 0x0000000095e00000|100%| O|  |TAMS 0x0000000095e00000, 0x0000000095d00000| Untracked 
| 350|0x0000000095e00000, 0x0000000095f00000, 0x0000000095f00000|100%| O|  |TAMS 0x0000000095f00000, 0x0000000095e00000| Untracked 
| 351|0x0000000095f00000, 0x0000000096000000, 0x0000000096000000|100%| O|  |TAMS 0x0000000096000000, 0x0000000095f00000| Untracked 
| 352|0x0000000096000000, 0x0000000096100000, 0x0000000096100000|100%| O|  |TAMS 0x0000000096100000, 0x0000000096000000| Untracked 
| 353|0x0000000096100000, 0x0000000096200000, 0x0000000096200000|100%| O|  |TAMS 0x0000000096200000, 0x0000000096100000| Untracked 
| 354|0x0000000096200000, 0x0000000096300000, 0x0000000096300000|100%| O|  |TAMS 0x0000000096300000, 0x0000000096200000| Untracked 
| 355|0x0000000096300000, 0x0000000096400000, 0x0000000096400000|100%| O|  |TAMS 0x0000000096400000, 0x0000000096300000| Untracked 
| 356|0x0000000096400000, 0x0000000096500000, 0x0000000096500000|100%| O|  |TAMS 0x0000000096500000, 0x0000000096400000| Untracked 
| 357|0x0000000096500000, 0x0000000096600000, 0x0000000096600000|100%| O|  |TAMS 0x0000000096600000, 0x0000000096500000| Untracked 
| 358|0x0000000096600000, 0x0000000096700000, 0x0000000096700000|100%| O|  |TAMS 0x0000000096700000, 0x0000000096600000| Untracked 
| 359|0x0000000096700000, 0x0000000096800000, 0x0000000096800000|100%| O|  |TAMS 0x0000000096800000, 0x0000000096700000| Untracked 
| 360|0x0000000096800000, 0x0000000096900000, 0x0000000096900000|100%| O|  |TAMS 0x0000000096900000, 0x0000000096800000| Untracked 
| 361|0x0000000096900000, 0x0000000096a00000, 0x0000000096a00000|100%| O|  |TAMS 0x0000000096a00000, 0x0000000096900000| Untracked 
| 362|0x0000000096a00000, 0x0000000096b00000, 0x0000000096b00000|100%| O|  |TAMS 0x0000000096b00000, 0x0000000096a00000| Untracked 
| 363|0x0000000096b00000, 0x0000000096c00000, 0x0000000096c00000|100%| O|  |TAMS 0x0000000096c00000, 0x0000000096b00000| Untracked 
| 364|0x0000000096c00000, 0x0000000096d00000, 0x0000000096d00000|100%| O|  |TAMS 0x0000000096d00000, 0x0000000096c00000| Untracked 
| 365|0x0000000096d00000, 0x0000000096e00000, 0x0000000096e00000|100%| O|  |TAMS 0x0000000096e00000, 0x0000000096d00000| Untracked 
| 366|0x0000000096e00000, 0x0000000096f00000, 0x0000000096f00000|100%| O|  |TAMS 0x0000000096f00000, 0x0000000096e00000| Untracked 
| 367|0x0000000096f00000, 0x0000000097000000, 0x0000000097000000|100%| O|  |TAMS 0x0000000097000000, 0x0000000096f00000| Untracked 
| 368|0x0000000097000000, 0x0000000097100000, 0x0000000097100000|100%| O|  |TAMS 0x0000000097100000, 0x0000000097000000| Untracked 
| 369|0x0000000097100000, 0x0000000097200000, 0x0000000097200000|100%| O|  |TAMS 0x0000000097200000, 0x0000000097100000| Untracked 
| 370|0x0000000097200000, 0x0000000097300000, 0x0000000097300000|100%| O|  |TAMS 0x0000000097300000, 0x0000000097200000| Untracked 
| 371|0x0000000097300000, 0x0000000097400000, 0x0000000097400000|100%| O|  |TAMS 0x0000000097400000, 0x0000000097300000| Untracked 
| 372|0x0000000097400000, 0x0000000097500000, 0x0000000097500000|100%| O|  |TAMS 0x0000000097500000, 0x0000000097400000| Untracked 
| 373|0x0000000097500000, 0x0000000097600000, 0x0000000097600000|100%| O|  |TAMS 0x0000000097600000, 0x0000000097500000| Untracked 
| 374|0x0000000097600000, 0x0000000097700000, 0x0000000097700000|100%| O|  |TAMS 0x0000000097700000, 0x0000000097600000| Untracked 
| 375|0x0000000097700000, 0x0000000097800000, 0x0000000097800000|100%| O|  |TAMS 0x0000000097800000, 0x0000000097700000| Untracked 
| 376|0x0000000097800000, 0x0000000097900000, 0x0000000097900000|100%| O|  |TAMS 0x0000000097900000, 0x0000000097800000| Untracked 
| 377|0x0000000097900000, 0x0000000097a00000, 0x0000000097a00000|100%| O|  |TAMS 0x0000000097a00000, 0x0000000097900000| Untracked 
| 378|0x0000000097a00000, 0x0000000097b00000, 0x0000000097b00000|100%| O|  |TAMS 0x0000000097b00000, 0x0000000097a00000| Untracked 
| 379|0x0000000097b00000, 0x0000000097c00000, 0x0000000097c00000|100%| O|  |TAMS 0x0000000097c00000, 0x0000000097b00000| Untracked 
| 380|0x0000000097c00000, 0x0000000097d00000, 0x0000000097d00000|100%| O|  |TAMS 0x0000000097d00000, 0x0000000097c00000| Untracked 
| 381|0x0000000097d00000, 0x0000000097e00000, 0x0000000097e00000|100%| O|  |TAMS 0x0000000097e00000, 0x0000000097d00000| Untracked 
| 382|0x0000000097e00000, 0x0000000097f00000, 0x0000000097f00000|100%| O|  |TAMS 0x0000000097f00000, 0x0000000097e00000| Untracked 
| 383|0x0000000097f00000, 0x0000000098000000, 0x0000000098000000|100%| O|  |TAMS 0x0000000098000000, 0x0000000097f00000| Untracked 
| 384|0x0000000098000000, 0x0000000098100000, 0x0000000098100000|100%| O|  |TAMS 0x0000000098100000, 0x0000000098000000| Untracked 
| 385|0x0000000098100000, 0x0000000098200000, 0x0000000098200000|100%| O|  |TAMS 0x0000000098200000, 0x0000000098100000| Untracked 
| 386|0x0000000098200000, 0x0000000098300000, 0x0000000098300000|100%| O|  |TAMS 0x0000000098300000, 0x0000000098200000| Untracked 
| 387|0x0000000098300000, 0x0000000098400000, 0x0000000098400000|100%| O|  |TAMS 0x0000000098400000, 0x0000000098300000| Untracked 
| 388|0x0000000098400000, 0x0000000098500000, 0x0000000098500000|100%| O|  |TAMS 0x0000000098500000, 0x0000000098400000| Untracked 
| 389|0x0000000098500000, 0x0000000098600000, 0x0000000098600000|100%| O|  |TAMS 0x0000000098600000, 0x0000000098500000| Untracked 
| 390|0x0000000098600000, 0x0000000098700000, 0x0000000098700000|100%| O|  |TAMS 0x0000000098700000, 0x0000000098600000| Untracked 
| 391|0x0000000098700000, 0x0000000098800000, 0x0000000098800000|100%| O|  |TAMS 0x0000000098800000, 0x0000000098700000| Untracked 
| 392|0x0000000098800000, 0x0000000098900000, 0x0000000098900000|100%| O|  |TAMS 0x0000000098900000, 0x0000000098800000| Untracked 
| 393|0x0000000098900000, 0x0000000098a00000, 0x0000000098a00000|100%| O|  |TAMS 0x0000000098a00000, 0x0000000098900000| Untracked 
| 394|0x0000000098a00000, 0x0000000098b00000, 0x0000000098b00000|100%| O|  |TAMS 0x0000000098b00000, 0x0000000098a00000| Untracked 
| 395|0x0000000098b00000, 0x0000000098c00000, 0x0000000098c00000|100%| O|  |TAMS 0x0000000098b00000, 0x0000000098b00000| Untracked 
| 396|0x0000000098c00000, 0x0000000098d00000, 0x0000000098d00000|100%| O|  |TAMS 0x0000000098d00000, 0x0000000098c00000| Untracked 
| 397|0x0000000098d00000, 0x0000000098e00000, 0x0000000098e00000|100%| O|  |TAMS 0x0000000098e00000, 0x0000000098d00000| Untracked 
| 398|0x0000000098e00000, 0x0000000098f00000, 0x0000000098f00000|100%| O|  |TAMS 0x0000000098e00000, 0x0000000098e00000| Untracked 
| 399|0x0000000098f00000, 0x0000000099000000, 0x0000000099000000|100%| O|  |TAMS 0x0000000099000000, 0x0000000098f00000| Untracked 
| 400|0x0000000099000000, 0x0000000099100000, 0x0000000099100000|100%| O|  |TAMS 0x0000000099100000, 0x0000000099000000| Untracked 
| 401|0x0000000099100000, 0x0000000099200000, 0x0000000099200000|100%| O|  |TAMS 0x0000000099200000, 0x0000000099100000| Untracked 
| 402|0x0000000099200000, 0x0000000099300000, 0x0000000099300000|100%| O|  |TAMS 0x0000000099300000, 0x0000000099200000| Untracked 
| 403|0x0000000099300000, 0x0000000099400000, 0x0000000099400000|100%| O|  |TAMS 0x0000000099300000, 0x0000000099300000| Untracked 
| 404|0x0000000099400000, 0x0000000099500000, 0x0000000099500000|100%| O|  |TAMS 0x0000000099400000, 0x0000000099400000| Untracked 
| 405|0x0000000099500000, 0x0000000099600000, 0x0000000099600000|100%| O|  |TAMS 0x0000000099600000, 0x0000000099500000| Untracked 
| 406|0x0000000099600000, 0x0000000099700000, 0x0000000099700000|100%| O|  |TAMS 0x0000000099700000, 0x0000000099600000| Untracked 
| 407|0x0000000099700000, 0x0000000099800000, 0x0000000099800000|100%| O|  |TAMS 0x0000000099800000, 0x0000000099700000| Untracked 
| 408|0x0000000099800000, 0x0000000099900000, 0x0000000099900000|100%| O|  |TAMS 0x0000000099900000, 0x0000000099800000| Untracked 
| 409|0x0000000099900000, 0x0000000099a00000, 0x0000000099a00000|100%| O|  |TAMS 0x0000000099a00000, 0x0000000099900000| Untracked 
| 410|0x0000000099a00000, 0x0000000099b00000, 0x0000000099b00000|100%| O|  |TAMS 0x0000000099b00000, 0x0000000099a00000| Untracked 
| 411|0x0000000099b00000, 0x0000000099c00000, 0x0000000099c00000|100%| O|  |TAMS 0x0000000099c00000, 0x0000000099b00000| Untracked 
| 412|0x0000000099c00000, 0x0000000099d00000, 0x0000000099d00000|100%| O|  |TAMS 0x0000000099d00000, 0x0000000099c00000| Untracked 
| 413|0x0000000099d00000, 0x0000000099e00000, 0x0000000099e00000|100%| O|  |TAMS 0x0000000099e00000, 0x0000000099d00000| Untracked 
| 414|0x0000000099e00000, 0x0000000099f00000, 0x0000000099f00000|100%| O|  |TAMS 0x0000000099f00000, 0x0000000099e00000| Untracked 
| 415|0x0000000099f00000, 0x000000009a000000, 0x000000009a000000|100%| O|  |TAMS 0x000000009a000000, 0x0000000099f00000| Untracked 
| 416|0x000000009a000000, 0x000000009a100000, 0x000000009a100000|100%| O|  |TAMS 0x000000009a100000, 0x000000009a000000| Untracked 
| 417|0x000000009a100000, 0x000000009a200000, 0x000000009a200000|100%| O|  |TAMS 0x000000009a200000, 0x000000009a100000| Untracked 
| 418|0x000000009a200000, 0x000000009a300000, 0x000000009a300000|100%| O|  |TAMS 0x000000009a300000, 0x000000009a200000| Untracked 
| 419|0x000000009a300000, 0x000000009a400000, 0x000000009a400000|100%| O|  |TAMS 0x000000009a300000, 0x000000009a300000| Untracked 
| 420|0x000000009a400000, 0x000000009a500000, 0x000000009a500000|100%| O|  |TAMS 0x000000009a500000, 0x000000009a400000| Untracked 
| 421|0x000000009a500000, 0x000000009a600000, 0x000000009a600000|100%| O|  |TAMS 0x000000009a600000, 0x000000009a500000| Untracked 
| 422|0x000000009a600000, 0x000000009a700000, 0x000000009a700000|100%| O|  |TAMS 0x000000009a600000, 0x000000009a600000| Untracked 
| 423|0x000000009a700000, 0x000000009a800000, 0x000000009a800000|100%| O|  |TAMS 0x000000009a700000, 0x000000009a700000| Untracked 
| 424|0x000000009a800000, 0x000000009a900000, 0x000000009a900000|100%| O|  |TAMS 0x000000009a800000, 0x000000009a800000| Untracked 
| 425|0x000000009a900000, 0x000000009aa00000, 0x000000009aa00000|100%| O|  |TAMS 0x000000009aa00000, 0x000000009a900000| Untracked 
| 426|0x000000009aa00000, 0x000000009ab00000, 0x000000009ab00000|100%| O|  |TAMS 0x000000009ab00000, 0x000000009aa00000| Untracked 
| 427|0x000000009ab00000, 0x000000009ac00000, 0x000000009ac00000|100%| O|  |TAMS 0x000000009ac00000, 0x000000009ab00000| Untracked 
| 428|0x000000009ac00000, 0x000000009ad00000, 0x000000009ad00000|100%| O|  |TAMS 0x000000009ad00000, 0x000000009ac00000| Untracked 
| 429|0x000000009ad00000, 0x000000009ae00000, 0x000000009ae00000|100%| O|  |TAMS 0x000000009ae00000, 0x000000009ad00000| Untracked 
| 430|0x000000009ae00000, 0x000000009af00000, 0x000000009af00000|100%| O|  |TAMS 0x000000009af00000, 0x000000009ae00000| Untracked 
| 431|0x000000009af00000, 0x000000009b000000, 0x000000009b000000|100%| O|  |TAMS 0x000000009b000000, 0x000000009af00000| Untracked 
| 432|0x000000009b000000, 0x000000009b100000, 0x000000009b100000|100%| O|  |TAMS 0x000000009b100000, 0x000000009b000000| Untracked 
| 433|0x000000009b100000, 0x000000009b200000, 0x000000009b200000|100%| O|  |TAMS 0x000000009b200000, 0x000000009b100000| Untracked 
| 434|0x000000009b200000, 0x000000009b300000, 0x000000009b300000|100%| O|  |TAMS 0x000000009b300000, 0x000000009b200000| Untracked 
| 435|0x000000009b300000, 0x000000009b400000, 0x000000009b400000|100%| O|  |TAMS 0x000000009b300000, 0x000000009b300000| Untracked 
| 436|0x000000009b400000, 0x000000009b500000, 0x000000009b500000|100%| O|  |TAMS 0x000000009b400000, 0x000000009b400000| Untracked 
| 437|0x000000009b500000, 0x000000009b600000, 0x000000009b600000|100%| O|  |TAMS 0x000000009b500000, 0x000000009b500000| Untracked 
| 438|0x000000009b600000, 0x000000009b700000, 0x000000009b700000|100%| O|  |TAMS 0x000000009b700000, 0x000000009b600000| Untracked 
| 439|0x000000009b700000, 0x000000009b800000, 0x000000009b800000|100%| O|  |TAMS 0x000000009b800000, 0x000000009b700000| Untracked 
| 440|0x000000009b800000, 0x000000009b900000, 0x000000009b900000|100%| O|  |TAMS 0x000000009b900000, 0x000000009b800000| Untracked 
| 441|0x000000009b900000, 0x000000009ba00000, 0x000000009ba00000|100%| O|  |TAMS 0x000000009ba00000, 0x000000009b900000| Untracked 
| 442|0x000000009ba00000, 0x000000009bb00000, 0x000000009bb00000|100%| O|  |TAMS 0x000000009bb00000, 0x000000009ba00000| Untracked 
| 443|0x000000009bb00000, 0x000000009bc00000, 0x000000009bc00000|100%| O|  |TAMS 0x000000009bc00000, 0x000000009bb00000| Untracked 
| 444|0x000000009bc00000, 0x000000009bd00000, 0x000000009bd00000|100%| O|  |TAMS 0x000000009bd00000, 0x000000009bc00000| Untracked 
| 445|0x000000009bd00000, 0x000000009be00000, 0x000000009be00000|100%| O|  |TAMS 0x000000009be00000, 0x000000009bd00000| Untracked 
| 446|0x000000009be00000, 0x000000009bf00000, 0x000000009bf00000|100%| O|  |TAMS 0x000000009bf00000, 0x000000009be00000| Untracked 
| 447|0x000000009bf00000, 0x000000009c000000, 0x000000009c000000|100%| O|  |TAMS 0x000000009bf00000, 0x000000009bf00000| Untracked 
| 448|0x000000009c000000, 0x000000009c100000, 0x000000009c100000|100%| O|  |TAMS 0x000000009c100000, 0x000000009c000000| Untracked 
| 449|0x000000009c100000, 0x000000009c200000, 0x000000009c200000|100%| O|  |TAMS 0x000000009c200000, 0x000000009c100000| Untracked 
| 450|0x000000009c200000, 0x000000009c300000, 0x000000009c300000|100%| O|  |TAMS 0x000000009c200000, 0x000000009c200000| Untracked 
| 451|0x000000009c300000, 0x000000009c400000, 0x000000009c400000|100%| O|  |TAMS 0x000000009c400000, 0x000000009c300000| Untracked 
| 452|0x000000009c400000, 0x000000009c500000, 0x000000009c500000|100%| O|  |TAMS 0x000000009c400000, 0x000000009c400000| Untracked 
| 453|0x000000009c500000, 0x000000009c600000, 0x000000009c600000|100%| O|  |TAMS 0x000000009c600000, 0x000000009c500000| Untracked 
| 454|0x000000009c600000, 0x000000009c700000, 0x000000009c700000|100%| O|  |TAMS 0x000000009c700000, 0x000000009c600000| Untracked 
| 455|0x000000009c700000, 0x000000009c800000, 0x000000009c800000|100%| O|  |TAMS 0x000000009c800000, 0x000000009c700000| Untracked 
| 456|0x000000009c800000, 0x000000009c900000, 0x000000009c900000|100%| O|  |TAMS 0x000000009c900000, 0x000000009c800000| Untracked 
| 457|0x000000009c900000, 0x000000009ca00000, 0x000000009ca00000|100%| O|  |TAMS 0x000000009ca00000, 0x000000009c900000| Untracked 
| 458|0x000000009ca00000, 0x000000009cb00000, 0x000000009cb00000|100%| O|  |TAMS 0x000000009cb00000, 0x000000009ca00000| Untracked 
| 459|0x000000009cb00000, 0x000000009cc00000, 0x000000009cc00000|100%| O|  |TAMS 0x000000009cc00000, 0x000000009cb00000| Untracked 
| 460|0x000000009cc00000, 0x000000009cd00000, 0x000000009cd00000|100%| O|  |TAMS 0x000000009cd00000, 0x000000009cc00000| Untracked 
| 461|0x000000009cd00000, 0x000000009ce00000, 0x000000009ce00000|100%| O|  |TAMS 0x000000009ce00000, 0x000000009cd00000| Untracked 
| 462|0x000000009ce00000, 0x000000009cf00000, 0x000000009cf00000|100%| O|  |TAMS 0x000000009cf00000, 0x000000009ce00000| Untracked 
| 463|0x000000009cf00000, 0x000000009d000000, 0x000000009d000000|100%| O|  |TAMS 0x000000009d000000, 0x000000009cf00000| Untracked 
| 464|0x000000009d000000, 0x000000009d100000, 0x000000009d100000|100%| O|  |TAMS 0x000000009d100000, 0x000000009d000000| Untracked 
| 465|0x000000009d100000, 0x000000009d200000, 0x000000009d200000|100%| O|  |TAMS 0x000000009d100000, 0x000000009d100000| Untracked 
| 466|0x000000009d200000, 0x000000009d300000, 0x000000009d300000|100%| O|  |TAMS 0x000000009d200000, 0x000000009d200000| Untracked 
| 467|0x000000009d300000, 0x000000009d400000, 0x000000009d400000|100%| O|  |TAMS 0x000000009d400000, 0x000000009d300000| Untracked 
| 468|0x000000009d400000, 0x000000009d500000, 0x000000009d500000|100%| O|  |TAMS 0x000000009d500000, 0x000000009d400000| Untracked 
| 469|0x000000009d500000, 0x000000009d600000, 0x000000009d600000|100%|HS|  |TAMS 0x000000009d600000, 0x000000009d500000| Complete 
| 470|0x000000009d600000, 0x000000009d700000, 0x000000009d700000|100%|HC|  |TAMS 0x000000009d700000, 0x000000009d600000| Complete 
| 471|0x000000009d700000, 0x000000009d800000, 0x000000009d800000|100%| O|  |TAMS 0x000000009d800000, 0x000000009d700000| Untracked 
| 472|0x000000009d800000, 0x000000009d900000, 0x000000009d900000|100%| O|  |TAMS 0x000000009d900000, 0x000000009d800000| Untracked 
| 473|0x000000009d900000, 0x000000009da00000, 0x000000009da00000|100%| O|  |TAMS 0x000000009d900000, 0x000000009d900000| Untracked 
| 474|0x000000009da00000, 0x000000009db00000, 0x000000009db00000|100%| O|  |TAMS 0x000000009db00000, 0x000000009da00000| Untracked 
| 475|0x000000009db00000, 0x000000009dc00000, 0x000000009dc00000|100%| O|  |TAMS 0x000000009db00000, 0x000000009db00000| Untracked 
| 476|0x000000009dc00000, 0x000000009dd00000, 0x000000009dd00000|100%| O|  |TAMS 0x000000009dc00000, 0x000000009dc00000| Untracked 
| 477|0x000000009dd00000, 0x000000009de00000, 0x000000009de00000|100%| O|  |TAMS 0x000000009dd00000, 0x000000009dd00000| Untracked 
| 478|0x000000009de00000, 0x000000009df00000, 0x000000009df00000|100%| O|  |TAMS 0x000000009df00000, 0x000000009de00000| Untracked 
| 479|0x000000009df00000, 0x000000009e000000, 0x000000009e000000|100%| O|  |TAMS 0x000000009e000000, 0x000000009df00000| Untracked 
| 480|0x000000009e000000, 0x000000009e100000, 0x000000009e100000|100%| O|  |TAMS 0x000000009e100000, 0x000000009e000000| Untracked 
| 481|0x000000009e100000, 0x000000009e200000, 0x000000009e200000|100%| O|  |TAMS 0x000000009e200000, 0x000000009e100000| Untracked 
| 482|0x000000009e200000, 0x000000009e300000, 0x000000009e300000|100%| O|  |TAMS 0x000000009e200000, 0x000000009e200000| Untracked 
| 483|0x000000009e300000, 0x000000009e400000, 0x000000009e400000|100%| O|  |TAMS 0x000000009e400000, 0x000000009e300000| Untracked 
| 484|0x000000009e400000, 0x000000009e500000, 0x000000009e500000|100%| O|  |TAMS 0x000000009e400000, 0x000000009e400000| Untracked 
| 485|0x000000009e500000, 0x000000009e600000, 0x000000009e600000|100%| O|  |TAMS 0x000000009e500000, 0x000000009e500000| Untracked 
| 486|0x000000009e600000, 0x000000009e700000, 0x000000009e700000|100%| O|  |TAMS 0x000000009e700000, 0x000000009e600000| Untracked 
| 487|0x000000009e700000, 0x000000009e800000, 0x000000009e800000|100%| O|  |TAMS 0x000000009e800000, 0x000000009e700000| Untracked 
| 488|0x000000009e800000, 0x000000009e900000, 0x000000009e900000|100%| O|  |TAMS 0x000000009e800000, 0x000000009e800000| Untracked 
| 489|0x000000009e900000, 0x000000009ea00000, 0x000000009ea00000|100%| O|  |TAMS 0x000000009e900000, 0x000000009e900000| Untracked 
| 490|0x000000009ea00000, 0x000000009eb00000, 0x000000009eb00000|100%| O|  |TAMS 0x000000009eb00000, 0x000000009ea00000| Untracked 
| 491|0x000000009eb00000, 0x000000009ec00000, 0x000000009ec00000|100%| O|  |TAMS 0x000000009ec00000, 0x000000009eb00000| Untracked 
| 492|0x000000009ec00000, 0x000000009ed00000, 0x000000009ed00000|100%| O|  |TAMS 0x000000009ed00000, 0x000000009ec00000| Untracked 
| 493|0x000000009ed00000, 0x000000009ee00000, 0x000000009ee00000|100%| O|  |TAMS 0x000000009ed00000, 0x000000009ed00000| Untracked 
| 494|0x000000009ee00000, 0x000000009ef00000, 0x000000009ef00000|100%| O|  |TAMS 0x000000009ee00000, 0x000000009ee00000| Untracked 
| 495|0x000000009ef00000, 0x000000009f000000, 0x000000009f000000|100%| O|  |TAMS 0x000000009f000000, 0x000000009ef00000| Untracked 
| 496|0x000000009f000000, 0x000000009f100000, 0x000000009f100000|100%| O|  |TAMS 0x000000009f100000, 0x000000009f000000| Untracked 
| 497|0x000000009f100000, 0x000000009f200000, 0x000000009f200000|100%| O|  |TAMS 0x000000009f100000, 0x000000009f100000| Untracked 
| 498|0x000000009f200000, 0x000000009f300000, 0x000000009f300000|100%| O|  |TAMS 0x000000009f200000, 0x000000009f200000| Untracked 
| 499|0x000000009f300000, 0x000000009f400000, 0x000000009f400000|100%|HS|  |TAMS 0x000000009f400000, 0x000000009f300000| Complete 
| 500|0x000000009f400000, 0x000000009f500000, 0x000000009f500000|100%|HC|  |TAMS 0x000000009f500000, 0x000000009f400000| Complete 
| 501|0x000000009f500000, 0x000000009f600000, 0x000000009f600000|100%| O|  |TAMS 0x000000009f600000, 0x000000009f500000| Untracked 
| 502|0x000000009f600000, 0x000000009f700000, 0x000000009f700000|100%| O|  |TAMS 0x000000009f600000, 0x000000009f600000| Untracked 
| 503|0x000000009f700000, 0x000000009f800000, 0x000000009f800000|100%| O|  |TAMS 0x000000009f700000, 0x000000009f700000| Untracked 
| 504|0x000000009f800000, 0x000000009f900000, 0x000000009f900000|100%| O|  |TAMS 0x000000009f800000, 0x000000009f800000| Untracked 
| 505|0x000000009f900000, 0x000000009fa00000, 0x000000009fa00000|100%|HS|  |TAMS 0x000000009fa00000, 0x000000009f900000| Complete 
| 506|0x000000009fa00000, 0x000000009fb00000, 0x000000009fb00000|100%|HC|  |TAMS 0x000000009fb00000, 0x000000009fa00000| Complete 
| 507|0x000000009fb00000, 0x000000009fc00000, 0x000000009fc00000|100%| O|  |TAMS 0x000000009fb00000, 0x000000009fb00000| Untracked 
| 508|0x000000009fc00000, 0x000000009fd00000, 0x000000009fd00000|100%| O|  |TAMS 0x000000009fc00000, 0x000000009fc00000| Untracked 
| 509|0x000000009fd00000, 0x000000009fe00000, 0x000000009fe00000|100%| O|  |TAMS 0x000000009fd00000, 0x000000009fd00000| Untracked 
| 510|0x000000009fe00000, 0x000000009ff00000, 0x000000009ff00000|100%| O|  |TAMS 0x000000009ff00000, 0x000000009fe00000| Untracked 
| 511|0x000000009ff00000, 0x00000000a0000000, 0x00000000a0000000|100%| O|  |TAMS 0x00000000a0000000, 0x000000009ff00000| Untracked 
| 512|0x00000000a0000000, 0x00000000a0100000, 0x00000000a0100000|100%| O|  |TAMS 0x00000000a0000000, 0x00000000a0000000| Untracked 
| 513|0x00000000a0100000, 0x00000000a0200000, 0x00000000a0200000|100%| O|  |TAMS 0x00000000a0200000, 0x00000000a0100000| Untracked 
| 514|0x00000000a0200000, 0x00000000a0300000, 0x00000000a0300000|100%| O|  |TAMS 0x00000000a0300000, 0x00000000a0200000| Untracked 
| 515|0x00000000a0300000, 0x00000000a0400000, 0x00000000a0400000|100%| O|  |TAMS 0x00000000a0400000, 0x00000000a0300000| Untracked 
| 516|0x00000000a0400000, 0x00000000a0500000, 0x00000000a0500000|100%| O|  |TAMS 0x00000000a0500000, 0x00000000a0400000| Untracked 
| 517|0x00000000a0500000, 0x00000000a0600000, 0x00000000a0600000|100%| O|  |TAMS 0x00000000a0600000, 0x00000000a0500000| Untracked 
| 518|0x00000000a0600000, 0x00000000a0700000, 0x00000000a0700000|100%| O|  |TAMS 0x00000000a0600000, 0x00000000a0600000| Untracked 
| 519|0x00000000a0700000, 0x00000000a0800000, 0x00000000a0800000|100%| O|  |TAMS 0x00000000a0700000, 0x00000000a0700000| Untracked 
| 520|0x00000000a0800000, 0x00000000a0900000, 0x00000000a0900000|100%| O|  |TAMS 0x00000000a0800000, 0x00000000a0800000| Untracked 
| 521|0x00000000a0900000, 0x00000000a0a00000, 0x00000000a0a00000|100%| O|  |TAMS 0x00000000a0900000, 0x00000000a0900000| Untracked 
| 522|0x00000000a0a00000, 0x00000000a0b00000, 0x00000000a0b00000|100%| O|  |TAMS 0x00000000a0a00000, 0x00000000a0a00000| Untracked 
| 523|0x00000000a0b00000, 0x00000000a0c00000, 0x00000000a0c00000|100%| O|  |TAMS 0x00000000a0b00000, 0x00000000a0b00000| Untracked 
| 524|0x00000000a0c00000, 0x00000000a0d00000, 0x00000000a0d00000|100%| O|  |TAMS 0x00000000a0c00000, 0x00000000a0c00000| Untracked 
| 525|0x00000000a0d00000, 0x00000000a0e00000, 0x00000000a0e00000|100%| O|  |TAMS 0x00000000a0d00000, 0x00000000a0d00000| Untracked 
| 526|0x00000000a0e00000, 0x00000000a0f00000, 0x00000000a0f00000|100%| O|  |TAMS 0x00000000a0e00000, 0x00000000a0e00000| Untracked 
| 527|0x00000000a0f00000, 0x00000000a1000000, 0x00000000a1000000|100%| O|  |TAMS 0x00000000a0f00000, 0x00000000a0f00000| Untracked 
| 528|0x00000000a1000000, 0x00000000a1100000, 0x00000000a1100000|100%| O|  |TAMS 0x00000000a1000000, 0x00000000a1000000| Untracked 
| 529|0x00000000a1100000, 0x00000000a1200000, 0x00000000a1200000|100%| O|  |TAMS 0x00000000a1100000, 0x00000000a1100000| Untracked 
| 530|0x00000000a1200000, 0x00000000a1300000, 0x00000000a1300000|100%| O|  |TAMS 0x00000000a1200000, 0x00000000a1200000| Untracked 
| 531|0x00000000a1300000, 0x00000000a1400000, 0x00000000a1400000|100%| O|  |TAMS 0x00000000a1300000, 0x00000000a1300000| Untracked 
| 532|0x00000000a1400000, 0x00000000a1500000, 0x00000000a1500000|100%| O|  |TAMS 0x00000000a1400000, 0x00000000a1400000| Untracked 
| 533|0x00000000a1500000, 0x00000000a1600000, 0x00000000a1600000|100%| O|  |TAMS 0x00000000a1500000, 0x00000000a1500000| Untracked 
| 534|0x00000000a1600000, 0x00000000a1700000, 0x00000000a1700000|100%| O|  |TAMS 0x00000000a1600000, 0x00000000a1600000| Untracked 
| 535|0x00000000a1700000, 0x00000000a1800000, 0x00000000a1800000|100%| O|  |TAMS 0x00000000a1700000, 0x00000000a1700000| Untracked 
| 536|0x00000000a1800000, 0x00000000a1900000, 0x00000000a1900000|100%| O|  |TAMS 0x00000000a1800000, 0x00000000a1800000| Untracked 
| 537|0x00000000a1900000, 0x00000000a1a00000, 0x00000000a1a00000|100%| O|  |TAMS 0x00000000a1900000, 0x00000000a1900000| Untracked 
| 538|0x00000000a1a00000, 0x00000000a1b00000, 0x00000000a1b00000|100%| O|  |TAMS 0x00000000a1a00000, 0x00000000a1a00000| Untracked 
| 539|0x00000000a1b00000, 0x00000000a1c00000, 0x00000000a1c00000|100%| O|  |TAMS 0x00000000a1b00000, 0x00000000a1b00000| Untracked 
| 540|0x00000000a1c00000, 0x00000000a1d00000, 0x00000000a1d00000|100%| O|  |TAMS 0x00000000a1c00000, 0x00000000a1c00000| Untracked 
| 541|0x00000000a1d00000, 0x00000000a1e00000, 0x00000000a1e00000|100%| O|  |TAMS 0x00000000a1d00000, 0x00000000a1d00000| Untracked 
| 542|0x00000000a1e00000, 0x00000000a1f00000, 0x00000000a1f00000|100%| O|  |TAMS 0x00000000a1e00000, 0x00000000a1e00000| Untracked 
| 543|0x00000000a1f00000, 0x00000000a2000000, 0x00000000a2000000|100%| O|  |TAMS 0x00000000a1f00000, 0x00000000a1f00000| Untracked 
| 544|0x00000000a2000000, 0x00000000a2100000, 0x00000000a2100000|100%| O|  |TAMS 0x00000000a2000000, 0x00000000a2000000| Untracked 
| 545|0x00000000a2100000, 0x00000000a2200000, 0x00000000a2200000|100%| O|  |TAMS 0x00000000a2100000, 0x00000000a2100000| Untracked 
| 546|0x00000000a2200000, 0x00000000a2300000, 0x00000000a2300000|100%| O|  |TAMS 0x00000000a2200000, 0x00000000a2200000| Untracked 
| 547|0x00000000a2300000, 0x00000000a2400000, 0x00000000a2400000|100%| O|  |TAMS 0x00000000a2300000, 0x00000000a2300000| Untracked 
| 548|0x00000000a2400000, 0x00000000a2500000, 0x00000000a2500000|100%| O|  |TAMS 0x00000000a2400000, 0x00000000a2400000| Untracked 
| 549|0x00000000a2500000, 0x00000000a2600000, 0x00000000a2600000|100%| O|  |TAMS 0x00000000a2500000, 0x00000000a2500000| Untracked 
| 550|0x00000000a2600000, 0x00000000a2700000, 0x00000000a2700000|100%| O|  |TAMS 0x00000000a2600000, 0x00000000a2600000| Untracked 
| 551|0x00000000a2700000, 0x00000000a2800000, 0x00000000a2800000|100%| O|  |TAMS 0x00000000a2700000, 0x00000000a2700000| Untracked 
| 552|0x00000000a2800000, 0x00000000a2800000, 0x00000000a2900000|  0%| F|  |TAMS 0x00000000a2800000, 0x00000000a2800000| Untracked 
| 553|0x00000000a2900000, 0x00000000a2900000, 0x00000000a2a00000|  0%| F|  |TAMS 0x00000000a2900000, 0x00000000a2900000| Untracked 
| 554|0x00000000a2a00000, 0x00000000a2a00000, 0x00000000a2b00000|  0%| F|  |TAMS 0x00000000a2a00000, 0x00000000a2a00000| Untracked 
| 555|0x00000000a2b00000, 0x00000000a2b00000, 0x00000000a2c00000|  0%| F|  |TAMS 0x00000000a2b00000, 0x00000000a2b00000| Untracked 
| 556|0x00000000a2c00000, 0x00000000a2c00000, 0x00000000a2d00000|  0%| F|  |TAMS 0x00000000a2c00000, 0x00000000a2c00000| Untracked 
| 557|0x00000000a2d00000, 0x00000000a2d00000, 0x00000000a2e00000|  0%| F|  |TAMS 0x00000000a2d00000, 0x00000000a2d00000| Untracked 
| 558|0x00000000a2e00000, 0x00000000a2e00000, 0x00000000a2f00000|  0%| F|  |TAMS 0x00000000a2e00000, 0x00000000a2e00000| Untracked 
| 559|0x00000000a2f00000, 0x00000000a2f00000, 0x00000000a3000000|  0%| F|  |TAMS 0x00000000a2f00000, 0x00000000a2f00000| Untracked 
| 560|0x00000000a3000000, 0x00000000a3000000, 0x00000000a3100000|  0%| F|  |TAMS 0x00000000a3000000, 0x00000000a3000000| Untracked 
| 561|0x00000000a3100000, 0x00000000a3100000, 0x00000000a3200000|  0%| F|  |TAMS 0x00000000a3100000, 0x00000000a3100000| Untracked 
| 562|0x00000000a3200000, 0x00000000a3200000, 0x00000000a3300000|  0%| F|  |TAMS 0x00000000a3200000, 0x00000000a3200000| Untracked 
| 563|0x00000000a3300000, 0x00000000a3300000, 0x00000000a3400000|  0%| F|  |TAMS 0x00000000a3300000, 0x00000000a3300000| Untracked 
| 564|0x00000000a3400000, 0x00000000a3400000, 0x00000000a3500000|  0%| F|  |TAMS 0x00000000a3400000, 0x00000000a3400000| Untracked 
| 565|0x00000000a3500000, 0x00000000a3500000, 0x00000000a3600000|  0%| F|  |TAMS 0x00000000a3500000, 0x00000000a3500000| Untracked 
| 566|0x00000000a3600000, 0x00000000a3600000, 0x00000000a3700000|  0%| F|  |TAMS 0x00000000a3600000, 0x00000000a3600000| Untracked 
| 567|0x00000000a3700000, 0x00000000a3700000, 0x00000000a3800000|  0%| F|  |TAMS 0x00000000a3700000, 0x00000000a3700000| Untracked 
| 568|0x00000000a3800000, 0x00000000a3800000, 0x00000000a3900000|  0%| F|  |TAMS 0x00000000a3800000, 0x00000000a3800000| Untracked 
| 569|0x00000000a3900000, 0x00000000a3900000, 0x00000000a3a00000|  0%| F|  |TAMS 0x00000000a3900000, 0x00000000a3900000| Untracked 
| 570|0x00000000a3a00000, 0x00000000a3a00000, 0x00000000a3b00000|  0%| F|  |TAMS 0x00000000a3a00000, 0x00000000a3a00000| Untracked 
| 571|0x00000000a3b00000, 0x00000000a3b00000, 0x00000000a3c00000|  0%| F|  |TAMS 0x00000000a3b00000, 0x00000000a3b00000| Untracked 
| 572|0x00000000a3c00000, 0x00000000a3c00000, 0x00000000a3d00000|  0%| F|  |TAMS 0x00000000a3c00000, 0x00000000a3c00000| Untracked 
| 573|0x00000000a3d00000, 0x00000000a3d00000, 0x00000000a3e00000|  0%| F|  |TAMS 0x00000000a3d00000, 0x00000000a3d00000| Untracked 
| 574|0x00000000a3e00000, 0x00000000a3e00000, 0x00000000a3f00000|  0%| F|  |TAMS 0x00000000a3e00000, 0x00000000a3e00000| Untracked 
| 575|0x00000000a3f00000, 0x00000000a3f00000, 0x00000000a4000000|  0%| F|  |TAMS 0x00000000a3f00000, 0x00000000a3f00000| Untracked 
| 576|0x00000000a4000000, 0x00000000a4000000, 0x00000000a4100000|  0%| F|  |TAMS 0x00000000a4000000, 0x00000000a4000000| Untracked 
| 577|0x00000000a4100000, 0x00000000a4100000, 0x00000000a4200000|  0%| F|  |TAMS 0x00000000a4100000, 0x00000000a4100000| Untracked 
| 578|0x00000000a4200000, 0x00000000a4200000, 0x00000000a4300000|  0%| F|  |TAMS 0x00000000a4200000, 0x00000000a4200000| Untracked 
| 579|0x00000000a4300000, 0x00000000a4300000, 0x00000000a4400000|  0%| F|  |TAMS 0x00000000a4300000, 0x00000000a4300000| Untracked 
| 580|0x00000000a4400000, 0x00000000a4400000, 0x00000000a4500000|  0%| F|  |TAMS 0x00000000a4400000, 0x00000000a4400000| Untracked 
| 581|0x00000000a4500000, 0x00000000a4500000, 0x00000000a4600000|  0%| F|  |TAMS 0x00000000a4500000, 0x00000000a4500000| Untracked 
| 582|0x00000000a4600000, 0x00000000a4600000, 0x00000000a4700000|  0%| F|  |TAMS 0x00000000a4600000, 0x00000000a4600000| Untracked 
| 583|0x00000000a4700000, 0x00000000a4700000, 0x00000000a4800000|  0%| F|  |TAMS 0x00000000a4700000, 0x00000000a4700000| Untracked 
| 584|0x00000000a4800000, 0x00000000a4800000, 0x00000000a4900000|  0%| F|  |TAMS 0x00000000a4800000, 0x00000000a4800000| Untracked 
| 585|0x00000000a4900000, 0x00000000a4900000, 0x00000000a4a00000|  0%| F|  |TAMS 0x00000000a4900000, 0x00000000a4900000| Untracked 
| 586|0x00000000a4a00000, 0x00000000a4a00000, 0x00000000a4b00000|  0%| F|  |TAMS 0x00000000a4a00000, 0x00000000a4a00000| Untracked 
| 587|0x00000000a4b00000, 0x00000000a4b00000, 0x00000000a4c00000|  0%| F|  |TAMS 0x00000000a4b00000, 0x00000000a4b00000| Untracked 
| 588|0x00000000a4c00000, 0x00000000a4c00000, 0x00000000a4d00000|  0%| F|  |TAMS 0x00000000a4c00000, 0x00000000a4c00000| Untracked 
| 589|0x00000000a4d00000, 0x00000000a4d00000, 0x00000000a4e00000|  0%| F|  |TAMS 0x00000000a4d00000, 0x00000000a4d00000| Untracked 
| 590|0x00000000a4e00000, 0x00000000a4e00000, 0x00000000a4f00000|  0%| F|  |TAMS 0x00000000a4e00000, 0x00000000a4e00000| Untracked 
| 591|0x00000000a4f00000, 0x00000000a4f00000, 0x00000000a5000000|  0%| F|  |TAMS 0x00000000a4f00000, 0x00000000a4f00000| Untracked 
| 592|0x00000000a5000000, 0x00000000a5000000, 0x00000000a5100000|  0%| F|  |TAMS 0x00000000a5000000, 0x00000000a5000000| Untracked 
| 593|0x00000000a5100000, 0x00000000a5100000, 0x00000000a5200000|  0%| F|  |TAMS 0x00000000a5100000, 0x00000000a5100000| Untracked 
| 594|0x00000000a5200000, 0x00000000a5200000, 0x00000000a5300000|  0%| F|  |TAMS 0x00000000a5200000, 0x00000000a5200000| Untracked 
| 595|0x00000000a5300000, 0x00000000a5300000, 0x00000000a5400000|  0%| F|  |TAMS 0x00000000a5300000, 0x00000000a5300000| Untracked 
| 596|0x00000000a5400000, 0x00000000a5400000, 0x00000000a5500000|  0%| F|  |TAMS 0x00000000a5400000, 0x00000000a5400000| Untracked 
| 597|0x00000000a5500000, 0x00000000a5500000, 0x00000000a5600000|  0%| F|  |TAMS 0x00000000a5500000, 0x00000000a5500000| Untracked 
| 598|0x00000000a5600000, 0x00000000a5600000, 0x00000000a5700000|  0%| F|  |TAMS 0x00000000a5600000, 0x00000000a5600000| Untracked 
| 599|0x00000000a5700000, 0x00000000a5700000, 0x00000000a5800000|  0%| F|  |TAMS 0x00000000a5700000, 0x00000000a5700000| Untracked 
| 600|0x00000000a5800000, 0x00000000a5800000, 0x00000000a5900000|  0%| F|  |TAMS 0x00000000a5800000, 0x00000000a5800000| Untracked 
| 601|0x00000000a5900000, 0x00000000a5900000, 0x00000000a5a00000|  0%| F|  |TAMS 0x00000000a5900000, 0x00000000a5900000| Untracked 
| 602|0x00000000a5a00000, 0x00000000a5a00000, 0x00000000a5b00000|  0%| F|  |TAMS 0x00000000a5a00000, 0x00000000a5a00000| Untracked 
| 603|0x00000000a5b00000, 0x00000000a5b00000, 0x00000000a5c00000|  0%| F|  |TAMS 0x00000000a5b00000, 0x00000000a5b00000| Untracked 
| 604|0x00000000a5c00000, 0x00000000a5c00000, 0x00000000a5d00000|  0%| F|  |TAMS 0x00000000a5c00000, 0x00000000a5c00000| Untracked 
| 605|0x00000000a5d00000, 0x00000000a5d00000, 0x00000000a5e00000|  0%| F|  |TAMS 0x00000000a5d00000, 0x00000000a5d00000| Untracked 
| 606|0x00000000a5e00000, 0x00000000a5e00000, 0x00000000a5f00000|  0%| F|  |TAMS 0x00000000a5e00000, 0x00000000a5e00000| Untracked 
| 607|0x00000000a5f00000, 0x00000000a5f00000, 0x00000000a6000000|  0%| F|  |TAMS 0x00000000a5f00000, 0x00000000a5f00000| Untracked 
| 608|0x00000000a6000000, 0x00000000a6000000, 0x00000000a6100000|  0%| F|  |TAMS 0x00000000a6000000, 0x00000000a6000000| Untracked 
| 609|0x00000000a6100000, 0x00000000a6100000, 0x00000000a6200000|  0%| F|  |TAMS 0x00000000a6100000, 0x00000000a6100000| Untracked 
| 610|0x00000000a6200000, 0x00000000a6200000, 0x00000000a6300000|  0%| F|  |TAMS 0x00000000a6200000, 0x00000000a6200000| Untracked 
| 611|0x00000000a6300000, 0x00000000a6300000, 0x00000000a6400000|  0%| F|  |TAMS 0x00000000a6300000, 0x00000000a6300000| Untracked 
| 612|0x00000000a6400000, 0x00000000a6400000, 0x00000000a6500000|  0%| F|  |TAMS 0x00000000a6400000, 0x00000000a6400000| Untracked 
| 613|0x00000000a6500000, 0x00000000a6500000, 0x00000000a6600000|  0%| F|  |TAMS 0x00000000a6500000, 0x00000000a6500000| Untracked 
| 614|0x00000000a6600000, 0x00000000a6600000, 0x00000000a6700000|  0%| F|  |TAMS 0x00000000a6600000, 0x00000000a6600000| Untracked 
| 615|0x00000000a6700000, 0x00000000a6700000, 0x00000000a6800000|  0%| F|  |TAMS 0x00000000a6700000, 0x00000000a6700000| Untracked 
| 616|0x00000000a6800000, 0x00000000a6800000, 0x00000000a6900000|  0%| F|  |TAMS 0x00000000a6800000, 0x00000000a6800000| Untracked 
| 617|0x00000000a6900000, 0x00000000a6900000, 0x00000000a6a00000|  0%| F|  |TAMS 0x00000000a6900000, 0x00000000a6900000| Untracked 
| 618|0x00000000a6a00000, 0x00000000a6a00000, 0x00000000a6b00000|  0%| F|  |TAMS 0x00000000a6a00000, 0x00000000a6a00000| Untracked 
| 619|0x00000000a6b00000, 0x00000000a6b00000, 0x00000000a6c00000|  0%| F|  |TAMS 0x00000000a6b00000, 0x00000000a6b00000| Untracked 
| 620|0x00000000a6c00000, 0x00000000a6c00000, 0x00000000a6d00000|  0%| F|  |TAMS 0x00000000a6c00000, 0x00000000a6c00000| Untracked 
| 621|0x00000000a6d00000, 0x00000000a6d00000, 0x00000000a6e00000|  0%| F|  |TAMS 0x00000000a6d00000, 0x00000000a6d00000| Untracked 
| 622|0x00000000a6e00000, 0x00000000a6e00000, 0x00000000a6f00000|  0%| F|  |TAMS 0x00000000a6e00000, 0x00000000a6e00000| Untracked 
| 623|0x00000000a6f00000, 0x00000000a6f00000, 0x00000000a7000000|  0%| F|  |TAMS 0x00000000a6f00000, 0x00000000a6f00000| Untracked 
| 624|0x00000000a7000000, 0x00000000a7000000, 0x00000000a7100000|  0%| F|  |TAMS 0x00000000a7000000, 0x00000000a7000000| Untracked 
| 625|0x00000000a7100000, 0x00000000a7100000, 0x00000000a7200000|  0%| F|  |TAMS 0x00000000a7100000, 0x00000000a7100000| Untracked 
| 626|0x00000000a7200000, 0x00000000a7200000, 0x00000000a7300000|  0%| F|  |TAMS 0x00000000a7200000, 0x00000000a7200000| Untracked 
| 627|0x00000000a7300000, 0x00000000a7300000, 0x00000000a7400000|  0%| F|  |TAMS 0x00000000a7300000, 0x00000000a7300000| Untracked 
| 628|0x00000000a7400000, 0x00000000a7400000, 0x00000000a7500000|  0%| F|  |TAMS 0x00000000a7400000, 0x00000000a7400000| Untracked 
| 629|0x00000000a7500000, 0x00000000a7500000, 0x00000000a7600000|  0%| F|  |TAMS 0x00000000a7500000, 0x00000000a7500000| Untracked 
| 630|0x00000000a7600000, 0x00000000a7600000, 0x00000000a7700000|  0%| F|  |TAMS 0x00000000a7600000, 0x00000000a7600000| Untracked 
| 631|0x00000000a7700000, 0x00000000a7700000, 0x00000000a7800000|  0%| F|  |TAMS 0x00000000a7700000, 0x00000000a7700000| Untracked 
| 632|0x00000000a7800000, 0x00000000a7800000, 0x00000000a7900000|  0%| F|  |TAMS 0x00000000a7800000, 0x00000000a7800000| Untracked 
| 633|0x00000000a7900000, 0x00000000a7900000, 0x00000000a7a00000|  0%| F|  |TAMS 0x00000000a7900000, 0x00000000a7900000| Untracked 
| 634|0x00000000a7a00000, 0x00000000a7a00000, 0x00000000a7b00000|  0%| F|  |TAMS 0x00000000a7a00000, 0x00000000a7a00000| Untracked 
| 635|0x00000000a7b00000, 0x00000000a7b00000, 0x00000000a7c00000|  0%| F|  |TAMS 0x00000000a7b00000, 0x00000000a7b00000| Untracked 
| 636|0x00000000a7c00000, 0x00000000a7c00000, 0x00000000a7d00000|  0%| F|  |TAMS 0x00000000a7c00000, 0x00000000a7c00000| Untracked 
| 637|0x00000000a7d00000, 0x00000000a7d00000, 0x00000000a7e00000|  0%| F|  |TAMS 0x00000000a7d00000, 0x00000000a7d00000| Untracked 
| 638|0x00000000a7e00000, 0x00000000a7e00000, 0x00000000a7f00000|  0%| F|  |TAMS 0x00000000a7e00000, 0x00000000a7e00000| Untracked 
| 639|0x00000000a7f00000, 0x00000000a7f00000, 0x00000000a8000000|  0%| F|  |TAMS 0x00000000a7f00000, 0x00000000a7f00000| Untracked 
| 640|0x00000000a8000000, 0x00000000a8000000, 0x00000000a8100000|  0%| F|  |TAMS 0x00000000a8000000, 0x00000000a8000000| Untracked 
| 641|0x00000000a8100000, 0x00000000a8100000, 0x00000000a8200000|  0%| F|  |TAMS 0x00000000a8100000, 0x00000000a8100000| Untracked 
| 642|0x00000000a8200000, 0x00000000a8200000, 0x00000000a8300000|  0%| F|  |TAMS 0x00000000a8200000, 0x00000000a8200000| Untracked 
| 643|0x00000000a8300000, 0x00000000a8300000, 0x00000000a8400000|  0%| F|  |TAMS 0x00000000a8300000, 0x00000000a8300000| Untracked 
| 644|0x00000000a8400000, 0x00000000a8400000, 0x00000000a8500000|  0%| F|  |TAMS 0x00000000a8400000, 0x00000000a8400000| Untracked 
| 645|0x00000000a8500000, 0x00000000a8500000, 0x00000000a8600000|  0%| F|  |TAMS 0x00000000a8500000, 0x00000000a8500000| Untracked 
| 646|0x00000000a8600000, 0x00000000a8600000, 0x00000000a8700000|  0%| F|  |TAMS 0x00000000a8600000, 0x00000000a8600000| Untracked 
| 647|0x00000000a8700000, 0x00000000a8700000, 0x00000000a8800000|  0%| F|  |TAMS 0x00000000a8700000, 0x00000000a8700000| Untracked 
| 648|0x00000000a8800000, 0x00000000a8800000, 0x00000000a8900000|  0%| F|  |TAMS 0x00000000a8800000, 0x00000000a8800000| Untracked 
| 649|0x00000000a8900000, 0x00000000a8900000, 0x00000000a8a00000|  0%| F|  |TAMS 0x00000000a8900000, 0x00000000a8900000| Untracked 
| 650|0x00000000a8a00000, 0x00000000a8a00000, 0x00000000a8b00000|  0%| F|  |TAMS 0x00000000a8a00000, 0x00000000a8a00000| Untracked 
| 651|0x00000000a8b00000, 0x00000000a8b00000, 0x00000000a8c00000|  0%| F|  |TAMS 0x00000000a8b00000, 0x00000000a8b00000| Untracked 
| 652|0x00000000a8c00000, 0x00000000a8c00000, 0x00000000a8d00000|  0%| F|  |TAMS 0x00000000a8c00000, 0x00000000a8c00000| Untracked 
| 653|0x00000000a8d00000, 0x00000000a8d00000, 0x00000000a8e00000|  0%| F|  |TAMS 0x00000000a8d00000, 0x00000000a8d00000| Untracked 
| 654|0x00000000a8e00000, 0x00000000a8e00000, 0x00000000a8f00000|  0%| F|  |TAMS 0x00000000a8e00000, 0x00000000a8e00000| Untracked 
| 655|0x00000000a8f00000, 0x00000000a8f00000, 0x00000000a9000000|  0%| F|  |TAMS 0x00000000a8f00000, 0x00000000a8f00000| Untracked 
| 656|0x00000000a9000000, 0x00000000a9000000, 0x00000000a9100000|  0%| F|  |TAMS 0x00000000a9000000, 0x00000000a9000000| Untracked 
| 657|0x00000000a9100000, 0x00000000a9100000, 0x00000000a9200000|  0%| F|  |TAMS 0x00000000a9100000, 0x00000000a9100000| Untracked 
| 658|0x00000000a9200000, 0x00000000a9200000, 0x00000000a9300000|  0%| F|  |TAMS 0x00000000a9200000, 0x00000000a9200000| Untracked 
| 659|0x00000000a9300000, 0x00000000a9300000, 0x00000000a9400000|  0%| F|  |TAMS 0x00000000a9300000, 0x00000000a9300000| Untracked 
| 660|0x00000000a9400000, 0x00000000a9400000, 0x00000000a9500000|  0%| F|  |TAMS 0x00000000a9400000, 0x00000000a9400000| Untracked 
| 661|0x00000000a9500000, 0x00000000a9500000, 0x00000000a9600000|  0%| F|  |TAMS 0x00000000a9500000, 0x00000000a9500000| Untracked 
| 662|0x00000000a9600000, 0x00000000a9600000, 0x00000000a9700000|  0%| F|  |TAMS 0x00000000a9600000, 0x00000000a9600000| Untracked 
| 663|0x00000000a9700000, 0x00000000a9700000, 0x00000000a9800000|  0%| F|  |TAMS 0x00000000a9700000, 0x00000000a9700000| Untracked 
| 664|0x00000000a9800000, 0x00000000a9800000, 0x00000000a9900000|  0%| F|  |TAMS 0x00000000a9800000, 0x00000000a9800000| Untracked 
| 665|0x00000000a9900000, 0x00000000a9900000, 0x00000000a9a00000|  0%| F|  |TAMS 0x00000000a9900000, 0x00000000a9900000| Untracked 
| 666|0x00000000a9a00000, 0x00000000a9a00000, 0x00000000a9b00000|  0%| F|  |TAMS 0x00000000a9a00000, 0x00000000a9a00000| Untracked 
| 667|0x00000000a9b00000, 0x00000000a9b00000, 0x00000000a9c00000|  0%| F|  |TAMS 0x00000000a9b00000, 0x00000000a9b00000| Untracked 
| 668|0x00000000a9c00000, 0x00000000a9c00000, 0x00000000a9d00000|  0%| F|  |TAMS 0x00000000a9c00000, 0x00000000a9c00000| Untracked 
| 669|0x00000000a9d00000, 0x00000000a9d00000, 0x00000000a9e00000|  0%| F|  |TAMS 0x00000000a9d00000, 0x00000000a9d00000| Untracked 
| 670|0x00000000a9e00000, 0x00000000a9e00000, 0x00000000a9f00000|  0%| F|  |TAMS 0x00000000a9e00000, 0x00000000a9e00000| Untracked 
| 671|0x00000000a9f00000, 0x00000000a9f00000, 0x00000000aa000000|  0%| F|  |TAMS 0x00000000a9f00000, 0x00000000a9f00000| Untracked 
| 672|0x00000000aa000000, 0x00000000aa000000, 0x00000000aa100000|  0%| F|  |TAMS 0x00000000aa000000, 0x00000000aa000000| Untracked 
| 673|0x00000000aa100000, 0x00000000aa100000, 0x00000000aa200000|  0%| F|  |TAMS 0x00000000aa100000, 0x00000000aa100000| Untracked 
| 674|0x00000000aa200000, 0x00000000aa200000, 0x00000000aa300000|  0%| F|  |TAMS 0x00000000aa200000, 0x00000000aa200000| Untracked 
| 675|0x00000000aa300000, 0x00000000aa300000, 0x00000000aa400000|  0%| F|  |TAMS 0x00000000aa300000, 0x00000000aa300000| Untracked 
| 676|0x00000000aa400000, 0x00000000aa400000, 0x00000000aa500000|  0%| F|  |TAMS 0x00000000aa400000, 0x00000000aa400000| Untracked 
| 677|0x00000000aa500000, 0x00000000aa500000, 0x00000000aa600000|  0%| F|  |TAMS 0x00000000aa500000, 0x00000000aa500000| Untracked 
| 678|0x00000000aa600000, 0x00000000aa600000, 0x00000000aa700000|  0%| F|  |TAMS 0x00000000aa600000, 0x00000000aa600000| Untracked 
| 679|0x00000000aa700000, 0x00000000aa700000, 0x00000000aa800000|  0%| F|  |TAMS 0x00000000aa700000, 0x00000000aa700000| Untracked 
| 680|0x00000000aa800000, 0x00000000aa800000, 0x00000000aa900000|  0%| F|  |TAMS 0x00000000aa800000, 0x00000000aa800000| Untracked 
| 681|0x00000000aa900000, 0x00000000aa900000, 0x00000000aaa00000|  0%| F|  |TAMS 0x00000000aa900000, 0x00000000aa900000| Untracked 
| 682|0x00000000aaa00000, 0x00000000aaa00000, 0x00000000aab00000|  0%| F|  |TAMS 0x00000000aaa00000, 0x00000000aaa00000| Untracked 
| 683|0x00000000aab00000, 0x00000000aab00000, 0x00000000aac00000|  0%| F|  |TAMS 0x00000000aab00000, 0x00000000aab00000| Untracked 
| 684|0x00000000aac00000, 0x00000000aac00000, 0x00000000aad00000|  0%| F|  |TAMS 0x00000000aac00000, 0x00000000aac00000| Untracked 
| 685|0x00000000aad00000, 0x00000000aad00000, 0x00000000aae00000|  0%| F|  |TAMS 0x00000000aad00000, 0x00000000aad00000| Untracked 
| 686|0x00000000aae00000, 0x00000000aae00000, 0x00000000aaf00000|  0%| F|  |TAMS 0x00000000aae00000, 0x00000000aae00000| Untracked 
| 687|0x00000000aaf00000, 0x00000000aaf00000, 0x00000000ab000000|  0%| F|  |TAMS 0x00000000aaf00000, 0x00000000aaf00000| Untracked 
| 688|0x00000000ab000000, 0x00000000ab000000, 0x00000000ab100000|  0%| F|  |TAMS 0x00000000ab000000, 0x00000000ab000000| Untracked 
| 689|0x00000000ab100000, 0x00000000ab100000, 0x00000000ab200000|  0%| F|  |TAMS 0x00000000ab100000, 0x00000000ab100000| Untracked 
| 690|0x00000000ab200000, 0x00000000ab200000, 0x00000000ab300000|  0%| F|  |TAMS 0x00000000ab200000, 0x00000000ab200000| Untracked 
| 691|0x00000000ab300000, 0x00000000ab300000, 0x00000000ab400000|  0%| F|  |TAMS 0x00000000ab300000, 0x00000000ab300000| Untracked 
| 692|0x00000000ab400000, 0x00000000ab400000, 0x00000000ab500000|  0%| F|  |TAMS 0x00000000ab400000, 0x00000000ab400000| Untracked 
| 693|0x00000000ab500000, 0x00000000ab500000, 0x00000000ab600000|  0%| F|  |TAMS 0x00000000ab500000, 0x00000000ab500000| Untracked 
| 694|0x00000000ab600000, 0x00000000ab600000, 0x00000000ab700000|  0%| F|  |TAMS 0x00000000ab600000, 0x00000000ab600000| Untracked 
| 695|0x00000000ab700000, 0x00000000ab700000, 0x00000000ab800000|  0%| F|  |TAMS 0x00000000ab700000, 0x00000000ab700000| Untracked 
| 696|0x00000000ab800000, 0x00000000ab800000, 0x00000000ab900000|  0%| F|  |TAMS 0x00000000ab800000, 0x00000000ab800000| Untracked 
| 697|0x00000000ab900000, 0x00000000ab900000, 0x00000000aba00000|  0%| F|  |TAMS 0x00000000ab900000, 0x00000000ab900000| Untracked 
| 698|0x00000000aba00000, 0x00000000aba00000, 0x00000000abb00000|  0%| F|  |TAMS 0x00000000aba00000, 0x00000000aba00000| Untracked 
| 699|0x00000000abb00000, 0x00000000abb00000, 0x00000000abc00000|  0%| F|  |TAMS 0x00000000abb00000, 0x00000000abb00000| Untracked 
| 700|0x00000000abc00000, 0x00000000abc00000, 0x00000000abd00000|  0%| F|  |TAMS 0x00000000abc00000, 0x00000000abc00000| Untracked 
| 701|0x00000000abd00000, 0x00000000abd00000, 0x00000000abe00000|  0%| F|  |TAMS 0x00000000abd00000, 0x00000000abd00000| Untracked 
| 702|0x00000000abe00000, 0x00000000abe00000, 0x00000000abf00000|  0%| F|  |TAMS 0x00000000abe00000, 0x00000000abe00000| Untracked 
| 703|0x00000000abf00000, 0x00000000abf00000, 0x00000000ac000000|  0%| F|  |TAMS 0x00000000abf00000, 0x00000000abf00000| Untracked 
| 704|0x00000000ac000000, 0x00000000ac000000, 0x00000000ac100000|  0%| F|  |TAMS 0x00000000ac000000, 0x00000000ac000000| Untracked 
| 705|0x00000000ac100000, 0x00000000ac100000, 0x00000000ac200000|  0%| F|  |TAMS 0x00000000ac100000, 0x00000000ac100000| Untracked 
| 706|0x00000000ac200000, 0x00000000ac200000, 0x00000000ac300000|  0%| F|  |TAMS 0x00000000ac200000, 0x00000000ac200000| Untracked 
| 707|0x00000000ac300000, 0x00000000ac300000, 0x00000000ac400000|  0%| F|  |TAMS 0x00000000ac300000, 0x00000000ac300000| Untracked 
| 708|0x00000000ac400000, 0x00000000ac400000, 0x00000000ac500000|  0%| F|  |TAMS 0x00000000ac400000, 0x00000000ac400000| Untracked 
| 709|0x00000000ac500000, 0x00000000ac500000, 0x00000000ac600000|  0%| F|  |TAMS 0x00000000ac500000, 0x00000000ac500000| Untracked 
| 710|0x00000000ac600000, 0x00000000ac600000, 0x00000000ac700000|  0%| F|  |TAMS 0x00000000ac600000, 0x00000000ac600000| Untracked 
| 711|0x00000000ac700000, 0x00000000ac700000, 0x00000000ac800000|  0%| F|  |TAMS 0x00000000ac700000, 0x00000000ac700000| Untracked 
| 712|0x00000000ac800000, 0x00000000ac800000, 0x00000000ac900000|  0%| F|  |TAMS 0x00000000ac800000, 0x00000000ac800000| Untracked 
| 713|0x00000000ac900000, 0x00000000ac900000, 0x00000000aca00000|  0%| F|  |TAMS 0x00000000ac900000, 0x00000000ac900000| Untracked 
| 714|0x00000000aca00000, 0x00000000aca00000, 0x00000000acb00000|  0%| F|  |TAMS 0x00000000aca00000, 0x00000000aca00000| Untracked 
| 715|0x00000000acb00000, 0x00000000acb00000, 0x00000000acc00000|  0%| F|  |TAMS 0x00000000acb00000, 0x00000000acb00000| Untracked 
| 716|0x00000000acc00000, 0x00000000acc00000, 0x00000000acd00000|  0%| F|  |TAMS 0x00000000acc00000, 0x00000000acc00000| Untracked 
| 717|0x00000000acd00000, 0x00000000acd00000, 0x00000000ace00000|  0%| F|  |TAMS 0x00000000acd00000, 0x00000000acd00000| Untracked 
| 718|0x00000000ace00000, 0x00000000ace00000, 0x00000000acf00000|  0%| F|  |TAMS 0x00000000ace00000, 0x00000000ace00000| Untracked 
| 719|0x00000000acf00000, 0x00000000acf00000, 0x00000000ad000000|  0%| F|  |TAMS 0x00000000acf00000, 0x00000000acf00000| Untracked 
| 720|0x00000000ad000000, 0x00000000ad000000, 0x00000000ad100000|  0%| F|  |TAMS 0x00000000ad000000, 0x00000000ad000000| Untracked 
| 721|0x00000000ad100000, 0x00000000ad100000, 0x00000000ad200000|  0%| F|  |TAMS 0x00000000ad100000, 0x00000000ad100000| Untracked 
| 722|0x00000000ad200000, 0x00000000ad200000, 0x00000000ad300000|  0%| F|  |TAMS 0x00000000ad200000, 0x00000000ad200000| Untracked 
| 723|0x00000000ad300000, 0x00000000ad300000, 0x00000000ad400000|  0%| F|  |TAMS 0x00000000ad300000, 0x00000000ad300000| Untracked 
| 724|0x00000000ad400000, 0x00000000ad400000, 0x00000000ad500000|  0%| F|  |TAMS 0x00000000ad400000, 0x00000000ad400000| Untracked 
| 725|0x00000000ad500000, 0x00000000ad500000, 0x00000000ad600000|  0%| F|  |TAMS 0x00000000ad500000, 0x00000000ad500000| Untracked 
| 726|0x00000000ad600000, 0x00000000ad600000, 0x00000000ad700000|  0%| F|  |TAMS 0x00000000ad600000, 0x00000000ad600000| Untracked 
| 727|0x00000000ad700000, 0x00000000ad700000, 0x00000000ad800000|  0%| F|  |TAMS 0x00000000ad700000, 0x00000000ad700000| Untracked 
| 728|0x00000000ad800000, 0x00000000ad800000, 0x00000000ad900000|  0%| F|  |TAMS 0x00000000ad800000, 0x00000000ad800000| Untracked 
| 729|0x00000000ad900000, 0x00000000ad900000, 0x00000000ada00000|  0%| F|  |TAMS 0x00000000ad900000, 0x00000000ad900000| Untracked 
| 730|0x00000000ada00000, 0x00000000ada00000, 0x00000000adb00000|  0%| F|  |TAMS 0x00000000ada00000, 0x00000000ada00000| Untracked 
| 731|0x00000000adb00000, 0x00000000adb00000, 0x00000000adc00000|  0%| F|  |TAMS 0x00000000adb00000, 0x00000000adb00000| Untracked 
| 732|0x00000000adc00000, 0x00000000adc00000, 0x00000000add00000|  0%| F|  |TAMS 0x00000000adc00000, 0x00000000adc00000| Untracked 
| 733|0x00000000add00000, 0x00000000add00000, 0x00000000ade00000|  0%| F|  |TAMS 0x00000000add00000, 0x00000000add00000| Untracked 
| 734|0x00000000ade00000, 0x00000000ade00000, 0x00000000adf00000|  0%| F|  |TAMS 0x00000000ade00000, 0x00000000ade00000| Untracked 
| 735|0x00000000adf00000, 0x00000000adf00000, 0x00000000ae000000|  0%| F|  |TAMS 0x00000000adf00000, 0x00000000adf00000| Untracked 
| 736|0x00000000ae000000, 0x00000000ae000000, 0x00000000ae100000|  0%| F|  |TAMS 0x00000000ae000000, 0x00000000ae000000| Untracked 
| 737|0x00000000ae100000, 0x00000000ae100000, 0x00000000ae200000|  0%| F|  |TAMS 0x00000000ae100000, 0x00000000ae100000| Untracked 
| 738|0x00000000ae200000, 0x00000000ae200000, 0x00000000ae300000|  0%| F|  |TAMS 0x00000000ae200000, 0x00000000ae200000| Untracked 
| 739|0x00000000ae300000, 0x00000000ae300000, 0x00000000ae400000|  0%| F|  |TAMS 0x00000000ae300000, 0x00000000ae300000| Untracked 
| 740|0x00000000ae400000, 0x00000000ae400000, 0x00000000ae500000|  0%| F|  |TAMS 0x00000000ae400000, 0x00000000ae400000| Untracked 
| 741|0x00000000ae500000, 0x00000000ae500000, 0x00000000ae600000|  0%| F|  |TAMS 0x00000000ae500000, 0x00000000ae500000| Untracked 
| 742|0x00000000ae600000, 0x00000000ae600000, 0x00000000ae700000|  0%| F|  |TAMS 0x00000000ae600000, 0x00000000ae600000| Untracked 
| 743|0x00000000ae700000, 0x00000000ae700000, 0x00000000ae800000|  0%| F|  |TAMS 0x00000000ae700000, 0x00000000ae700000| Untracked 
| 744|0x00000000ae800000, 0x00000000ae800000, 0x00000000ae900000|  0%| F|  |TAMS 0x00000000ae800000, 0x00000000ae800000| Untracked 
| 745|0x00000000ae900000, 0x00000000ae900000, 0x00000000aea00000|  0%| F|  |TAMS 0x00000000ae900000, 0x00000000ae900000| Untracked 
| 746|0x00000000aea00000, 0x00000000aea00000, 0x00000000aeb00000|  0%| F|  |TAMS 0x00000000aea00000, 0x00000000aea00000| Untracked 
| 747|0x00000000aeb00000, 0x00000000aeb00000, 0x00000000aec00000|  0%| F|  |TAMS 0x00000000aeb00000, 0x00000000aeb00000| Untracked 
| 748|0x00000000aec00000, 0x00000000aec00000, 0x00000000aed00000|  0%| F|  |TAMS 0x00000000aec00000, 0x00000000aec00000| Untracked 
| 749|0x00000000aed00000, 0x00000000aed00000, 0x00000000aee00000|  0%| F|  |TAMS 0x00000000aed00000, 0x00000000aed00000| Untracked 
| 750|0x00000000aee00000, 0x00000000aee00000, 0x00000000aef00000|  0%| F|  |TAMS 0x00000000aee00000, 0x00000000aee00000| Untracked 
| 751|0x00000000aef00000, 0x00000000aef00000, 0x00000000af000000|  0%| F|  |TAMS 0x00000000aef00000, 0x00000000aef00000| Untracked 
| 752|0x00000000af000000, 0x00000000af000000, 0x00000000af100000|  0%| F|  |TAMS 0x00000000af000000, 0x00000000af000000| Untracked 
| 753|0x00000000af100000, 0x00000000af100000, 0x00000000af200000|  0%| F|  |TAMS 0x00000000af100000, 0x00000000af100000| Untracked 
| 754|0x00000000af200000, 0x00000000af200000, 0x00000000af300000|  0%| F|  |TAMS 0x00000000af200000, 0x00000000af200000| Untracked 
| 755|0x00000000af300000, 0x00000000af300000, 0x00000000af400000|  0%| F|  |TAMS 0x00000000af300000, 0x00000000af300000| Untracked 
| 756|0x00000000af400000, 0x00000000af400000, 0x00000000af500000|  0%| F|  |TAMS 0x00000000af400000, 0x00000000af400000| Untracked 
| 757|0x00000000af500000, 0x00000000af500000, 0x00000000af600000|  0%| F|  |TAMS 0x00000000af500000, 0x00000000af500000| Untracked 
| 758|0x00000000af600000, 0x00000000af600000, 0x00000000af700000|  0%| F|  |TAMS 0x00000000af600000, 0x00000000af600000| Untracked 
| 759|0x00000000af700000, 0x00000000af700000, 0x00000000af800000|  0%| F|  |TAMS 0x00000000af700000, 0x00000000af700000| Untracked 
| 760|0x00000000af800000, 0x00000000af800000, 0x00000000af900000|  0%| F|  |TAMS 0x00000000af800000, 0x00000000af800000| Untracked 
| 761|0x00000000af900000, 0x00000000af900000, 0x00000000afa00000|  0%| F|  |TAMS 0x00000000af900000, 0x00000000af900000| Untracked 
| 762|0x00000000afa00000, 0x00000000afa00000, 0x00000000afb00000|  0%| F|  |TAMS 0x00000000afa00000, 0x00000000afa00000| Untracked 
| 763|0x00000000afb00000, 0x00000000afb00000, 0x00000000afc00000|  0%| F|  |TAMS 0x00000000afb00000, 0x00000000afb00000| Untracked 
| 764|0x00000000afc00000, 0x00000000afc00000, 0x00000000afd00000|  0%| F|  |TAMS 0x00000000afc00000, 0x00000000afc00000| Untracked 
| 765|0x00000000afd00000, 0x00000000afd00000, 0x00000000afe00000|  0%| F|  |TAMS 0x00000000afd00000, 0x00000000afd00000| Untracked 
| 766|0x00000000afe00000, 0x00000000afe00000, 0x00000000aff00000|  0%| F|  |TAMS 0x00000000afe00000, 0x00000000afe00000| Untracked 
| 767|0x00000000aff00000, 0x00000000aff00000, 0x00000000b0000000|  0%| F|  |TAMS 0x00000000aff00000, 0x00000000aff00000| Untracked 
| 768|0x00000000b0000000, 0x00000000b0000000, 0x00000000b0100000|  0%| F|  |TAMS 0x00000000b0000000, 0x00000000b0000000| Untracked 
| 769|0x00000000b0100000, 0x00000000b0100000, 0x00000000b0200000|  0%| F|  |TAMS 0x00000000b0100000, 0x00000000b0100000| Untracked 
| 770|0x00000000b0200000, 0x00000000b0200000, 0x00000000b0300000|  0%| F|  |TAMS 0x00000000b0200000, 0x00000000b0200000| Untracked 
| 771|0x00000000b0300000, 0x00000000b0300000, 0x00000000b0400000|  0%| F|  |TAMS 0x00000000b0300000, 0x00000000b0300000| Untracked 
| 772|0x00000000b0400000, 0x00000000b0400000, 0x00000000b0500000|  0%| F|  |TAMS 0x00000000b0400000, 0x00000000b0400000| Untracked 
| 773|0x00000000b0500000, 0x00000000b0500000, 0x00000000b0600000|  0%| F|  |TAMS 0x00000000b0500000, 0x00000000b0500000| Untracked 
| 774|0x00000000b0600000, 0x00000000b0600000, 0x00000000b0700000|  0%| F|  |TAMS 0x00000000b0600000, 0x00000000b0600000| Untracked 
| 775|0x00000000b0700000, 0x00000000b0700000, 0x00000000b0800000|  0%| F|  |TAMS 0x00000000b0700000, 0x00000000b0700000| Untracked 
| 776|0x00000000b0800000, 0x00000000b0800000, 0x00000000b0900000|  0%| F|  |TAMS 0x00000000b0800000, 0x00000000b0800000| Untracked 
| 777|0x00000000b0900000, 0x00000000b0900000, 0x00000000b0a00000|  0%| F|  |TAMS 0x00000000b0900000, 0x00000000b0900000| Untracked 
| 778|0x00000000b0a00000, 0x00000000b0a00000, 0x00000000b0b00000|  0%| F|  |TAMS 0x00000000b0a00000, 0x00000000b0a00000| Untracked 
| 779|0x00000000b0b00000, 0x00000000b0b00000, 0x00000000b0c00000|  0%| F|  |TAMS 0x00000000b0b00000, 0x00000000b0b00000| Untracked 
| 780|0x00000000b0c00000, 0x00000000b0c00000, 0x00000000b0d00000|  0%| F|  |TAMS 0x00000000b0c00000, 0x00000000b0c00000| Untracked 
| 781|0x00000000b0d00000, 0x00000000b0d00000, 0x00000000b0e00000|  0%| F|  |TAMS 0x00000000b0d00000, 0x00000000b0d00000| Untracked 
| 782|0x00000000b0e00000, 0x00000000b0e00000, 0x00000000b0f00000|  0%| F|  |TAMS 0x00000000b0e00000, 0x00000000b0e00000| Untracked 
| 783|0x00000000b0f00000, 0x00000000b0f00000, 0x00000000b1000000|  0%| F|  |TAMS 0x00000000b0f00000, 0x00000000b0f00000| Untracked 
| 784|0x00000000b1000000, 0x00000000b1000000, 0x00000000b1100000|  0%| F|  |TAMS 0x00000000b1000000, 0x00000000b1000000| Untracked 
| 785|0x00000000b1100000, 0x00000000b1100000, 0x00000000b1200000|  0%| F|  |TAMS 0x00000000b1100000, 0x00000000b1100000| Untracked 
| 786|0x00000000b1200000, 0x00000000b1200000, 0x00000000b1300000|  0%| F|  |TAMS 0x00000000b1200000, 0x00000000b1200000| Untracked 
| 787|0x00000000b1300000, 0x00000000b1300000, 0x00000000b1400000|  0%| F|  |TAMS 0x00000000b1300000, 0x00000000b1300000| Untracked 
| 788|0x00000000b1400000, 0x00000000b1400000, 0x00000000b1500000|  0%| F|  |TAMS 0x00000000b1400000, 0x00000000b1400000| Untracked 
| 789|0x00000000b1500000, 0x00000000b1500000, 0x00000000b1600000|  0%| F|  |TAMS 0x00000000b1500000, 0x00000000b1500000| Untracked 
| 790|0x00000000b1600000, 0x00000000b1600000, 0x00000000b1700000|  0%| F|  |TAMS 0x00000000b1600000, 0x00000000b1600000| Untracked 
| 791|0x00000000b1700000, 0x00000000b1700000, 0x00000000b1800000|  0%| F|  |TAMS 0x00000000b1700000, 0x00000000b1700000| Untracked 
| 792|0x00000000b1800000, 0x00000000b1800000, 0x00000000b1900000|  0%| F|  |TAMS 0x00000000b1800000, 0x00000000b1800000| Untracked 
| 793|0x00000000b1900000, 0x00000000b1900000, 0x00000000b1a00000|  0%| F|  |TAMS 0x00000000b1900000, 0x00000000b1900000| Untracked 
| 794|0x00000000b1a00000, 0x00000000b1a00000, 0x00000000b1b00000|  0%| F|  |TAMS 0x00000000b1a00000, 0x00000000b1a00000| Untracked 
| 795|0x00000000b1b00000, 0x00000000b1b00000, 0x00000000b1c00000|  0%| F|  |TAMS 0x00000000b1b00000, 0x00000000b1b00000| Untracked 
| 796|0x00000000b1c00000, 0x00000000b1c00000, 0x00000000b1d00000|  0%| F|  |TAMS 0x00000000b1c00000, 0x00000000b1c00000| Untracked 
| 797|0x00000000b1d00000, 0x00000000b1d00000, 0x00000000b1e00000|  0%| F|  |TAMS 0x00000000b1d00000, 0x00000000b1d00000| Untracked 
| 798|0x00000000b1e00000, 0x00000000b1e00000, 0x00000000b1f00000|  0%| F|  |TAMS 0x00000000b1e00000, 0x00000000b1e00000| Untracked 
| 799|0x00000000b1f00000, 0x00000000b1f00000, 0x00000000b2000000|  0%| F|  |TAMS 0x00000000b1f00000, 0x00000000b1f00000| Untracked 
| 800|0x00000000b2000000, 0x00000000b2000000, 0x00000000b2100000|  0%| F|  |TAMS 0x00000000b2000000, 0x00000000b2000000| Untracked 
| 801|0x00000000b2100000, 0x00000000b2100000, 0x00000000b2200000|  0%| F|  |TAMS 0x00000000b2100000, 0x00000000b2100000| Untracked 
| 802|0x00000000b2200000, 0x00000000b2200000, 0x00000000b2300000|  0%| F|  |TAMS 0x00000000b2200000, 0x00000000b2200000| Untracked 
| 803|0x00000000b2300000, 0x00000000b2300000, 0x00000000b2400000|  0%| F|  |TAMS 0x00000000b2300000, 0x00000000b2300000| Untracked 
| 804|0x00000000b2400000, 0x00000000b2400000, 0x00000000b2500000|  0%| F|  |TAMS 0x00000000b2400000, 0x00000000b2400000| Untracked 
| 805|0x00000000b2500000, 0x00000000b2500000, 0x00000000b2600000|  0%| F|  |TAMS 0x00000000b2500000, 0x00000000b2500000| Untracked 
| 806|0x00000000b2600000, 0x00000000b2600000, 0x00000000b2700000|  0%| F|  |TAMS 0x00000000b2600000, 0x00000000b2600000| Untracked 
| 807|0x00000000b2700000, 0x00000000b2700000, 0x00000000b2800000|  0%| F|  |TAMS 0x00000000b2700000, 0x00000000b2700000| Untracked 
| 808|0x00000000b2800000, 0x00000000b2800000, 0x00000000b2900000|  0%| F|  |TAMS 0x00000000b2800000, 0x00000000b2800000| Untracked 
| 809|0x00000000b2900000, 0x00000000b2900000, 0x00000000b2a00000|  0%| F|  |TAMS 0x00000000b2900000, 0x00000000b2900000| Untracked 
| 810|0x00000000b2a00000, 0x00000000b2a00000, 0x00000000b2b00000|  0%| F|  |TAMS 0x00000000b2a00000, 0x00000000b2a00000| Untracked 
| 811|0x00000000b2b00000, 0x00000000b2b00000, 0x00000000b2c00000|  0%| F|  |TAMS 0x00000000b2b00000, 0x00000000b2b00000| Untracked 
| 812|0x00000000b2c00000, 0x00000000b2c00000, 0x00000000b2d00000|  0%| F|  |TAMS 0x00000000b2c00000, 0x00000000b2c00000| Untracked 
| 813|0x00000000b2d00000, 0x00000000b2d00000, 0x00000000b2e00000|  0%| F|  |TAMS 0x00000000b2d00000, 0x00000000b2d00000| Untracked 
| 814|0x00000000b2e00000, 0x00000000b2e00000, 0x00000000b2f00000|  0%| F|  |TAMS 0x00000000b2e00000, 0x00000000b2e00000| Untracked 
| 815|0x00000000b2f00000, 0x00000000b2f00000, 0x00000000b3000000|  0%| F|  |TAMS 0x00000000b2f00000, 0x00000000b2f00000| Untracked 
| 816|0x00000000b3000000, 0x00000000b3000000, 0x00000000b3100000|  0%| F|  |TAMS 0x00000000b3000000, 0x00000000b3000000| Untracked 
| 817|0x00000000b3100000, 0x00000000b3100000, 0x00000000b3200000|  0%| F|  |TAMS 0x00000000b3100000, 0x00000000b3100000| Untracked 
| 818|0x00000000b3200000, 0x00000000b3200000, 0x00000000b3300000|  0%| F|  |TAMS 0x00000000b3200000, 0x00000000b3200000| Untracked 
| 819|0x00000000b3300000, 0x00000000b3300000, 0x00000000b3400000|  0%| F|  |TAMS 0x00000000b3300000, 0x00000000b3300000| Untracked 
| 820|0x00000000b3400000, 0x00000000b3400000, 0x00000000b3500000|  0%| F|  |TAMS 0x00000000b3400000, 0x00000000b3400000| Untracked 
| 821|0x00000000b3500000, 0x00000000b3500000, 0x00000000b3600000|  0%| F|  |TAMS 0x00000000b3500000, 0x00000000b3500000| Untracked 
| 822|0x00000000b3600000, 0x00000000b3600000, 0x00000000b3700000|  0%| F|  |TAMS 0x00000000b3600000, 0x00000000b3600000| Untracked 
| 823|0x00000000b3700000, 0x00000000b3700000, 0x00000000b3800000|  0%| F|  |TAMS 0x00000000b3700000, 0x00000000b3700000| Untracked 
| 824|0x00000000b3800000, 0x00000000b3800000, 0x00000000b3900000|  0%| F|  |TAMS 0x00000000b3800000, 0x00000000b3800000| Untracked 
| 825|0x00000000b3900000, 0x00000000b3900000, 0x00000000b3a00000|  0%| F|  |TAMS 0x00000000b3900000, 0x00000000b3900000| Untracked 
| 826|0x00000000b3a00000, 0x00000000b3a00000, 0x00000000b3b00000|  0%| F|  |TAMS 0x00000000b3a00000, 0x00000000b3a00000| Untracked 
| 827|0x00000000b3b00000, 0x00000000b3b00000, 0x00000000b3c00000|  0%| F|  |TAMS 0x00000000b3b00000, 0x00000000b3b00000| Untracked 
| 828|0x00000000b3c00000, 0x00000000b3c00000, 0x00000000b3d00000|  0%| F|  |TAMS 0x00000000b3c00000, 0x00000000b3c00000| Untracked 
| 829|0x00000000b3d00000, 0x00000000b3d00000, 0x00000000b3e00000|  0%| F|  |TAMS 0x00000000b3d00000, 0x00000000b3d00000| Untracked 
| 830|0x00000000b3e00000, 0x00000000b3e00000, 0x00000000b3f00000|  0%| F|  |TAMS 0x00000000b3e00000, 0x00000000b3e00000| Untracked 
| 831|0x00000000b3f00000, 0x00000000b3f00000, 0x00000000b4000000|  0%| F|  |TAMS 0x00000000b3f00000, 0x00000000b3f00000| Untracked 
| 832|0x00000000b4000000, 0x00000000b4000000, 0x00000000b4100000|  0%| F|  |TAMS 0x00000000b4000000, 0x00000000b4000000| Untracked 
| 833|0x00000000b4100000, 0x00000000b4100000, 0x00000000b4200000|  0%| F|  |TAMS 0x00000000b4100000, 0x00000000b4100000| Untracked 
| 834|0x00000000b4200000, 0x00000000b4200000, 0x00000000b4300000|  0%| F|  |TAMS 0x00000000b4200000, 0x00000000b4200000| Untracked 
| 835|0x00000000b4300000, 0x00000000b4300000, 0x00000000b4400000|  0%| F|  |TAMS 0x00000000b4300000, 0x00000000b4300000| Untracked 
| 836|0x00000000b4400000, 0x00000000b4400000, 0x00000000b4500000|  0%| F|  |TAMS 0x00000000b4400000, 0x00000000b4400000| Untracked 
| 837|0x00000000b4500000, 0x00000000b4500000, 0x00000000b4600000|  0%| F|  |TAMS 0x00000000b4500000, 0x00000000b4500000| Untracked 
| 838|0x00000000b4600000, 0x00000000b4600000, 0x00000000b4700000|  0%| F|  |TAMS 0x00000000b4600000, 0x00000000b4600000| Untracked 
| 839|0x00000000b4700000, 0x00000000b4700000, 0x00000000b4800000|  0%| F|  |TAMS 0x00000000b4700000, 0x00000000b4700000| Untracked 
| 840|0x00000000b4800000, 0x00000000b4800000, 0x00000000b4900000|  0%| F|  |TAMS 0x00000000b4800000, 0x00000000b4800000| Untracked 
| 841|0x00000000b4900000, 0x00000000b4900000, 0x00000000b4a00000|  0%| F|  |TAMS 0x00000000b4900000, 0x00000000b4900000| Untracked 
| 842|0x00000000b4a00000, 0x00000000b4a00000, 0x00000000b4b00000|  0%| F|  |TAMS 0x00000000b4a00000, 0x00000000b4a00000| Untracked 
| 843|0x00000000b4b00000, 0x00000000b4b00000, 0x00000000b4c00000|  0%| F|  |TAMS 0x00000000b4b00000, 0x00000000b4b00000| Untracked 
| 844|0x00000000b4c00000, 0x00000000b4c00000, 0x00000000b4d00000|  0%| F|  |TAMS 0x00000000b4c00000, 0x00000000b4c00000| Untracked 
| 845|0x00000000b4d00000, 0x00000000b4d00000, 0x00000000b4e00000|  0%| F|  |TAMS 0x00000000b4d00000, 0x00000000b4d00000| Untracked 
| 846|0x00000000b4e00000, 0x00000000b4e00000, 0x00000000b4f00000|  0%| F|  |TAMS 0x00000000b4e00000, 0x00000000b4e00000| Untracked 
| 847|0x00000000b4f00000, 0x00000000b4f00000, 0x00000000b5000000|  0%| F|  |TAMS 0x00000000b4f00000, 0x00000000b4f00000| Untracked 
| 848|0x00000000b5000000, 0x00000000b5000000, 0x00000000b5100000|  0%| F|  |TAMS 0x00000000b5000000, 0x00000000b5000000| Untracked 
| 849|0x00000000b5100000, 0x00000000b5100000, 0x00000000b5200000|  0%| F|  |TAMS 0x00000000b5100000, 0x00000000b5100000| Untracked 
| 850|0x00000000b5200000, 0x00000000b5200000, 0x00000000b5300000|  0%| F|  |TAMS 0x00000000b5200000, 0x00000000b5200000| Untracked 
| 851|0x00000000b5300000, 0x00000000b5300000, 0x00000000b5400000|  0%| F|  |TAMS 0x00000000b5300000, 0x00000000b5300000| Untracked 
| 852|0x00000000b5400000, 0x00000000b5400000, 0x00000000b5500000|  0%| F|  |TAMS 0x00000000b5400000, 0x00000000b5400000| Untracked 
| 853|0x00000000b5500000, 0x00000000b5500000, 0x00000000b5600000|  0%| F|  |TAMS 0x00000000b5500000, 0x00000000b5500000| Untracked 
| 854|0x00000000b5600000, 0x00000000b5600000, 0x00000000b5700000|  0%| F|  |TAMS 0x00000000b5600000, 0x00000000b5600000| Untracked 
| 855|0x00000000b5700000, 0x00000000b5700000, 0x00000000b5800000|  0%| F|  |TAMS 0x00000000b5700000, 0x00000000b5700000| Untracked 
| 856|0x00000000b5800000, 0x00000000b5800000, 0x00000000b5900000|  0%| F|  |TAMS 0x00000000b5800000, 0x00000000b5800000| Untracked 
| 857|0x00000000b5900000, 0x00000000b5900000, 0x00000000b5a00000|  0%| F|  |TAMS 0x00000000b5900000, 0x00000000b5900000| Untracked 
| 858|0x00000000b5a00000, 0x00000000b5a00000, 0x00000000b5b00000|  0%| F|  |TAMS 0x00000000b5a00000, 0x00000000b5a00000| Untracked 
| 859|0x00000000b5b00000, 0x00000000b5b00000, 0x00000000b5c00000|  0%| F|  |TAMS 0x00000000b5b00000, 0x00000000b5b00000| Untracked 
| 860|0x00000000b5c00000, 0x00000000b5c00000, 0x00000000b5d00000|  0%| F|  |TAMS 0x00000000b5c00000, 0x00000000b5c00000| Untracked 
| 861|0x00000000b5d00000, 0x00000000b5d00000, 0x00000000b5e00000|  0%| F|  |TAMS 0x00000000b5d00000, 0x00000000b5d00000| Untracked 
| 862|0x00000000b5e00000, 0x00000000b5e00000, 0x00000000b5f00000|  0%| F|  |TAMS 0x00000000b5e00000, 0x00000000b5e00000| Untracked 
| 863|0x00000000b5f00000, 0x00000000b5f00000, 0x00000000b6000000|  0%| F|  |TAMS 0x00000000b5f00000, 0x00000000b5f00000| Untracked 
| 864|0x00000000b6000000, 0x00000000b6000000, 0x00000000b6100000|  0%| F|  |TAMS 0x00000000b6000000, 0x00000000b6000000| Untracked 
| 865|0x00000000b6100000, 0x00000000b6100000, 0x00000000b6200000|  0%| F|  |TAMS 0x00000000b6100000, 0x00000000b6100000| Untracked 
| 866|0x00000000b6200000, 0x00000000b6200000, 0x00000000b6300000|  0%| F|  |TAMS 0x00000000b6200000, 0x00000000b6200000| Untracked 
| 867|0x00000000b6300000, 0x00000000b6300000, 0x00000000b6400000|  0%| F|  |TAMS 0x00000000b6300000, 0x00000000b6300000| Untracked 
| 868|0x00000000b6400000, 0x00000000b6400000, 0x00000000b6500000|  0%| F|  |TAMS 0x00000000b6400000, 0x00000000b6400000| Untracked 
| 869|0x00000000b6500000, 0x00000000b6500000, 0x00000000b6600000|  0%| F|  |TAMS 0x00000000b6500000, 0x00000000b6500000| Untracked 
| 870|0x00000000b6600000, 0x00000000b6600000, 0x00000000b6700000|  0%| F|  |TAMS 0x00000000b6600000, 0x00000000b6600000| Untracked 
| 871|0x00000000b6700000, 0x00000000b6700000, 0x00000000b6800000|  0%| F|  |TAMS 0x00000000b6700000, 0x00000000b6700000| Untracked 
| 872|0x00000000b6800000, 0x00000000b6800000, 0x00000000b6900000|  0%| F|  |TAMS 0x00000000b6800000, 0x00000000b6800000| Untracked 
| 873|0x00000000b6900000, 0x00000000b6900000, 0x00000000b6a00000|  0%| F|  |TAMS 0x00000000b6900000, 0x00000000b6900000| Untracked 
| 874|0x00000000b6a00000, 0x00000000b6a00000, 0x00000000b6b00000|  0%| F|  |TAMS 0x00000000b6a00000, 0x00000000b6a00000| Untracked 
| 875|0x00000000b6b00000, 0x00000000b6b00000, 0x00000000b6c00000|  0%| F|  |TAMS 0x00000000b6b00000, 0x00000000b6b00000| Untracked 
| 876|0x00000000b6c00000, 0x00000000b6c00000, 0x00000000b6d00000|  0%| F|  |TAMS 0x00000000b6c00000, 0x00000000b6c00000| Untracked 
| 877|0x00000000b6d00000, 0x00000000b6d00000, 0x00000000b6e00000|  0%| F|  |TAMS 0x00000000b6d00000, 0x00000000b6d00000| Untracked 
| 878|0x00000000b6e00000, 0x00000000b6e00000, 0x00000000b6f00000|  0%| F|  |TAMS 0x00000000b6e00000, 0x00000000b6e00000| Untracked 
| 879|0x00000000b6f00000, 0x00000000b6f00000, 0x00000000b7000000|  0%| F|  |TAMS 0x00000000b6f00000, 0x00000000b6f00000| Untracked 
| 880|0x00000000b7000000, 0x00000000b7000000, 0x00000000b7100000|  0%| F|  |TAMS 0x00000000b7000000, 0x00000000b7000000| Untracked 
| 881|0x00000000b7100000, 0x00000000b7100000, 0x00000000b7200000|  0%| F|  |TAMS 0x00000000b7100000, 0x00000000b7100000| Untracked 
| 882|0x00000000b7200000, 0x00000000b7200000, 0x00000000b7300000|  0%| F|  |TAMS 0x00000000b7200000, 0x00000000b7200000| Untracked 
| 883|0x00000000b7300000, 0x00000000b7300000, 0x00000000b7400000|  0%| F|  |TAMS 0x00000000b7300000, 0x00000000b7300000| Untracked 
| 884|0x00000000b7400000, 0x00000000b7400000, 0x00000000b7500000|  0%| F|  |TAMS 0x00000000b7400000, 0x00000000b7400000| Untracked 
| 885|0x00000000b7500000, 0x00000000b7500000, 0x00000000b7600000|  0%| F|  |TAMS 0x00000000b7500000, 0x00000000b7500000| Untracked 
| 886|0x00000000b7600000, 0x00000000b7600000, 0x00000000b7700000|  0%| F|  |TAMS 0x00000000b7600000, 0x00000000b7600000| Untracked 
| 887|0x00000000b7700000, 0x00000000b7700000, 0x00000000b7800000|  0%| F|  |TAMS 0x00000000b7700000, 0x00000000b7700000| Untracked 
| 888|0x00000000b7800000, 0x00000000b7800000, 0x00000000b7900000|  0%| F|  |TAMS 0x00000000b7800000, 0x00000000b7800000| Untracked 
| 889|0x00000000b7900000, 0x00000000b7900000, 0x00000000b7a00000|  0%| F|  |TAMS 0x00000000b7900000, 0x00000000b7900000| Untracked 
| 890|0x00000000b7a00000, 0x00000000b7a00000, 0x00000000b7b00000|  0%| F|  |TAMS 0x00000000b7a00000, 0x00000000b7a00000| Untracked 
| 891|0x00000000b7b00000, 0x00000000b7b00000, 0x00000000b7c00000|  0%| F|  |TAMS 0x00000000b7b00000, 0x00000000b7b00000| Untracked 
| 892|0x00000000b7c00000, 0x00000000b7c00000, 0x00000000b7d00000|  0%| F|  |TAMS 0x00000000b7c00000, 0x00000000b7c00000| Untracked 
| 893|0x00000000b7d00000, 0x00000000b7d00000, 0x00000000b7e00000|  0%| F|  |TAMS 0x00000000b7d00000, 0x00000000b7d00000| Untracked 
| 894|0x00000000b7e00000, 0x00000000b7e00000, 0x00000000b7f00000|  0%| F|  |TAMS 0x00000000b7e00000, 0x00000000b7e00000| Untracked 
| 895|0x00000000b7f00000, 0x00000000b7f00000, 0x00000000b8000000|  0%| F|  |TAMS 0x00000000b7f00000, 0x00000000b7f00000| Untracked 
| 896|0x00000000b8000000, 0x00000000b8000000, 0x00000000b8100000|  0%| F|  |TAMS 0x00000000b8000000, 0x00000000b8000000| Untracked 
| 897|0x00000000b8100000, 0x00000000b8100000, 0x00000000b8200000|  0%| F|  |TAMS 0x00000000b8100000, 0x00000000b8100000| Untracked 
| 898|0x00000000b8200000, 0x00000000b8200000, 0x00000000b8300000|  0%| F|  |TAMS 0x00000000b8200000, 0x00000000b8200000| Untracked 
| 899|0x00000000b8300000, 0x00000000b8300000, 0x00000000b8400000|  0%| F|  |TAMS 0x00000000b8300000, 0x00000000b8300000| Untracked 
| 900|0x00000000b8400000, 0x00000000b8400000, 0x00000000b8500000|  0%| F|  |TAMS 0x00000000b8400000, 0x00000000b8400000| Untracked 
| 901|0x00000000b8500000, 0x00000000b8500000, 0x00000000b8600000|  0%| F|  |TAMS 0x00000000b8500000, 0x00000000b8500000| Untracked 
| 902|0x00000000b8600000, 0x00000000b8600000, 0x00000000b8700000|  0%| F|  |TAMS 0x00000000b8600000, 0x00000000b8600000| Untracked 
| 903|0x00000000b8700000, 0x00000000b8700000, 0x00000000b8800000|  0%| F|  |TAMS 0x00000000b8700000, 0x00000000b8700000| Untracked 
| 904|0x00000000b8800000, 0x00000000b8800000, 0x00000000b8900000|  0%| F|  |TAMS 0x00000000b8800000, 0x00000000b8800000| Untracked 
| 905|0x00000000b8900000, 0x00000000b8900000, 0x00000000b8a00000|  0%| F|  |TAMS 0x00000000b8900000, 0x00000000b8900000| Untracked 
| 906|0x00000000b8a00000, 0x00000000b8a00000, 0x00000000b8b00000|  0%| F|  |TAMS 0x00000000b8a00000, 0x00000000b8a00000| Untracked 
| 907|0x00000000b8b00000, 0x00000000b8b00000, 0x00000000b8c00000|  0%| F|  |TAMS 0x00000000b8b00000, 0x00000000b8b00000| Untracked 
| 908|0x00000000b8c00000, 0x00000000b8c00000, 0x00000000b8d00000|  0%| F|  |TAMS 0x00000000b8c00000, 0x00000000b8c00000| Untracked 
| 909|0x00000000b8d00000, 0x00000000b8d00000, 0x00000000b8e00000|  0%| F|  |TAMS 0x00000000b8d00000, 0x00000000b8d00000| Untracked 
| 910|0x00000000b8e00000, 0x00000000b8e00000, 0x00000000b8f00000|  0%| F|  |TAMS 0x00000000b8e00000, 0x00000000b8e00000| Untracked 
| 911|0x00000000b8f00000, 0x00000000b8f00000, 0x00000000b9000000|  0%| F|  |TAMS 0x00000000b8f00000, 0x00000000b8f00000| Untracked 
| 912|0x00000000b9000000, 0x00000000b9000000, 0x00000000b9100000|  0%| F|  |TAMS 0x00000000b9000000, 0x00000000b9000000| Untracked 
| 913|0x00000000b9100000, 0x00000000b9100000, 0x00000000b9200000|  0%| F|  |TAMS 0x00000000b9100000, 0x00000000b9100000| Untracked 
| 914|0x00000000b9200000, 0x00000000b9200000, 0x00000000b9300000|  0%| F|  |TAMS 0x00000000b9200000, 0x00000000b9200000| Untracked 
| 915|0x00000000b9300000, 0x00000000b9300000, 0x00000000b9400000|  0%| F|  |TAMS 0x00000000b9300000, 0x00000000b9300000| Untracked 
| 916|0x00000000b9400000, 0x00000000b9400000, 0x00000000b9500000|  0%| F|  |TAMS 0x00000000b9400000, 0x00000000b9400000| Untracked 
| 917|0x00000000b9500000, 0x00000000b9500000, 0x00000000b9600000|  0%| F|  |TAMS 0x00000000b9500000, 0x00000000b9500000| Untracked 
| 918|0x00000000b9600000, 0x00000000b9600000, 0x00000000b9700000|  0%| F|  |TAMS 0x00000000b9600000, 0x00000000b9600000| Untracked 
| 919|0x00000000b9700000, 0x00000000b9700000, 0x00000000b9800000|  0%| F|  |TAMS 0x00000000b9700000, 0x00000000b9700000| Untracked 
| 920|0x00000000b9800000, 0x00000000b9800000, 0x00000000b9900000|  0%| F|  |TAMS 0x00000000b9800000, 0x00000000b9800000| Untracked 
| 921|0x00000000b9900000, 0x00000000b9900000, 0x00000000b9a00000|  0%| F|  |TAMS 0x00000000b9900000, 0x00000000b9900000| Untracked 
| 922|0x00000000b9a00000, 0x00000000b9a00000, 0x00000000b9b00000|  0%| F|  |TAMS 0x00000000b9a00000, 0x00000000b9a00000| Untracked 
| 923|0x00000000b9b00000, 0x00000000b9b00000, 0x00000000b9c00000|  0%| F|  |TAMS 0x00000000b9b00000, 0x00000000b9b00000| Untracked 
| 924|0x00000000b9c00000, 0x00000000b9c00000, 0x00000000b9d00000|  0%| F|  |TAMS 0x00000000b9c00000, 0x00000000b9c00000| Untracked 
| 925|0x00000000b9d00000, 0x00000000b9d00000, 0x00000000b9e00000|  0%| F|  |TAMS 0x00000000b9d00000, 0x00000000b9d00000| Untracked 
| 926|0x00000000b9e00000, 0x00000000b9e00000, 0x00000000b9f00000|  0%| F|  |TAMS 0x00000000b9e00000, 0x00000000b9e00000| Untracked 
| 927|0x00000000b9f00000, 0x00000000b9f00000, 0x00000000ba000000|  0%| F|  |TAMS 0x00000000b9f00000, 0x00000000b9f00000| Untracked 
| 928|0x00000000ba000000, 0x00000000ba000000, 0x00000000ba100000|  0%| F|  |TAMS 0x00000000ba000000, 0x00000000ba000000| Untracked 
| 929|0x00000000ba100000, 0x00000000ba100000, 0x00000000ba200000|  0%| F|  |TAMS 0x00000000ba100000, 0x00000000ba100000| Untracked 
| 930|0x00000000ba200000, 0x00000000ba200000, 0x00000000ba300000|  0%| F|  |TAMS 0x00000000ba200000, 0x00000000ba200000| Untracked 
| 931|0x00000000ba300000, 0x00000000ba300000, 0x00000000ba400000|  0%| F|  |TAMS 0x00000000ba300000, 0x00000000ba300000| Untracked 
| 932|0x00000000ba400000, 0x00000000ba400000, 0x00000000ba500000|  0%| F|  |TAMS 0x00000000ba400000, 0x00000000ba400000| Untracked 
| 933|0x00000000ba500000, 0x00000000ba500000, 0x00000000ba600000|  0%| F|  |TAMS 0x00000000ba500000, 0x00000000ba500000| Untracked 
| 934|0x00000000ba600000, 0x00000000ba600000, 0x00000000ba700000|  0%| F|  |TAMS 0x00000000ba600000, 0x00000000ba600000| Untracked 
| 935|0x00000000ba700000, 0x00000000ba700000, 0x00000000ba800000|  0%| F|  |TAMS 0x00000000ba700000, 0x00000000ba700000| Untracked 
| 936|0x00000000ba800000, 0x00000000ba800000, 0x00000000ba900000|  0%| F|  |TAMS 0x00000000ba800000, 0x00000000ba800000| Untracked 
| 937|0x00000000ba900000, 0x00000000ba900000, 0x00000000baa00000|  0%| F|  |TAMS 0x00000000ba900000, 0x00000000ba900000| Untracked 
| 938|0x00000000baa00000, 0x00000000baa00000, 0x00000000bab00000|  0%| F|  |TAMS 0x00000000baa00000, 0x00000000baa00000| Untracked 
| 939|0x00000000bab00000, 0x00000000bab00000, 0x00000000bac00000|  0%| F|  |TAMS 0x00000000bab00000, 0x00000000bab00000| Untracked 
| 940|0x00000000bac00000, 0x00000000bac00000, 0x00000000bad00000|  0%| F|  |TAMS 0x00000000bac00000, 0x00000000bac00000| Untracked 
| 941|0x00000000bad00000, 0x00000000bad00000, 0x00000000bae00000|  0%| F|  |TAMS 0x00000000bad00000, 0x00000000bad00000| Untracked 
| 942|0x00000000bae00000, 0x00000000bae00000, 0x00000000baf00000|  0%| F|  |TAMS 0x00000000bae00000, 0x00000000bae00000| Untracked 
| 943|0x00000000baf00000, 0x00000000baf00000, 0x00000000bb000000|  0%| F|  |TAMS 0x00000000baf00000, 0x00000000baf00000| Untracked 
| 944|0x00000000bb000000, 0x00000000bb000000, 0x00000000bb100000|  0%| F|  |TAMS 0x00000000bb000000, 0x00000000bb000000| Untracked 
| 945|0x00000000bb100000, 0x00000000bb100000, 0x00000000bb200000|  0%| F|  |TAMS 0x00000000bb100000, 0x00000000bb100000| Untracked 
| 946|0x00000000bb200000, 0x00000000bb200000, 0x00000000bb300000|  0%| F|  |TAMS 0x00000000bb200000, 0x00000000bb200000| Untracked 
| 947|0x00000000bb300000, 0x00000000bb300000, 0x00000000bb400000|  0%| F|  |TAMS 0x00000000bb300000, 0x00000000bb300000| Untracked 
| 948|0x00000000bb400000, 0x00000000bb400000, 0x00000000bb500000|  0%| F|  |TAMS 0x00000000bb400000, 0x00000000bb400000| Untracked 
| 949|0x00000000bb500000, 0x00000000bb500000, 0x00000000bb600000|  0%| F|  |TAMS 0x00000000bb500000, 0x00000000bb500000| Untracked 
| 950|0x00000000bb600000, 0x00000000bb600000, 0x00000000bb700000|  0%| F|  |TAMS 0x00000000bb600000, 0x00000000bb600000| Untracked 
| 951|0x00000000bb700000, 0x00000000bb700000, 0x00000000bb800000|  0%| F|  |TAMS 0x00000000bb700000, 0x00000000bb700000| Untracked 
| 952|0x00000000bb800000, 0x00000000bb800000, 0x00000000bb900000|  0%| F|  |TAMS 0x00000000bb800000, 0x00000000bb800000| Untracked 
| 953|0x00000000bb900000, 0x00000000bb900000, 0x00000000bba00000|  0%| F|  |TAMS 0x00000000bb900000, 0x00000000bb900000| Untracked 
| 954|0x00000000bba00000, 0x00000000bba00000, 0x00000000bbb00000|  0%| F|  |TAMS 0x00000000bba00000, 0x00000000bba00000| Untracked 
| 955|0x00000000bbb00000, 0x00000000bbb00000, 0x00000000bbc00000|  0%| F|  |TAMS 0x00000000bbb00000, 0x00000000bbb00000| Untracked 
| 956|0x00000000bbc00000, 0x00000000bbc00000, 0x00000000bbd00000|  0%| F|  |TAMS 0x00000000bbc00000, 0x00000000bbc00000| Untracked 
| 957|0x00000000bbd00000, 0x00000000bbd00000, 0x00000000bbe00000|  0%| F|  |TAMS 0x00000000bbd00000, 0x00000000bbd00000| Untracked 
| 958|0x00000000bbe00000, 0x00000000bbe00000, 0x00000000bbf00000|  0%| F|  |TAMS 0x00000000bbe00000, 0x00000000bbe00000| Untracked 
| 959|0x00000000bbf00000, 0x00000000bbf00000, 0x00000000bc000000|  0%| F|  |TAMS 0x00000000bbf00000, 0x00000000bbf00000| Untracked 
| 960|0x00000000bc000000, 0x00000000bc000000, 0x00000000bc100000|  0%| F|  |TAMS 0x00000000bc000000, 0x00000000bc000000| Untracked 
| 961|0x00000000bc100000, 0x00000000bc100000, 0x00000000bc200000|  0%| F|  |TAMS 0x00000000bc100000, 0x00000000bc100000| Untracked 
| 962|0x00000000bc200000, 0x00000000bc200000, 0x00000000bc300000|  0%| F|  |TAMS 0x00000000bc200000, 0x00000000bc200000| Untracked 
| 963|0x00000000bc300000, 0x00000000bc300000, 0x00000000bc400000|  0%| F|  |TAMS 0x00000000bc300000, 0x00000000bc300000| Untracked 
| 964|0x00000000bc400000, 0x00000000bc400000, 0x00000000bc500000|  0%| F|  |TAMS 0x00000000bc400000, 0x00000000bc400000| Untracked 
| 965|0x00000000bc500000, 0x00000000bc500000, 0x00000000bc600000|  0%| F|  |TAMS 0x00000000bc500000, 0x00000000bc500000| Untracked 
| 966|0x00000000bc600000, 0x00000000bc600000, 0x00000000bc700000|  0%| F|  |TAMS 0x00000000bc600000, 0x00000000bc600000| Untracked 
| 967|0x00000000bc700000, 0x00000000bc700000, 0x00000000bc800000|  0%| F|  |TAMS 0x00000000bc700000, 0x00000000bc700000| Untracked 
| 968|0x00000000bc800000, 0x00000000bc800000, 0x00000000bc900000|  0%| F|  |TAMS 0x00000000bc800000, 0x00000000bc800000| Untracked 
| 969|0x00000000bc900000, 0x00000000bc900000, 0x00000000bca00000|  0%| F|  |TAMS 0x00000000bc900000, 0x00000000bc900000| Untracked 
| 970|0x00000000bca00000, 0x00000000bca00000, 0x00000000bcb00000|  0%| F|  |TAMS 0x00000000bca00000, 0x00000000bca00000| Untracked 
| 971|0x00000000bcb00000, 0x00000000bcb00000, 0x00000000bcc00000|  0%| F|  |TAMS 0x00000000bcb00000, 0x00000000bcb00000| Untracked 
| 972|0x00000000bcc00000, 0x00000000bcc00000, 0x00000000bcd00000|  0%| F|  |TAMS 0x00000000bcc00000, 0x00000000bcc00000| Untracked 
| 973|0x00000000bcd00000, 0x00000000bcd00000, 0x00000000bce00000|  0%| F|  |TAMS 0x00000000bcd00000, 0x00000000bcd00000| Untracked 
| 974|0x00000000bce00000, 0x00000000bce00000, 0x00000000bcf00000|  0%| F|  |TAMS 0x00000000bce00000, 0x00000000bce00000| Untracked 
| 975|0x00000000bcf00000, 0x00000000bcf00000, 0x00000000bd000000|  0%| F|  |TAMS 0x00000000bcf00000, 0x00000000bcf00000| Untracked 
| 976|0x00000000bd000000, 0x00000000bd000000, 0x00000000bd100000|  0%| F|  |TAMS 0x00000000bd000000, 0x00000000bd000000| Untracked 
| 977|0x00000000bd100000, 0x00000000bd100000, 0x00000000bd200000|  0%| F|  |TAMS 0x00000000bd100000, 0x00000000bd100000| Untracked 
| 978|0x00000000bd200000, 0x00000000bd200000, 0x00000000bd300000|  0%| F|  |TAMS 0x00000000bd200000, 0x00000000bd200000| Untracked 
| 979|0x00000000bd300000, 0x00000000bd300000, 0x00000000bd400000|  0%| F|  |TAMS 0x00000000bd300000, 0x00000000bd300000| Untracked 
| 980|0x00000000bd400000, 0x00000000bd400000, 0x00000000bd500000|  0%| F|  |TAMS 0x00000000bd400000, 0x00000000bd400000| Untracked 
| 981|0x00000000bd500000, 0x00000000bd500000, 0x00000000bd600000|  0%| F|  |TAMS 0x00000000bd500000, 0x00000000bd500000| Untracked 
| 982|0x00000000bd600000, 0x00000000bd600000, 0x00000000bd700000|  0%| F|  |TAMS 0x00000000bd600000, 0x00000000bd600000| Untracked 
| 983|0x00000000bd700000, 0x00000000bd700000, 0x00000000bd800000|  0%| F|  |TAMS 0x00000000bd700000, 0x00000000bd700000| Untracked 
| 984|0x00000000bd800000, 0x00000000bd800000, 0x00000000bd900000|  0%| F|  |TAMS 0x00000000bd800000, 0x00000000bd800000| Untracked 
| 985|0x00000000bd900000, 0x00000000bd900000, 0x00000000bda00000|  0%| F|  |TAMS 0x00000000bd900000, 0x00000000bd900000| Untracked 
| 986|0x00000000bda00000, 0x00000000bda00000, 0x00000000bdb00000|  0%| F|  |TAMS 0x00000000bda00000, 0x00000000bda00000| Untracked 
| 987|0x00000000bdb00000, 0x00000000bdb00000, 0x00000000bdc00000|  0%| F|  |TAMS 0x00000000bdb00000, 0x00000000bdb00000| Untracked 
| 988|0x00000000bdc00000, 0x00000000bdc00000, 0x00000000bdd00000|  0%| F|  |TAMS 0x00000000bdc00000, 0x00000000bdc00000| Untracked 
| 989|0x00000000bdd00000, 0x00000000bdd00000, 0x00000000bde00000|  0%| F|  |TAMS 0x00000000bdd00000, 0x00000000bdd00000| Untracked 
| 990|0x00000000bde00000, 0x00000000bde00000, 0x00000000bdf00000|  0%| F|  |TAMS 0x00000000bde00000, 0x00000000bde00000| Untracked 
| 991|0x00000000bdf00000, 0x00000000bdf00000, 0x00000000be000000|  0%| F|  |TAMS 0x00000000bdf00000, 0x00000000bdf00000| Untracked 
| 992|0x00000000be000000, 0x00000000be000000, 0x00000000be100000|  0%| F|  |TAMS 0x00000000be000000, 0x00000000be000000| Untracked 
| 993|0x00000000be100000, 0x00000000be100000, 0x00000000be200000|  0%| F|  |TAMS 0x00000000be100000, 0x00000000be100000| Untracked 
| 994|0x00000000be200000, 0x00000000be200000, 0x00000000be300000|  0%| F|  |TAMS 0x00000000be200000, 0x00000000be200000| Untracked 
| 995|0x00000000be300000, 0x00000000be300000, 0x00000000be400000|  0%| F|  |TAMS 0x00000000be300000, 0x00000000be300000| Untracked 
| 996|0x00000000be400000, 0x00000000be400000, 0x00000000be500000|  0%| F|  |TAMS 0x00000000be400000, 0x00000000be400000| Untracked 
| 997|0x00000000be500000, 0x00000000be500000, 0x00000000be600000|  0%| F|  |TAMS 0x00000000be500000, 0x00000000be500000| Untracked 
| 998|0x00000000be600000, 0x00000000be600000, 0x00000000be700000|  0%| F|  |TAMS 0x00000000be600000, 0x00000000be600000| Untracked 
| 999|0x00000000be700000, 0x00000000be700000, 0x00000000be800000|  0%| F|  |TAMS 0x00000000be700000, 0x00000000be700000| Untracked 
|1000|0x00000000be800000, 0x00000000be800000, 0x00000000be900000|  0%| F|  |TAMS 0x00000000be800000, 0x00000000be800000| Untracked 
|1001|0x00000000be900000, 0x00000000be900000, 0x00000000bea00000|  0%| F|  |TAMS 0x00000000be900000, 0x00000000be900000| Untracked 
|1002|0x00000000bea00000, 0x00000000bea00000, 0x00000000beb00000|  0%| F|  |TAMS 0x00000000bea00000, 0x00000000bea00000| Untracked 
|1003|0x00000000beb00000, 0x00000000beb00000, 0x00000000bec00000|  0%| F|  |TAMS 0x00000000beb00000, 0x00000000beb00000| Untracked 
|1004|0x00000000bec00000, 0x00000000bec00000, 0x00000000bed00000|  0%| F|  |TAMS 0x00000000bec00000, 0x00000000bec00000| Untracked 
|1005|0x00000000bed00000, 0x00000000bed00000, 0x00000000bee00000|  0%| F|  |TAMS 0x00000000bed00000, 0x00000000bed00000| Untracked 
|1006|0x00000000bee00000, 0x00000000bee00000, 0x00000000bef00000|  0%| F|  |TAMS 0x00000000bee00000, 0x00000000bee00000| Untracked 
|1007|0x00000000bef00000, 0x00000000bef00000, 0x00000000bf000000|  0%| F|  |TAMS 0x00000000bef00000, 0x00000000bef00000| Untracked 
|1008|0x00000000bf000000, 0x00000000bf000000, 0x00000000bf100000|  0%| F|  |TAMS 0x00000000bf000000, 0x00000000bf000000| Untracked 
|1009|0x00000000bf100000, 0x00000000bf100000, 0x00000000bf200000|  0%| F|  |TAMS 0x00000000bf100000, 0x00000000bf100000| Untracked 
|1010|0x00000000bf200000, 0x00000000bf200000, 0x00000000bf300000|  0%| F|  |TAMS 0x00000000bf200000, 0x00000000bf200000| Untracked 
|1011|0x00000000bf300000, 0x00000000bf300000, 0x00000000bf400000|  0%| F|  |TAMS 0x00000000bf300000, 0x00000000bf300000| Untracked 
|1012|0x00000000bf400000, 0x00000000bf400000, 0x00000000bf500000|  0%| F|  |TAMS 0x00000000bf400000, 0x00000000bf400000| Untracked 
|1013|0x00000000bf500000, 0x00000000bf500000, 0x00000000bf600000|  0%| F|  |TAMS 0x00000000bf500000, 0x00000000bf500000| Untracked 
|1014|0x00000000bf600000, 0x00000000bf600000, 0x00000000bf700000|  0%| F|  |TAMS 0x00000000bf600000, 0x00000000bf600000| Untracked 
|1015|0x00000000bf700000, 0x00000000bf700000, 0x00000000bf800000|  0%| F|  |TAMS 0x00000000bf700000, 0x00000000bf700000| Untracked 
|1016|0x00000000bf800000, 0x00000000bf800000, 0x00000000bf900000|  0%| F|  |TAMS 0x00000000bf800000, 0x00000000bf800000| Untracked 
|1017|0x00000000bf900000, 0x00000000bf900000, 0x00000000bfa00000|  0%| F|  |TAMS 0x00000000bf900000, 0x00000000bf900000| Untracked 
|1018|0x00000000bfa00000, 0x00000000bfa00000, 0x00000000bfb00000|  0%| F|  |TAMS 0x00000000bfa00000, 0x00000000bfa00000| Untracked 
|1019|0x00000000bfb00000, 0x00000000bfb00000, 0x00000000bfc00000|  0%| F|  |TAMS 0x00000000bfb00000, 0x00000000bfb00000| Untracked 
|1020|0x00000000bfc00000, 0x00000000bfc00000, 0x00000000bfd00000|  0%| F|  |TAMS 0x00000000bfc00000, 0x00000000bfc00000| Untracked 
|1021|0x00000000bfd00000, 0x00000000bfd00000, 0x00000000bfe00000|  0%| F|  |TAMS 0x00000000bfd00000, 0x00000000bfd00000| Untracked 
|1022|0x00000000bfe00000, 0x00000000bfe00000, 0x00000000bff00000|  0%| F|  |TAMS 0x00000000bfe00000, 0x00000000bfe00000| Untracked 
|1023|0x00000000bff00000, 0x00000000bff00000, 0x00000000c0000000|  0%| F|  |TAMS 0x00000000bff00000, 0x00000000bff00000| Untracked 
|1024|0x00000000c0000000, 0x00000000c0000000, 0x00000000c0100000|  0%| F|  |TAMS 0x00000000c0000000, 0x00000000c0000000| Untracked 
|1025|0x00000000c0100000, 0x00000000c0100000, 0x00000000c0200000|  0%| F|  |TAMS 0x00000000c0100000, 0x00000000c0100000| Untracked 
|1026|0x00000000c0200000, 0x00000000c0200000, 0x00000000c0300000|  0%| F|  |TAMS 0x00000000c0200000, 0x00000000c0200000| Untracked 
|1027|0x00000000c0300000, 0x00000000c0300000, 0x00000000c0400000|  0%| F|  |TAMS 0x00000000c0300000, 0x00000000c0300000| Untracked 
|1028|0x00000000c0400000, 0x00000000c0400000, 0x00000000c0500000|  0%| F|  |TAMS 0x00000000c0400000, 0x00000000c0400000| Untracked 
|1029|0x00000000c0500000, 0x00000000c0500000, 0x00000000c0600000|  0%| F|  |TAMS 0x00000000c0500000, 0x00000000c0500000| Untracked 
|1030|0x00000000c0600000, 0x00000000c0600000, 0x00000000c0700000|  0%| F|  |TAMS 0x00000000c0600000, 0x00000000c0600000| Untracked 
|1031|0x00000000c0700000, 0x00000000c0700000, 0x00000000c0800000|  0%| F|  |TAMS 0x00000000c0700000, 0x00000000c0700000| Untracked 
|1032|0x00000000c0800000, 0x00000000c0800000, 0x00000000c0900000|  0%| F|  |TAMS 0x00000000c0800000, 0x00000000c0800000| Untracked 
|1033|0x00000000c0900000, 0x00000000c0900000, 0x00000000c0a00000|  0%| F|  |TAMS 0x00000000c0900000, 0x00000000c0900000| Untracked 
|1034|0x00000000c0a00000, 0x00000000c0a00000, 0x00000000c0b00000|  0%| F|  |TAMS 0x00000000c0a00000, 0x00000000c0a00000| Untracked 
|1035|0x00000000c0b00000, 0x00000000c0b00000, 0x00000000c0c00000|  0%| F|  |TAMS 0x00000000c0b00000, 0x00000000c0b00000| Untracked 
|1036|0x00000000c0c00000, 0x00000000c0c00000, 0x00000000c0d00000|  0%| F|  |TAMS 0x00000000c0c00000, 0x00000000c0c00000| Untracked 
|1037|0x00000000c0d00000, 0x00000000c0d00000, 0x00000000c0e00000|  0%| F|  |TAMS 0x00000000c0d00000, 0x00000000c0d00000| Untracked 
|1038|0x00000000c0e00000, 0x00000000c0e00000, 0x00000000c0f00000|  0%| F|  |TAMS 0x00000000c0e00000, 0x00000000c0e00000| Untracked 
|1039|0x00000000c0f00000, 0x00000000c0f00000, 0x00000000c1000000|  0%| F|  |TAMS 0x00000000c0f00000, 0x00000000c0f00000| Untracked 
|1040|0x00000000c1000000, 0x00000000c1000000, 0x00000000c1100000|  0%| F|  |TAMS 0x00000000c1000000, 0x00000000c1000000| Untracked 
|1041|0x00000000c1100000, 0x00000000c1100000, 0x00000000c1200000|  0%| F|  |TAMS 0x00000000c1100000, 0x00000000c1100000| Untracked 
|1042|0x00000000c1200000, 0x00000000c1200000, 0x00000000c1300000|  0%| F|  |TAMS 0x00000000c1200000, 0x00000000c1200000| Untracked 
|1043|0x00000000c1300000, 0x00000000c1300000, 0x00000000c1400000|  0%| F|  |TAMS 0x00000000c1300000, 0x00000000c1300000| Untracked 
|1044|0x00000000c1400000, 0x00000000c1400000, 0x00000000c1500000|  0%| F|  |TAMS 0x00000000c1400000, 0x00000000c1400000| Untracked 
|1045|0x00000000c1500000, 0x00000000c1500000, 0x00000000c1600000|  0%| F|  |TAMS 0x00000000c1500000, 0x00000000c1500000| Untracked 
|1046|0x00000000c1600000, 0x00000000c1600000, 0x00000000c1700000|  0%| F|  |TAMS 0x00000000c1600000, 0x00000000c1600000| Untracked 
|1047|0x00000000c1700000, 0x00000000c1700000, 0x00000000c1800000|  0%| F|  |TAMS 0x00000000c1700000, 0x00000000c1700000| Untracked 
|1048|0x00000000c1800000, 0x00000000c1800000, 0x00000000c1900000|  0%| F|  |TAMS 0x00000000c1800000, 0x00000000c1800000| Untracked 
|1049|0x00000000c1900000, 0x00000000c1900000, 0x00000000c1a00000|  0%| F|  |TAMS 0x00000000c1900000, 0x00000000c1900000| Untracked 
|1050|0x00000000c1a00000, 0x00000000c1a00000, 0x00000000c1b00000|  0%| F|  |TAMS 0x00000000c1a00000, 0x00000000c1a00000| Untracked 
|1051|0x00000000c1b00000, 0x00000000c1b00000, 0x00000000c1c00000|  0%| F|  |TAMS 0x00000000c1b00000, 0x00000000c1b00000| Untracked 
|1052|0x00000000c1c00000, 0x00000000c1c00000, 0x00000000c1d00000|  0%| F|  |TAMS 0x00000000c1c00000, 0x00000000c1c00000| Untracked 
|1053|0x00000000c1d00000, 0x00000000c1d00000, 0x00000000c1e00000|  0%| F|  |TAMS 0x00000000c1d00000, 0x00000000c1d00000| Untracked 
|1054|0x00000000c1e00000, 0x00000000c1e00000, 0x00000000c1f00000|  0%| F|  |TAMS 0x00000000c1e00000, 0x00000000c1e00000| Untracked 
|1055|0x00000000c1f00000, 0x00000000c1f00000, 0x00000000c2000000|  0%| F|  |TAMS 0x00000000c1f00000, 0x00000000c1f00000| Untracked 
|1056|0x00000000c2000000, 0x00000000c2000000, 0x00000000c2100000|  0%| F|  |TAMS 0x00000000c2000000, 0x00000000c2000000| Untracked 
|1057|0x00000000c2100000, 0x00000000c2100000, 0x00000000c2200000|  0%| F|  |TAMS 0x00000000c2100000, 0x00000000c2100000| Untracked 
|1058|0x00000000c2200000, 0x00000000c2200000, 0x00000000c2300000|  0%| F|  |TAMS 0x00000000c2200000, 0x00000000c2200000| Untracked 
|1059|0x00000000c2300000, 0x00000000c2300000, 0x00000000c2400000|  0%| F|  |TAMS 0x00000000c2300000, 0x00000000c2300000| Untracked 
|1060|0x00000000c2400000, 0x00000000c2400000, 0x00000000c2500000|  0%| F|  |TAMS 0x00000000c2400000, 0x00000000c2400000| Untracked 
|1061|0x00000000c2500000, 0x00000000c2500000, 0x00000000c2600000|  0%| F|  |TAMS 0x00000000c2500000, 0x00000000c2500000| Untracked 
|1062|0x00000000c2600000, 0x00000000c2600000, 0x00000000c2700000|  0%| F|  |TAMS 0x00000000c2600000, 0x00000000c2600000| Untracked 
|1063|0x00000000c2700000, 0x00000000c2700000, 0x00000000c2800000|  0%| F|  |TAMS 0x00000000c2700000, 0x00000000c2700000| Untracked 
|1064|0x00000000c2800000, 0x00000000c2800000, 0x00000000c2900000|  0%| F|  |TAMS 0x00000000c2800000, 0x00000000c2800000| Untracked 
|1065|0x00000000c2900000, 0x00000000c2900000, 0x00000000c2a00000|  0%| F|  |TAMS 0x00000000c2900000, 0x00000000c2900000| Untracked 
|1066|0x00000000c2a00000, 0x00000000c2a00000, 0x00000000c2b00000|  0%| F|  |TAMS 0x00000000c2a00000, 0x00000000c2a00000| Untracked 
|1067|0x00000000c2b00000, 0x00000000c2b00000, 0x00000000c2c00000|  0%| F|  |TAMS 0x00000000c2b00000, 0x00000000c2b00000| Untracked 
|1068|0x00000000c2c00000, 0x00000000c2c00000, 0x00000000c2d00000|  0%| F|  |TAMS 0x00000000c2c00000, 0x00000000c2c00000| Untracked 
|1069|0x00000000c2d00000, 0x00000000c2d00000, 0x00000000c2e00000|  0%| F|  |TAMS 0x00000000c2d00000, 0x00000000c2d00000| Untracked 
|1070|0x00000000c2e00000, 0x00000000c2e00000, 0x00000000c2f00000|  0%| F|  |TAMS 0x00000000c2e00000, 0x00000000c2e00000| Untracked 
|1071|0x00000000c2f00000, 0x00000000c2f00000, 0x00000000c3000000|  0%| F|  |TAMS 0x00000000c2f00000, 0x00000000c2f00000| Untracked 
|1072|0x00000000c3000000, 0x00000000c3000000, 0x00000000c3100000|  0%| F|  |TAMS 0x00000000c3000000, 0x00000000c3000000| Untracked 
|1073|0x00000000c3100000, 0x00000000c3100000, 0x00000000c3200000|  0%| F|  |TAMS 0x00000000c3100000, 0x00000000c3100000| Untracked 
|1074|0x00000000c3200000, 0x00000000c3238ce8, 0x00000000c3300000| 22%| S|CS|TAMS 0x00000000c3200000, 0x00000000c3200000| Complete 
|1075|0x00000000c3300000, 0x00000000c3300000, 0x00000000c3400000|  0%| F|  |TAMS 0x00000000c3300000, 0x00000000c3300000| Untracked 
|1076|0x00000000c3400000, 0x00000000c3500000, 0x00000000c3500000|100%| S|CS|TAMS 0x00000000c3400000, 0x00000000c3400000| Complete 
|1077|0x00000000c3500000, 0x00000000c3600000, 0x00000000c3600000|100%| S|CS|TAMS 0x00000000c3500000, 0x00000000c3500000| Complete 
|1078|0x00000000c3600000, 0x00000000c3600000, 0x00000000c3700000|  0%| F|  |TAMS 0x00000000c3600000, 0x00000000c3600000| Untracked 
|1079|0x00000000c3700000, 0x00000000c3700000, 0x00000000c3800000|  0%| F|  |TAMS 0x00000000c3700000, 0x00000000c3700000| Untracked 
|1080|0x00000000c3800000, 0x00000000c3800000, 0x00000000c3900000|  0%| F|  |TAMS 0x00000000c3800000, 0x00000000c3800000| Untracked 
|1081|0x00000000c3900000, 0x00000000c3900000, 0x00000000c3a00000|  0%| F|  |TAMS 0x00000000c3900000, 0x00000000c3900000| Untracked 
|1082|0x00000000c3a00000, 0x00000000c3a00000, 0x00000000c3b00000|  0%| F|  |TAMS 0x00000000c3a00000, 0x00000000c3a00000| Untracked 
|1083|0x00000000c3b00000, 0x00000000c3b00000, 0x00000000c3c00000|  0%| F|  |TAMS 0x00000000c3b00000, 0x00000000c3b00000| Untracked 
|1084|0x00000000c3c00000, 0x00000000c3c00000, 0x00000000c3d00000|  0%| F|  |TAMS 0x00000000c3c00000, 0x00000000c3c00000| Untracked 
|1085|0x00000000c3d00000, 0x00000000c3d00000, 0x00000000c3e00000|  0%| F|  |TAMS 0x00000000c3d00000, 0x00000000c3d00000| Untracked 
|1086|0x00000000c3e00000, 0x00000000c3e00000, 0x00000000c3f00000|  0%| F|  |TAMS 0x00000000c3e00000, 0x00000000c3e00000| Untracked 
|1087|0x00000000c3f00000, 0x00000000c3f00000, 0x00000000c4000000|  0%| F|  |TAMS 0x00000000c3f00000, 0x00000000c3f00000| Untracked 
|1088|0x00000000c4000000, 0x00000000c4000000, 0x00000000c4100000|  0%| F|  |TAMS 0x00000000c4000000, 0x00000000c4000000| Untracked 
|1089|0x00000000c4100000, 0x00000000c4100000, 0x00000000c4200000|  0%| F|  |TAMS 0x00000000c4100000, 0x00000000c4100000| Untracked 
|1090|0x00000000c4200000, 0x00000000c4200000, 0x00000000c4300000|  0%| F|  |TAMS 0x00000000c4200000, 0x00000000c4200000| Untracked 
|1091|0x00000000c4300000, 0x00000000c4300000, 0x00000000c4400000|  0%| F|  |TAMS 0x00000000c4300000, 0x00000000c4300000| Untracked 
|1092|0x00000000c4400000, 0x00000000c4400000, 0x00000000c4500000|  0%| F|  |TAMS 0x00000000c4400000, 0x00000000c4400000| Untracked 
|1093|0x00000000c4500000, 0x00000000c4500000, 0x00000000c4600000|  0%| F|  |TAMS 0x00000000c4500000, 0x00000000c4500000| Untracked 
|1094|0x00000000c4600000, 0x00000000c4600000, 0x00000000c4700000|  0%| F|  |TAMS 0x00000000c4600000, 0x00000000c4600000| Untracked 
|1095|0x00000000c4700000, 0x00000000c4700000, 0x00000000c4800000|  0%| F|  |TAMS 0x00000000c4700000, 0x00000000c4700000| Untracked 
|1096|0x00000000c4800000, 0x00000000c4800000, 0x00000000c4900000|  0%| F|  |TAMS 0x00000000c4800000, 0x00000000c4800000| Untracked 
|1097|0x00000000c4900000, 0x00000000c4900000, 0x00000000c4a00000|  0%| F|  |TAMS 0x00000000c4900000, 0x00000000c4900000| Untracked 
|1098|0x00000000c4a00000, 0x00000000c4a00000, 0x00000000c4b00000|  0%| F|  |TAMS 0x00000000c4a00000, 0x00000000c4a00000| Untracked 
|1099|0x00000000c4b00000, 0x00000000c4c00000, 0x00000000c4c00000|100%| E|  |TAMS 0x00000000c4b00000, 0x00000000c4b00000| Complete 
|1100|0x00000000c4c00000, 0x00000000c4d00000, 0x00000000c4d00000|100%| E|CS|TAMS 0x00000000c4c00000, 0x00000000c4c00000| Complete 
|1101|0x00000000c4d00000, 0x00000000c4e00000, 0x00000000c4e00000|100%| E|CS|TAMS 0x00000000c4d00000, 0x00000000c4d00000| Complete 
|1102|0x00000000c4e00000, 0x00000000c4f00000, 0x00000000c4f00000|100%| E|CS|TAMS 0x00000000c4e00000, 0x00000000c4e00000| Complete 
|1103|0x00000000c4f00000, 0x00000000c5000000, 0x00000000c5000000|100%| E|CS|TAMS 0x00000000c4f00000, 0x00000000c4f00000| Complete 
|1104|0x00000000c5000000, 0x00000000c5100000, 0x00000000c5100000|100%| E|CS|TAMS 0x00000000c5000000, 0x00000000c5000000| Complete 
|1105|0x00000000c5100000, 0x00000000c5200000, 0x00000000c5200000|100%| E|CS|TAMS 0x00000000c5100000, 0x00000000c5100000| Complete 
|1106|0x00000000c5200000, 0x00000000c5300000, 0x00000000c5300000|100%| E|CS|TAMS 0x00000000c5200000, 0x00000000c5200000| Complete 
|1107|0x00000000c5300000, 0x00000000c5400000, 0x00000000c5400000|100%| E|CS|TAMS 0x00000000c5300000, 0x00000000c5300000| Complete 
|1108|0x00000000c5400000, 0x00000000c5500000, 0x00000000c5500000|100%| E|CS|TAMS 0x00000000c5400000, 0x00000000c5400000| Complete 
|1109|0x00000000c5500000, 0x00000000c5600000, 0x00000000c5600000|100%| E|CS|TAMS 0x00000000c5500000, 0x00000000c5500000| Complete 
|1110|0x00000000c5600000, 0x00000000c5700000, 0x00000000c5700000|100%| E|CS|TAMS 0x00000000c5600000, 0x00000000c5600000| Complete 
|1111|0x00000000c5700000, 0x00000000c5800000, 0x00000000c5800000|100%| E|CS|TAMS 0x00000000c5700000, 0x00000000c5700000| Complete 
|1112|0x00000000c5800000, 0x00000000c5900000, 0x00000000c5900000|100%| E|CS|TAMS 0x00000000c5800000, 0x00000000c5800000| Complete 
|1113|0x00000000c5900000, 0x00000000c5a00000, 0x00000000c5a00000|100%| E|CS|TAMS 0x00000000c5900000, 0x00000000c5900000| Complete 
|1114|0x00000000c5a00000, 0x00000000c5b00000, 0x00000000c5b00000|100%| E|CS|TAMS 0x00000000c5a00000, 0x00000000c5a00000| Complete 
|1115|0x00000000c5b00000, 0x00000000c5c00000, 0x00000000c5c00000|100%| E|CS|TAMS 0x00000000c5b00000, 0x00000000c5b00000| Complete 
|1116|0x00000000c5c00000, 0x00000000c5d00000, 0x00000000c5d00000|100%| E|CS|TAMS 0x00000000c5c00000, 0x00000000c5c00000| Complete 
|1117|0x00000000c5d00000, 0x00000000c5e00000, 0x00000000c5e00000|100%| E|CS|TAMS 0x00000000c5d00000, 0x00000000c5d00000| Complete 
|1118|0x00000000c5e00000, 0x00000000c5f00000, 0x00000000c5f00000|100%| E|CS|TAMS 0x00000000c5e00000, 0x00000000c5e00000| Complete 
|1119|0x00000000c5f00000, 0x00000000c6000000, 0x00000000c6000000|100%| E|CS|TAMS 0x00000000c5f00000, 0x00000000c5f00000| Complete 
|1120|0x00000000c6000000, 0x00000000c6100000, 0x00000000c6100000|100%| E|CS|TAMS 0x00000000c6000000, 0x00000000c6000000| Complete 
|1121|0x00000000c6100000, 0x00000000c6200000, 0x00000000c6200000|100%| E|CS|TAMS 0x00000000c6100000, 0x00000000c6100000| Complete 
|1122|0x00000000c6200000, 0x00000000c6300000, 0x00000000c6300000|100%| E|CS|TAMS 0x00000000c6200000, 0x00000000c6200000| Complete 
|1123|0x00000000c6300000, 0x00000000c6400000, 0x00000000c6400000|100%| E|CS|TAMS 0x00000000c6300000, 0x00000000c6300000| Complete 
|1124|0x00000000c6400000, 0x00000000c6500000, 0x00000000c6500000|100%| E|CS|TAMS 0x00000000c6400000, 0x00000000c6400000| Complete 
|1125|0x00000000c6500000, 0x00000000c6600000, 0x00000000c6600000|100%| E|CS|TAMS 0x00000000c6500000, 0x00000000c6500000| Complete 
|1126|0x00000000c6600000, 0x00000000c6700000, 0x00000000c6700000|100%| E|CS|TAMS 0x00000000c6600000, 0x00000000c6600000| Complete 
|1127|0x00000000c6700000, 0x00000000c6800000, 0x00000000c6800000|100%| E|CS|TAMS 0x00000000c6700000, 0x00000000c6700000| Complete 
|1128|0x00000000c6800000, 0x00000000c6900000, 0x00000000c6900000|100%| E|CS|TAMS 0x00000000c6800000, 0x00000000c6800000| Complete 
|1129|0x00000000c6900000, 0x00000000c6a00000, 0x00000000c6a00000|100%| E|CS|TAMS 0x00000000c6900000, 0x00000000c6900000| Complete 
|1130|0x00000000c6a00000, 0x00000000c6b00000, 0x00000000c6b00000|100%| E|CS|TAMS 0x00000000c6a00000, 0x00000000c6a00000| Complete 
|1131|0x00000000c6b00000, 0x00000000c6c00000, 0x00000000c6c00000|100%| E|CS|TAMS 0x00000000c6b00000, 0x00000000c6b00000| Complete 
|1132|0x00000000c6c00000, 0x00000000c6d00000, 0x00000000c6d00000|100%| E|CS|TAMS 0x00000000c6c00000, 0x00000000c6c00000| Complete 

Card table byte_map: [0x0000019cc78c0000,0x0000019cc7cc0000] _byte_map_base: 0x0000019cc74c0000

Marking Bits (Prev, Next): (CMBitMap*) 0x0000019cb0469e80, (CMBitMap*) 0x0000019cb0469e40
 Prev Bits: [0x0000019cca0c0000, 0x0000019ccc0c0000)
 Next Bits: [0x0000019cc80c0000, 0x0000019cca0c0000)

Polling page: 0x0000019cafbc0000

Metaspace:

Usage:
  Non-class:    163.24 MB used.
      Class:     25.59 MB used.
       Both:    188.83 MB used.

Virtual space:
  Non-class space:      192.00 MB reserved,     165.12 MB ( 86%) committed,  3 nodes.
      Class space:      416.00 MB reserved,      27.19 MB (  7%) committed,  1 nodes.
             Both:      608.00 MB reserved,     192.31 MB ( 32%) committed. 

Chunk freelists:
   Non-Class:  10.78 MB
       Class:  4.69 MB
        Both:  15.47 MB

MaxMetaspaceSize: 512.00 MB
CompressedClassSpaceSize: 416.00 MB
Initial GC threshold: 21.00 MB
Current GC threshold: 291.88 MB
CDS: on
MetaspaceReclaimPolicy: balanced
 - commit_granule_bytes: 65536.
 - commit_granule_words: 8192.
 - virtual_space_node_default_size: 8388608.
 - enlarge_chunks_in_place: 1.
 - new_chunks_are_fully_committed: 0.
 - uncommit_free_chunks: 1.
 - use_allocation_guard: 0.
 - handle_deallocations: 1.


Internal statistics:

num_allocs_failed_limit: 9.
num_arena_births: 5400.
num_arena_deaths: 14.
num_vsnodes_births: 4.
num_vsnodes_deaths: 0.
num_space_committed: 3079.
num_space_uncommitted: 3.
num_chunks_returned_to_freelist: 63.
num_chunks_taken_from_freelist: 15185.
num_chunk_merges: 12.
num_chunk_splits: 9277.
num_chunks_enlarged: 5135.
num_inconsistent_stats: 0.

CodeHeap 'non-profiled nmethods': size=120000Kb used=31365Kb max_used=31365Kb free=88634Kb
 bounds [0x0000019cbfa40000, 0x0000019cc18f0000, 0x0000019cc6f70000]
CodeHeap 'profiled nmethods': size=120000Kb used=66434Kb max_used=66434Kb free=53566Kb
 bounds [0x0000019cb7f70000, 0x0000019cbc060000, 0x0000019cbf4a0000]
CodeHeap 'non-nmethods': size=5760Kb used=1920Kb max_used=2009Kb free=3840Kb
 bounds [0x0000019cbf4a0000, 0x0000019cbf710000, 0x0000019cbfa40000]
 total_blobs=33767 nmethods=32729 adapters=948
 compilation: enabled
              stopped_count=0, restarted_count=0
 full_count=0

Compilation events (20 events):
Event: 524.843 Thread 0x0000019cced27b20 42540       3       com.android.tools.r8.internal.W9::a (37 bytes)
Event: 524.850 Thread 0x0000019cced27b20 nmethod 42540 0x0000019cbc02a890 code [0x0000019cbc02aac0, 0x0000019cbc02b348]
Event: 524.850 Thread 0x0000019cced27b20 42541       3       com.android.tools.r8.internal.J9$$Lambda$3857/0x0000019cd1738660::<init> (32 bytes)
Event: 524.852 Thread 0x0000019cced27b20 nmethod 42541 0x0000019cbc02b610 code [0x0000019cbc02b7c0, 0x0000019cbc02baf8]
Event: 524.852 Thread 0x0000019cced27b20 42542       3       com.android.tools.r8.internal.J9$$Lambda$3857/0x0000019cd1738660::apply (32 bytes)
Event: 524.852 Thread 0x0000019cced27b20 nmethod 42542 0x0000019cbc02bb90 code [0x0000019cbc02bd40, 0x0000019cbc02c0c8]
Event: 524.852 Thread 0x0000019cced27b20 42543       3       com.android.tools.r8.internal.J9::a (68 bytes)
Event: 524.855 Thread 0x0000019cced27b20 nmethod 42543 0x0000019cbc02c190 code [0x0000019cbc02c400, 0x0000019cbc02cf38]
Event: 524.861 Thread 0x0000019cced27b20 42545       3       com.android.tools.r8.internal.J9::b (24 bytes)
Event: 524.871 Thread 0x0000019cced27b20 nmethod 42545 0x0000019cbc02d310 code [0x0000019cbc02d540, 0x0000019cbc02ddb8]
Event: 524.907 Thread 0x0000019cced27b20 42546       3       com.android.tools.r8.internal.W9$$Lambda$3856/0x0000019cd1738430::apply (16 bytes)
Event: 524.911 Thread 0x0000019cced27b20 nmethod 42546 0x0000019cbc02e110 code [0x0000019cbc02e340, 0x0000019cbc02ecf8]
Event: 524.911 Thread 0x0000019cced27b20 42547       3       com.android.tools.r8.internal.W9::a (31 bytes)
Event: 524.911 Thread 0x0000019cced27b20 nmethod 42547 0x0000019cbc02f010 code [0x0000019cbc02f1e0, 0x0000019cbc02f468]
Event: 524.911 Thread 0x0000019cced27b20 42548       3       com.android.tools.r8.internal.wB::b (38 bytes)
Event: 524.914 Thread 0x0000019cced27b20 nmethod 42548 0x0000019cbc02f610 code [0x0000019cbc02f800, 0x0000019cbc02fb68]
Event: 524.914 Thread 0x0000019cced27b20 42549       3       com.android.tools.r8.internal.NE::<init> (66 bytes)
Event: 525.754 Thread 0x0000019cced27b20 nmethod 42549 0x0000019cbc02fd90 code [0x0000019cbc02ffa0, 0x0000019cbc030908]
Event: 525.754 Thread 0x0000019cced27b20 42550       3       com.android.tools.r8.internal.NE::Z0 (5 bytes)
Event: 525.755 Thread 0x0000019cced27b20 nmethod 42550 0x0000019cbc030c10 code [0x0000019cbc030e00, 0x0000019cbc0313c8]

GC Heap History (20 events):
Event: 435.478 GC heap before
{Heap before GC invocations=130 (full 0):
 garbage-first heap   total 925696K, used 601068K [0x0000000080000000, 0x0000000100000000)
  region size 1024K, 45 young (46080K), 6 survivors (6144K)
 Metaspace       used 193241K, committed 196736K, reserved 622592K
  class space    used 26202K, committed 27840K, reserved 425984K
}
Event: 436.319 GC heap after
{Heap after GC invocations=131 (full 0):
 garbage-first heap   total 925696K, used 565630K [0x0000000080000000, 0x0000000100000000)
  region size 1024K, 6 young (6144K), 6 survivors (6144K)
 Metaspace       used 193241K, committed 196736K, reserved 622592K
  class space    used 26202K, committed 27840K, reserved 425984K
}
Event: 443.703 GC heap before
{Heap before GC invocations=131 (full 0):
 garbage-first heap   total 925696K, used 604542K [0x0000000080000000, 0x0000000100000000)
  region size 1024K, 45 young (46080K), 6 survivors (6144K)
 Metaspace       used 193264K, committed 196736K, reserved 622592K
  class space    used 26205K, committed 27840K, reserved 425984K
}
Event: 444.153 GC heap after
{Heap after GC invocations=132 (full 0):
 garbage-first heap   total 925696K, used 566375K [0x0000000080000000, 0x0000000100000000)
  region size 1024K, 2 young (2048K), 2 survivors (2048K)
 Metaspace       used 193264K, committed 196736K, reserved 622592K
  class space    used 26205K, committed 27840K, reserved 425984K
}
Event: 449.686 GC heap before
{Heap before GC invocations=132 (full 0):
 garbage-first heap   total 925696K, used 614503K [0x0000000080000000, 0x0000000100000000)
  region size 1024K, 49 young (50176K), 2 survivors (2048K)
 Metaspace       used 193269K, committed 196800K, reserved 622592K
  class space    used 26205K, committed 27840K, reserved 425984K
}
Event: 450.794 GC heap after
{Heap after GC invocations=133 (full 0):
 garbage-first heap   total 925696K, used 566073K [0x0000000080000000, 0x0000000100000000)
  region size 1024K, 1 young (1024K), 1 survivors (1024K)
 Metaspace       used 193269K, committed 196800K, reserved 622592K
  class space    used 26205K, committed 27840K, reserved 425984K
}
Event: 459.293 GC heap before
{Heap before GC invocations=133 (full 0):
 garbage-first heap   total 925696K, used 611129K [0x0000000080000000, 0x0000000100000000)
  region size 1024K, 45 young (46080K), 1 survivors (1024K)
 Metaspace       used 193271K, committed 196800K, reserved 622592K
  class space    used 26205K, committed 27840K, reserved 425984K
}
Event: 461.092 GC heap after
{Heap after GC invocations=134 (full 0):
 garbage-first heap   total 925696K, used 566036K [0x0000000080000000, 0x0000000100000000)
  region size 1024K, 1 young (1024K), 1 survivors (1024K)
 Metaspace       used 193271K, committed 196800K, reserved 622592K
  class space    used 26205K, committed 27840K, reserved 425984K
}
Event: 469.578 GC heap before
{Heap before GC invocations=134 (full 0):
 garbage-first heap   total 925696K, used 631572K [0x0000000080000000, 0x0000000100000000)
  region size 1024K, 65 young (66560K), 1 survivors (1024K)
 Metaspace       used 193273K, committed 196800K, reserved 622592K
  class space    used 26205K, committed 27840K, reserved 425984K
}
Event: 470.597 GC heap after
{Heap after GC invocations=135 (full 0):
 garbage-first heap   total 1160192K, used 566099K [0x0000000080000000, 0x0000000100000000)
  region size 1024K, 1 young (1024K), 1 survivors (1024K)
 Metaspace       used 193273K, committed 196800K, reserved 622592K
  class space    used 26205K, committed 27840K, reserved 425984K
}
Event: 493.110 GC heap before
{Heap before GC invocations=135 (full 0):
 garbage-first heap   total 1160192K, used 622419K [0x0000000080000000, 0x0000000100000000)
  region size 1024K, 56 young (57344K), 1 survivors (1024K)
 Metaspace       used 193281K, committed 196800K, reserved 622592K
  class space    used 26205K, committed 27840K, reserved 425984K
}
Event: 493.488 GC heap after
{Heap after GC invocations=136 (full 0):
 garbage-first heap   total 1160192K, used 566429K [0x0000000080000000, 0x0000000100000000)
  region size 1024K, 2 young (2048K), 2 survivors (2048K)
 Metaspace       used 193281K, committed 196800K, reserved 622592K
  class space    used 26205K, committed 27840K, reserved 425984K
}
Event: 498.335 GC heap before
{Heap before GC invocations=136 (full 0):
 garbage-first heap   total 1160192K, used 621725K [0x0000000080000000, 0x0000000100000000)
  region size 1024K, 56 young (57344K), 2 survivors (2048K)
 Metaspace       used 193303K, committed 196800K, reserved 622592K
  class space    used 26205K, committed 27840K, reserved 425984K
}
Event: 502.600 GC heap after
{Heap after GC invocations=137 (full 0):
 garbage-first heap   total 1160192K, used 566746K [0x0000000080000000, 0x0000000100000000)
  region size 1024K, 2 young (2048K), 2 survivors (2048K)
 Metaspace       used 193303K, committed 196800K, reserved 622592K
  class space    used 26205K, committed 27840K, reserved 425984K
}
Event: 516.226 GC heap before
{Heap before GC invocations=137 (full 0):
 garbage-first heap   total 1160192K, used 622042K [0x0000000080000000, 0x0000000100000000)
  region size 1024K, 56 young (57344K), 2 survivors (2048K)
 Metaspace       used 193305K, committed 196800K, reserved 622592K
  class space    used 26205K, committed 27840K, reserved 425984K
}
Event: 516.813 GC heap after
{Heap after GC invocations=138 (full 0):
 garbage-first heap   total 1160192K, used 567036K [0x0000000080000000, 0x0000000100000000)
  region size 1024K, 2 young (2048K), 2 survivors (2048K)
 Metaspace       used 193305K, committed 196800K, reserved 622592K
  class space    used 26205K, committed 27840K, reserved 425984K
}
Event: 522.920 GC heap before
{Heap before GC invocations=138 (full 0):
 garbage-first heap   total 1160192K, used 622332K [0x0000000080000000, 0x0000000100000000)
  region size 1024K, 56 young (57344K), 2 survivors (2048K)
 Metaspace       used 193314K, committed 196800K, reserved 622592K
  class space    used 26205K, committed 27840K, reserved 425984K
}
Event: 522.951 GC heap after
{Heap after GC invocations=139 (full 0):
 garbage-first heap   total 1160192K, used 567267K [0x0000000080000000, 0x0000000100000000)
  region size 1024K, 2 young (2048K), 2 survivors (2048K)
 Metaspace       used 193314K, committed 196800K, reserved 622592K
  class space    used 26205K, committed 27840K, reserved 425984K
}
Event: 524.768 GC heap before
{Heap before GC invocations=139 (full 0):
 garbage-first heap   total 1160192K, used 622563K [0x0000000080000000, 0x0000000100000000)
  region size 1024K, 56 young (57344K), 2 survivors (2048K)
 Metaspace       used 193331K, committed 196864K, reserved 622592K
  class space    used 26205K, committed 27840K, reserved 425984K
}
Event: 524.780 GC heap after
{Heap after GC invocations=140 (full 0):
 garbage-first heap   total 1160192K, used 567523K [0x0000000080000000, 0x0000000100000000)
  region size 1024K, 3 young (3072K), 3 survivors (3072K)
 Metaspace       used 193331K, committed 196864K, reserved 622592K
  class space    used 26205K, committed 27840K, reserved 425984K
}

Dll operation events (16 events):
Event: 0.011 Loaded shared library E:\android_studio\java_17\jdk-17.0.18+8\bin\java.dll
Event: 0.027 Loaded shared library E:\android_studio\java_17\jdk-17.0.18+8\bin\jsvml.dll
Event: 0.067 Loaded shared library E:\android_studio\java_17\jdk-17.0.18+8\bin\zip.dll
Event: 0.070 Loaded shared library E:\android_studio\java_17\jdk-17.0.18+8\bin\instrument.dll
Event: 0.074 Loaded shared library E:\android_studio\java_17\jdk-17.0.18+8\bin\net.dll
Event: 0.075 Loaded shared library E:\android_studio\java_17\jdk-17.0.18+8\bin\nio.dll
Event: 0.077 Loaded shared library E:\android_studio\java_17\jdk-17.0.18+8\bin\zip.dll
Event: 0.226 Loaded shared library E:\android_studio\java_17\jdk-17.0.18+8\bin\jimage.dll
Event: 0.420 Loaded shared library E:\android_studio\java_17\jdk-17.0.18+8\bin\verify.dll
Event: 0.449 Loaded shared library E:\GradleCache\native\1def1411415f61bf3af743bc5b6707747c0891f09f0c88961ee8f79bc544acac\windows-amd64\native-platform.dll
Event: 0.463 Loaded shared library E:\GradleCache\native\0.2.8\x86_64-windows-gnu\gradle-fileevents.dll
Event: 1.279 Loaded shared library E:\android_studio\java_17\jdk-17.0.18+8\bin\management.dll
Event: 1.280 Loaded shared library E:\android_studio\java_17\jdk-17.0.18+8\bin\management_ext.dll
Event: 1.573 Loaded shared library E:\android_studio\java_17\jdk-17.0.18+8\bin\extnet.dll
Event: 1.845 Loaded shared library E:\android_studio\java_17\jdk-17.0.18+8\bin\sunmscapi.dll
Event: 148.021 Loaded shared library E:\android_studio\java_17\jdk-17.0.18+8\bin\rmi.dll

Deoptimization events (20 events):
Event: 521.773 Thread 0x0000019cf04f96d0 Uncommon trap: trap_request=0xffffffbe fr.pc=0x0000019cc17d78b4 relative=0x0000000000005af4
Event: 521.773 Thread 0x0000019cf04f96d0 Uncommon trap: reason=profile_predicate action=maybe_recompile pc=0x0000019cc17d78b4 method=com.android.tools.r8.internal.rT.b()V @ 894 c2
Event: 521.773 Thread 0x0000019cf04f96d0 DEOPT PACKING pc=0x0000019cc17d78b4 sp=0x000000671aff94a0
Event: 521.774 Thread 0x0000019cf04f96d0 DEOPT UNPACKING pc=0x0000019cbf4f69a3 sp=0x000000671aff9488 mode 2
Event: 522.848 Thread 0x0000019cf04f96d0 Uncommon trap: trap_request=0xffffffbe fr.pc=0x0000019cc17d78b4 relative=0x0000000000005af4
Event: 522.848 Thread 0x0000019cf04f96d0 Uncommon trap: reason=profile_predicate action=maybe_recompile pc=0x0000019cc17d78b4 method=com.android.tools.r8.internal.rT.b()V @ 894 c2
Event: 522.848 Thread 0x0000019cf04f96d0 DEOPT PACKING pc=0x0000019cc17d78b4 sp=0x000000671aff94a0
Event: 522.853 Thread 0x0000019cf04f96d0 DEOPT UNPACKING pc=0x0000019cbf4f69a3 sp=0x000000671aff9488 mode 2
Event: 522.982 Thread 0x0000019cf04f96d0 Uncommon trap: trap_request=0xffffffbe fr.pc=0x0000019cc187f888 relative=0x0000000000006aa8
Event: 522.982 Thread 0x0000019cf04f96d0 Uncommon trap: reason=profile_predicate action=maybe_recompile pc=0x0000019cc187f888 method=com.android.tools.r8.internal.rT.b()V @ 244 c2
Event: 522.982 Thread 0x0000019cf04f96d0 DEOPT PACKING pc=0x0000019cc187f888 sp=0x000000671aff94a0
Event: 522.982 Thread 0x0000019cf04f96d0 DEOPT UNPACKING pc=0x0000019cbf4f69a3 sp=0x000000671aff9480 mode 2
Event: 523.121 Thread 0x0000019cf04f96d0 Uncommon trap: trap_request=0xffffffbe fr.pc=0x0000019cc187f888 relative=0x0000000000006aa8
Event: 523.121 Thread 0x0000019cf04f96d0 Uncommon trap: reason=profile_predicate action=maybe_recompile pc=0x0000019cc187f888 method=com.android.tools.r8.internal.rT.b()V @ 244 c2
Event: 523.122 Thread 0x0000019cf04f96d0 DEOPT PACKING pc=0x0000019cc187f888 sp=0x000000671aff94a0
Event: 523.125 Thread 0x0000019cf04f96d0 DEOPT UNPACKING pc=0x0000019cbf4f69a3 sp=0x000000671aff9480 mode 2
Event: 523.563 Thread 0x0000019cf04f96d0 Uncommon trap: trap_request=0xffffffbe fr.pc=0x0000019cc17d78b4 relative=0x0000000000005af4
Event: 523.563 Thread 0x0000019cf04f96d0 Uncommon trap: reason=profile_predicate action=maybe_recompile pc=0x0000019cc17d78b4 method=com.android.tools.r8.internal.rT.b()V @ 894 c2
Event: 523.563 Thread 0x0000019cf04f96d0 DEOPT PACKING pc=0x0000019cc17d78b4 sp=0x000000671aff94a0
Event: 523.563 Thread 0x0000019cf04f96d0 DEOPT UNPACKING pc=0x0000019cbf4f69a3 sp=0x000000671aff9488 mode 2

Classes loaded (20 events):
Event: 220.437 Loading class org/w3c/dom/ls/DOMImplementationLS
Event: 220.437 Loading class org/w3c/dom/ls/DOMImplementationLS done
Event: 220.437 Loading class com/sun/org/apache/xerces/internal/dom/CoreDOMImplementationImpl done
Event: 220.437 Loading class com/sun/org/apache/xerces/internal/dom/DOMImplementationImpl done
Event: 222.748 Loading class sun/nio/cs/UTF_16$Encoder
Event: 222.749 Loading class sun/nio/cs/UnicodeEncoder
Event: 222.749 Loading class sun/nio/cs/UnicodeEncoder done
Event: 222.749 Loading class sun/nio/cs/UTF_16$Encoder done
Event: 222.754 Loading class sun/nio/cs/UTF_16$Decoder
Event: 222.754 Loading class sun/nio/cs/UnicodeDecoder
Event: 222.754 Loading class sun/nio/cs/UnicodeDecoder done
Event: 222.754 Loading class sun/nio/cs/UTF_16$Decoder done
Event: 235.538 Loading class jdk/internal/reflect/UnsafeQualifiedBooleanFieldAccessorImpl
Event: 235.539 Loading class jdk/internal/reflect/UnsafeQualifiedBooleanFieldAccessorImpl done
Event: 241.104 Loading class jdk/internal/reflect/UnsafeByteFieldAccessorImpl
Event: 241.104 Loading class jdk/internal/reflect/UnsafeByteFieldAccessorImpl done
Event: 314.086 Loading class java/util/concurrent/Executors$FinalizableDelegatedExecutorService
Event: 314.174 Loading class java/util/concurrent/Executors$DelegatedExecutorService
Event: 314.197 Loading class java/util/concurrent/Executors$DelegatedExecutorService done
Event: 314.199 Loading class java/util/concurrent/Executors$FinalizableDelegatedExecutorService done

Classes unloaded (20 events):
Event: 162.552 Thread 0x0000019ccecfa2d0 Unloading class 0x0000019cd18bb800 'jdk/internal/jimage/ImageHeader'
Event: 162.552 Thread 0x0000019ccecfa2d0 Unloading class 0x0000019cd18badc8 'jdk/internal/jimage/BasicImageReader$2'
Event: 162.552 Thread 0x0000019ccecfa2d0 Unloading class 0x0000019cd18bab98 'jdk/internal/jimage/BasicImageReader$1'
Event: 162.552 Thread 0x0000019ccecfa2d0 Unloading class 0x0000019cd18ba930 'jdk/internal/jimage/ImageReader$Resource'
Event: 162.552 Thread 0x0000019ccecfa2d0 Unloading class 0x0000019cd18ba6c8 'jdk/internal/jimage/ImageReader$LinkNode'
Event: 162.552 Thread 0x0000019ccecfa2d0 Unloading class 0x0000019cd18ba460 'jdk/internal/jimage/ImageReader$Directory'
Event: 162.552 Thread 0x0000019ccecfa2d0 Unloading class 0x0000019cd18ba1f8 'jdk/internal/jimage/ImageReader$Node'
Event: 162.552 Thread 0x0000019ccecfa2d0 Unloading class 0x0000019cd18ba000 'jdk/internal/jimage/ImageStrings'
Event: 162.552 Thread 0x0000019ccecfa2d0 Unloading class 0x0000019cd18b9b50 'jdk/internal/jimage/ImageReader$SharedImageReader'
Event: 162.552 Thread 0x0000019ccecfa2d0 Unloading class 0x0000019cd18b9890 'jdk/internal/jimage/BasicImageReader'
Event: 162.552 Thread 0x0000019ccecfa2d0 Unloading class 0x0000019cd18b9670 'jdk/internal/jimage/ImageReader'
Event: 162.552 Thread 0x0000019ccecfa2d0 Unloading class 0x0000019cd18b9448 'jdk/internal/jrtfs/SystemImage$2'
Event: 162.552 Thread 0x0000019ccecfa2d0 Unloading class 0x0000019cd18b9230 'jdk/internal/jrtfs/SystemImage$$Lambda$4370+0x0000019cd18b9230'
Event: 162.552 Thread 0x0000019ccecfa2d0 Unloading class 0x0000019cd18b9000 'jdk/internal/jrtfs/ExplodedImage'
Event: 162.552 Thread 0x0000019ccecfa2d0 Unloading class 0x0000019cd18b8dc8 'jdk/internal/jrtfs/SystemImage$1'
Event: 162.552 Thread 0x0000019ccecfa2d0 Unloading class 0x0000019cd18b8bb0 'jdk/internal/jrtfs/SystemImage'
Event: 162.552 Thread 0x0000019ccecfa2d0 Unloading class 0x0000019cd18b8950 'jdk/internal/jrtfs/JrtFileStore'
Event: 162.552 Thread 0x0000019ccecfa2d0 Unloading class 0x0000019cd18b85d8 'jdk/internal/jrtfs/JrtPath'
Event: 162.552 Thread 0x0000019ccecfa2d0 Unloading class 0x0000019cd18b82e0 'jdk/internal/jrtfs/JrtFileSystem'
Event: 162.552 Thread 0x0000019ccecfa2d0 Unloading class 0x0000019cd18b8000 'jdk/internal/jrtfs/JrtFileSystemProvider'

Classes redefined (0 events):
No events

Internal exceptions (20 events):
Event: 423.632 Thread 0x0000019cf076a4f0 Exception <a 'sun/nio/fs/WindowsException'{0x00000000b706dd88}> (0x00000000b706dd88) 
thrown [s\src\hotspot\share\prims\jni.cpp, line 516]
Event: 423.731 Thread 0x0000019cfac209c0 Exception <a 'sun/nio/fs/WindowsException'{0x00000000b709ae88}> (0x00000000b709ae88) 
thrown [s\src\hotspot\share\prims\jni.cpp, line 516]
Event: 423.734 Thread 0x0000019cf0769fe0 Exception <a 'sun/nio/fs/WindowsException'{0x00000000b70bbca8}> (0x00000000b70bbca8) 
thrown [s\src\hotspot\share\prims\jni.cpp, line 516]
Event: 423.777 Thread 0x0000019cf0769fe0 Exception <a 'sun/nio/fs/WindowsException'{0x00000000b6f0fdf8}> (0x00000000b6f0fdf8) 
thrown [s\src\hotspot\share\prims\jni.cpp, line 516]
Event: 423.988 Thread 0x0000019cfac209c0 Exception <a 'sun/nio/fs/WindowsException'{0x00000000b6f7e470}> (0x00000000b6f7e470) 
thrown [s\src\hotspot\share\prims\jni.cpp, line 516]
Event: 437.639 Thread 0x0000019cfac1aea0 Exception <a 'sun/nio/fs/WindowsException'{0x00000000b86adea8}> (0x00000000b86adea8) 
thrown [s\src\hotspot\share\prims\jni.cpp, line 516]
Event: 439.381 Thread 0x0000019ceffea9b0 Exception <a 'sun/nio/fs/WindowsException'{0x00000000b83847d0}> (0x00000000b83847d0) 
thrown [s\src\hotspot\share\prims\jni.cpp, line 516]
Event: 471.022 Thread 0x0000019cf04f8290 Exception <a 'sun/nio/fs/WindowsException'{0x00000000c6c09350}> (0x00000000c6c09350) 
thrown [s\src\hotspot\share\prims\jni.cpp, line 516]
Event: 471.853 Thread 0x0000019cf04f8290 Exception <a 'sun/nio/fs/WindowsException'{0x00000000c6403df8}> (0x00000000c6403df8) 
thrown [s\src\hotspot\share\prims\jni.cpp, line 516]
Event: 485.681 Thread 0x0000019cf04f8290 Exception <a 'sun/nio/fs/WindowsException'{0x00000000c4b05400}> (0x00000000c4b05400) 
thrown [s\src\hotspot\share\prims\jni.cpp, line 516]
Event: 490.979 Thread 0x0000019cf04f8290 Exception <a 'sun/nio/fs/WindowsException'{0x00000000c400ab38}> (0x00000000c400ab38) 
thrown [s\src\hotspot\share\prims\jni.cpp, line 516]
Event: 491.022 Thread 0x0000019cf04f8290 Exception <a 'sun/nio/fs/WindowsException'{0x00000000c400ba68}> (0x00000000c400ba68) 
thrown [s\src\hotspot\share\prims\jni.cpp, line 516]
Event: 491.028 Thread 0x0000019cf04f8290 Exception <a 'sun/nio/fs/WindowsException'{0x00000000c400bc60}> (0x00000000c400bc60) 
thrown [s\src\hotspot\share\prims\jni.cpp, line 516]
Event: 491.044 Thread 0x0000019cfac209c0 Exception <a 'sun/nio/fs/WindowsException'{0x00000000c5493550}> (0x00000000c5493550) 
thrown [s\src\hotspot\share\prims\jni.cpp, line 516]
Event: 491.201 Thread 0x0000019cf04f8290 Exception <a 'sun/nio/fs/WindowsException'{0x00000000c3e0ff30}> (0x00000000c3e0ff30) 
thrown [s\src\hotspot\share\prims\jni.cpp, line 516]
Event: 491.205 Thread 0x0000019cf04f8290 Exception <a 'sun/nio/fs/WindowsException'{0x00000000c3d07938}> (0x00000000c3d07938) 
thrown [s\src\hotspot\share\prims\jni.cpp, line 516]
Event: 491.407 Thread 0x0000019cfac209c0 Exception <a 'sun/nio/fs/WindowsException'{0x00000000c3ca1fd0}> (0x00000000c3ca1fd0) 
thrown [s\src\hotspot\share\prims\jni.cpp, line 516]
Event: 495.472 Thread 0x0000019cf076a4f0 Exception <a 'sun/nio/fs/WindowsException'{0x00000000c4d01418}> (0x00000000c4d01418) 
thrown [s\src\hotspot\share\prims\jni.cpp, line 516]
Event: 511.013 Thread 0x0000019cf076a4f0 Exception <a 'sun/nio/fs/WindowsException'{0x00000000c58056d0}> (0x00000000c58056d0) 
thrown [s\src\hotspot\share\prims\jni.cpp, line 516]
Event: 517.662 Thread 0x0000019cf076a4f0 Exception <a 'sun/nio/fs/WindowsException'{0x00000000c6802a70}> (0x00000000c6802a70) 
thrown [s\src\hotspot\share\prims\jni.cpp, line 516]

VM Operations (20 events):
Event: 509.187 Executing VM operation: Cleanup
Event: 509.484 Executing VM operation: Cleanup done
Event: 514.486 Executing VM operation: Cleanup
Event: 514.526 Executing VM operation: Cleanup done
Event: 515.526 Executing VM operation: Cleanup
Event: 515.543 Executing VM operation: Cleanup done
Event: 516.189 Executing VM operation: G1CollectForAllocation
Event: 516.814 Executing VM operation: G1CollectForAllocation done
Event: 518.813 Executing VM operation: Cleanup
Event: 518.892 Executing VM operation: Cleanup done
Event: 519.893 Executing VM operation: Cleanup
Event: 520.022 Executing VM operation: Cleanup done
Event: 521.023 Executing VM operation: Cleanup
Event: 521.114 Executing VM operation: Cleanup done
Event: 522.114 Executing VM operation: Cleanup
Event: 522.126 Executing VM operation: Cleanup done
Event: 522.916 Executing VM operation: G1CollectForAllocation
Event: 522.951 Executing VM operation: G1CollectForAllocation done
Event: 524.766 Executing VM operation: G1CollectForAllocation
Event: 524.780 Executing VM operation: G1CollectForAllocation done

Memory protections (0 events):
No events

Nmethod flushes (20 events):
Event: 336.639 Thread 0x0000019cced29050 flushing  nmethod 0x0000019cbbc82f10
Event: 336.642 Thread 0x0000019cced29050 flushing  nmethod 0x0000019cbbc8be10
Event: 336.670 Thread 0x0000019cced29050 flushing  nmethod 0x0000019cbbce4d10
Event: 336.676 Thread 0x0000019cced29050 flushing  nmethod 0x0000019cbbcf0f10
Event: 336.677 Thread 0x0000019cced29050 flushing  nmethod 0x0000019cbbcf1310
Event: 336.707 Thread 0x0000019cced29050 flushing  nmethod 0x0000019cbbd71410
Event: 336.730 Thread 0x0000019cced29050 flushing  nmethod 0x0000019cbbdb4e90
Event: 336.731 Thread 0x0000019cced29050 flushing  nmethod 0x0000019cbbdb9a10
Event: 336.842 Thread 0x0000019cced29050 flushing  nmethod 0x0000019cbbf8a990
Event: 336.848 Thread 0x0000019cced29050 flushing  nmethod 0x0000019cbbfa3d90
Event: 336.851 Thread 0x0000019cced29050 flushing  nmethod 0x0000019cbbfafe90
Event: 336.851 Thread 0x0000019cced29050 flushing  nmethod 0x0000019cbbfb0e10
Event: 336.857 Thread 0x0000019cced29050 flushing  nmethod 0x0000019cbbfca490
Event: 336.858 Thread 0x0000019cced29050 flushing  nmethod 0x0000019cbbfca810
Event: 336.858 Thread 0x0000019cced29050 flushing  nmethod 0x0000019cbbfcb390
Event: 336.859 Thread 0x0000019cced29050 flushing  nmethod 0x0000019cbbfccf90
Event: 495.311 Thread 0x0000019cced29050 flushing  nmethod 0x0000019cb88d2090
Event: 503.198 Thread 0x0000019cced29050 flushing  nmethod 0x0000019cb8b02990
Event: 504.273 Thread 0x0000019cced29050 flushing  nmethod 0x0000019cb8b25a90
Event: 522.889 Thread 0x0000019cced29050 flushing  nmethod 0x0000019cb9243010

Events (20 events):
Event: 250.764 Thread 0x0000019cfe0112e0 Thread added: 0x0000019cfe012720
Event: 251.737 Thread 0x0000019cfb13df70 Thread exited: 0x0000019cfb13df70
Event: 253.246 Thread 0x0000019cced27b20 Thread added: 0x0000019cff0dc6e0
Event: 253.504 Thread 0x0000019cff0dc6e0 Thread exited: 0x0000019cff0dc6e0
Event: 255.545 Thread 0x0000019cf0767c70 Thread exited: 0x0000019cf0767c70
Event: 256.382 Thread 0x0000019cced27b20 Thread added: 0x0000019cff0d91c0
Event: 257.311 Thread 0x0000019cff0d91c0 Thread exited: 0x0000019cff0d91c0
Event: 315.662 Thread 0x0000019cfac1c7f0 Thread exited: 0x0000019cfac1c7f0
Event: 378.952 Thread 0x0000019cf0767760 Thread exited: 0x0000019cf0767760
Event: 419.141 Thread 0x0000019cced1ddf0 Thread added: 0x0000019cfb13df70
Event: 420.091 Thread 0x0000019cfb13df70 Thread exited: 0x0000019cfb13df70
Event: 420.619 Thread 0x0000019cced27b20 Thread added: 0x0000019cfb01e770
Event: 420.620 Thread 0x0000019cced27b20 Thread added: 0x0000019c80379920
Event: 424.711 Thread 0x0000019c80379920 Thread exited: 0x0000019c80379920
Event: 430.453 Thread 0x0000019cfb01e770 Thread exited: 0x0000019cfb01e770
Event: 438.450 Thread 0x0000019cf07653f0 Thread exited: 0x0000019cf07653f0
Event: 455.902 Thread 0x0000019cf076b420 Thread added: 0x0000019cfe017820
Event: 503.117 Thread 0x0000019cf0767250 Thread exited: 0x0000019cf0767250
Event: 507.901 Thread 0x0000019cced27b20 Thread added: 0x0000019cfd0c1a60
Event: 516.965 Thread 0x0000019cced27b20 Thread added: 0x0000019cfad0c770


Dynamic libraries:
0x00007ff7e6f10000 - 0x00007ff7e6f1e000 	E:\android_studio\java_17\jdk-17.0.18+8\bin\java.exe
0x00007ffba0f60000 - 0x00007ffba11c7000 	C:\WINDOWS\SYSTEM32\ntdll.dll
0x00007ffb9efe0000 - 0x00007ffb9f0a9000 	C:\WINDOWS\System32\KERNEL32.DLL
0x00007ffb9e710000 - 0x00007ffb9eb04000 	C:\WINDOWS\System32\KERNELBASE.dll
0x00007ffb9e3a0000 - 0x00007ffb9e4eb000 	C:\WINDOWS\System32\ucrtbase.dll
0x00007ffb93be0000 - 0x00007ffb93bfe000 	E:\android_studio\java_17\jdk-17.0.18+8\bin\VCRUNTIME140.dll
0x00007ffb93f40000 - 0x00007ffb93f58000 	E:\android_studio\java_17\jdk-17.0.18+8\bin\jli.dll
0x00007ffb9ecf0000 - 0x00007ffb9eeb5000 	C:\WINDOWS\System32\USER32.dll
0x00007ffb89e60000 - 0x00007ffb8a0f3000 	C:\WINDOWS\WinSxS\amd64_microsoft.windows.common-controls_6595b64144ccf1df_6.0.26100.8115_none_3e075c82e3354f9c\COMCTL32.dll
0x00007ffb9e370000 - 0x00007ffb9e397000 	C:\WINDOWS\System32\win32u.dll
0x00007ffba00c0000 - 0x00007ffba0169000 	C:\WINDOWS\System32\msvcrt.dll
0x00007ffb9f9a0000 - 0x00007ffb9f9cb000 	C:\WINDOWS\System32\GDI32.dll
0x00007ffb9ebc0000 - 0x00007ffb9ecea000 	C:\WINDOWS\System32\gdi32full.dll
0x00007ffb9e660000 - 0x00007ffb9e703000 	C:\WINDOWS\System32\msvcp_win.dll
0x00007ffb9fb40000 - 0x00007ffb9fb72000 	C:\WINDOWS\System32\IMM32.DLL
0x00007ffb94410000 - 0x00007ffb9441c000 	E:\android_studio\java_17\jdk-17.0.18+8\bin\vcruntime140_1.dll
0x00007ffb4ab00000 - 0x00007ffb4ab8d000 	E:\android_studio\java_17\jdk-17.0.18+8\bin\msvcp140.dll
0x00007ffb06250000 - 0x00007ffb06ebb000 	E:\android_studio\java_17\jdk-17.0.18+8\bin\server\jvm.dll
0x00007ffb9f4c0000 - 0x00007ffb9f576000 	C:\WINDOWS\System32\ADVAPI32.dll
0x00007ffb9f790000 - 0x00007ffb9f837000 	C:\WINDOWS\System32\sechost.dll
0x00007ffb9eec0000 - 0x00007ffb9efd8000 	C:\WINDOWS\System32\RPCRT4.dll
0x00007ffba0720000 - 0x00007ffba07a0000 	C:\WINDOWS\System32\WS2_32.dll
0x00007ffb9d6b0000 - 0x00007ffb9d70e000 	C:\WINDOWS\SYSTEM32\POWRPROF.dll
0x00007ffb97340000 - 0x00007ffb97376000 	C:\WINDOWS\SYSTEM32\WINMM.dll
0x00007ffb97ff0000 - 0x00007ffb97ffb000 	C:\WINDOWS\SYSTEM32\VERSION.dll
0x00007ffb9d690000 - 0x00007ffb9d6a4000 	C:\WINDOWS\SYSTEM32\UMPDC.dll
0x00007ffb9c5a0000 - 0x00007ffb9c5bb000 	C:\WINDOWS\SYSTEM32\kernel.appcore.dll
0x00007ffb93f20000 - 0x00007ffb93f2a000 	E:\android_studio\java_17\jdk-17.0.18+8\bin\jimage.dll
0x00007ffb9b7c0000 - 0x00007ffb9ba02000 	C:\WINDOWS\SYSTEM32\DBGHELP.DLL
0x00007ffb9f0b0000 - 0x00007ffb9f432000 	C:\WINDOWS\System32\combase.dll
0x00007ffb9f8c0000 - 0x00007ffb9f997000 	C:\WINDOWS\System32\OLEAUT32.dll
0x00007ffb89d80000 - 0x00007ffb89dbb000 	C:\WINDOWS\SYSTEM32\dbgcore.DLL
0x00007ffb9eb10000 - 0x00007ffb9ebb5000 	C:\WINDOWS\System32\bcryptPrimitives.dll
0x00007ffb93830000 - 0x00007ffb9383e000 	E:\android_studio\java_17\jdk-17.0.18+8\bin\instrument.dll
0x00007ffb93a30000 - 0x00007ffb93a55000 	E:\android_studio\java_17\jdk-17.0.18+8\bin\java.dll
0x00007ffb2f780000 - 0x00007ffb2f857000 	E:\android_studio\java_17\jdk-17.0.18+8\bin\jsvml.dll
0x00007ffba07b0000 - 0x00007ffba0f16000 	C:\WINDOWS\System32\SHELL32.dll
0x00007ffb9e4f0000 - 0x00007ffb9e65a000 	C:\WINDOWS\System32\wintypes.dll
0x00007ffb9db00000 - 0x00007ffb9e365000 	C:\WINDOWS\System32\windows.storage.dll
0x00007ffb9feb0000 - 0x00007ffb9ffa7000 	C:\WINDOWS\System32\SHCORE.dll
0x00007ffb9fca0000 - 0x00007ffb9fd06000 	C:\WINDOWS\System32\shlwapi.dll
0x00007ffb9d750000 - 0x00007ffb9d779000 	C:\WINDOWS\SYSTEM32\profapi.dll
0x00007ffb935b0000 - 0x00007ffb935c8000 	E:\android_studio\java_17\jdk-17.0.18+8\bin\zip.dll
0x00007ffb938b0000 - 0x00007ffb938ca000 	E:\android_studio\java_17\jdk-17.0.18+8\bin\net.dll
0x00007ffb97150000 - 0x00007ffb9727d000 	C:\WINDOWS\SYSTEM32\WINHTTP.dll
0x00007ffb9cba0000 - 0x00007ffb9cc0c000 	C:\WINDOWS\system32\mswsock.dll
0x00007ffb93840000 - 0x00007ffb93856000 	E:\android_studio\java_17\jdk-17.0.18+8\bin\nio.dll
0x00007ffb93e20000 - 0x00007ffb93e30000 	E:\android_studio\java_17\jdk-17.0.18+8\bin\verify.dll
0x00007ffb8ded0000 - 0x00007ffb8def7000 	E:\GradleCache\native\1def1411415f61bf3af743bc5b6707747c0891f09f0c88961ee8f79bc544acac\windows-amd64\native-platform.dll
0x00007ffb495d0000 - 0x00007ffb49647000 	E:\GradleCache\native\0.2.8\x86_64-windows-gnu\gradle-fileevents.dll
0x00007ffb93ee0000 - 0x00007ffb93eea000 	E:\android_studio\java_17\jdk-17.0.18+8\bin\management.dll
0x00007ffb93e80000 - 0x00007ffb93e8c000 	E:\android_studio\java_17\jdk-17.0.18+8\bin\management_ext.dll
0x00007ffb9f5a0000 - 0x00007ffb9f5a8000 	C:\WINDOWS\System32\PSAPI.DLL
0x00007ffb9bfc0000 - 0x00007ffb9bff2000 	C:\WINDOWS\SYSTEM32\IPHLPAPI.DLL
0x00007ffba0170000 - 0x00007ffba017a000 	C:\WINDOWS\System32\NSI.dll
0x00007ffb96f40000 - 0x00007ffb96f5d000 	C:\WINDOWS\SYSTEM32\dhcpcsvc6.DLL
0x00007ffb96f10000 - 0x00007ffb96f35000 	C:\WINDOWS\SYSTEM32\dhcpcsvc.DLL
0x00007ffb9c060000 - 0x00007ffb9c192000 	C:\WINDOWS\SYSTEM32\DNSAPI.dll
0x00007ffb93a20000 - 0x00007ffb93a29000 	E:\android_studio\java_17\jdk-17.0.18+8\bin\extnet.dll
0x00007ffb9ce80000 - 0x00007ffb9ce9b000 	C:\WINDOWS\SYSTEM32\CRYPTSP.dll
0x00007ffb9c500000 - 0x00007ffb9c539000 	C:\WINDOWS\system32\rsaenh.dll
0x00007ffb9cc50000 - 0x00007ffb9cc83000 	C:\WINDOWS\SYSTEM32\USERENV.dll
0x00007ffb9d720000 - 0x00007ffb9d74a000 	C:\WINDOWS\SYSTEM32\bcrypt.dll
0x00007ffb9cea0000 - 0x00007ffb9ceac000 	C:\WINDOWS\SYSTEM32\CRYPTBASE.dll
0x00007ffb937a0000 - 0x00007ffb937ae000 	E:\android_studio\java_17\jdk-17.0.18+8\bin\sunmscapi.dll
0x00007ffb9d8f0000 - 0x00007ffb9da67000 	C:\WINDOWS\System32\CRYPT32.dll
0x00007ffb9d0a0000 - 0x00007ffb9d0d0000 	C:\WINDOWS\SYSTEM32\ncrypt.dll
0x00007ffb9d050000 - 0x00007ffb9d08f000 	C:\WINDOWS\SYSTEM32\NTASN1.dll
0x00007ffb462d0000 - 0x00007ffb462d8000 	C:\WINDOWS\system32\wshunix.dll
0x00007ffb94440000 - 0x00007ffb94447000 	E:\android_studio\java_17\jdk-17.0.18+8\bin\rmi.dll
0x00007ffb9c730000 - 0x00007ffb9c766000 	C:\WINDOWS\SYSTEM32\ntmarta.dll
0x00007ffb948d0000 - 0x00007ffb948db000 	C:\Windows\System32\rasadhlp.dll
0x00007ffb94950000 - 0x00007ffb949d6000 	C:\WINDOWS\System32\fwpuclnt.dll

dbghelp: loaded successfully - version: 4.0.5 - missing functions: none
symbol engine: initialized successfully - sym options: 0x614 - pdb path: .;E:\android_studio\java_17\jdk-17.0.18+8\bin;C:\WINDOWS\SYSTEM32;C:\WINDOWS\WinSxS\amd64_microsoft.windows.common-controls_6595b64144ccf1df_6.0.26100.8115_none_3e075c82e3354f9c;E:\android_studio\java_17\jdk-17.0.18+8\bin\server;E:\GradleCache\native\1def1411415f61bf3af743bc5b6707747c0891f09f0c88961ee8f79bc544acac\windows-amd64;E:\GradleCache\native\0.2.8\x86_64-windows-gnu

VM Arguments:
jvm_args: --add-opens=java.base/java.lang=ALL-UNNAMED --add-opens=java.base/java.lang.invoke=ALL-UNNAMED --add-opens=java.base/java.util=ALL-UNNAMED --add-opens=java.prefs/java.util.prefs=ALL-UNNAMED --add-exports=jdk.compiler/com.sun.tools.javac.api=ALL-UNNAMED --add-exports=jdk.compiler/com.sun.tools.javac.util=ALL-UNNAMED --add-opens=java.base/java.util=ALL-UNNAMED --add-opens=java.prefs/java.util.prefs=ALL-UNNAMED --add-opens=java.base/java.nio.charset=ALL-UNNAMED --add-opens=java.base/java.net=ALL-UNNAMED --add-opens=java.base/java.util.concurrent=ALL-UNNAMED --add-opens=java.base/java.util.concurrent.atomic=ALL-UNNAMED --add-opens=java.xml/javax.xml.namespace=ALL-UNNAMED -XX:MaxMetaspaceSize=512m -Xmx2048m -Dfile.encoding=windows-1252 -Duser.country=IN -Duser.language=en -Duser.variant -javaagent:E:\GradleCache\wrapper\dists\gradle-9.0.0-bin\d6wjpkvcgsg3oed0qlfss3wgl\gradle-9.0.0\lib\agents\gradle-instrumentation-agent-9.0.0.jar 
java_command: org.gradle.launcher.daemon.bootstrap.GradleDaemon 9.0.0
java_class_path (initial): E:\GradleCache\wrapper\dists\gradle-9.0.0-bin\d6wjpkvcgsg3oed0qlfss3wgl\gradle-9.0.0\lib\gradle-daemon-main-9.0.0.jar
Launcher Type: SUN_STANDARD

[Global flags]
     intx CICompilerCount                          = 4                                         {product} {ergonomic}
   size_t CompressedClassSpaceSize                 = 436207616                                 {product} {ergonomic}
     uint ConcGCThreads                            = 3                                         {product} {ergonomic}
     uint G1ConcRefinementThreads                  = 10                                        {product} {ergonomic}
   size_t G1HeapRegionSize                         = 1048576                                   {product} {ergonomic}
    uintx GCDrainStackTargetSize                   = 64                                        {product} {ergonomic}
   size_t InitialHeapSize                          = 98566144                                  {product} {ergonomic}
   size_t MarkStackSize                            = 4194304                                   {product} {ergonomic}
   size_t MaxHeapSize                              = 2147483648                                {product} {command line}
   size_t MaxMetaspaceSize                         = 536870912                                 {product} {command line}
   size_t MaxNewSize                               = 1287651328                                {product} {ergonomic}
   size_t MinHeapDeltaBytes                        = 1048576                                   {product} {ergonomic}
   size_t MinHeapSize                              = 8388608                                   {product} {ergonomic}
    uintx NonNMethodCodeHeapSize                   = 5839372                                {pd product} {ergonomic}
    uintx NonProfiledCodeHeapSize                  = 122909434                              {pd product} {ergonomic}
    uintx ProfiledCodeHeapSize                     = 122909434                              {pd product} {ergonomic}
    uintx ReservedCodeCacheSize                    = 251658240                              {pd product} {ergonomic}
     bool SegmentedCodeCache                       = true                                      {product} {ergonomic}
   size_t SoftMaxHeapSize                          = 2147483648                             {manageable} {ergonomic}
     bool UseCompressedClassPointers               = true                           {product lp64_product} {ergonomic}
     bool UseCompressedOops                        = true                           {product lp64_product} {ergonomic}
     bool UseG1GC                                  = true                                      {product} {ergonomic}
     bool UseLargePagesIndividualAllocation        = false                                  {pd product} {ergonomic}

Logging:
Log output configuration:
 #0: stdout all=warning uptime,level,tags
 #1: stderr all=off uptime,level,tags

Environment Variables:
JAVA_HOME=E:\android_studio\java_17\jdk-17.0.18+8
PATH=C:\Windows\system32;C:\Windows;C:\Windows\System32\Wbem;C:\Windows\System32\WindowsPowerShell\v1.0\;C:\Windows\System32\OpenSSH\;C:\Program Files (x86)\NVIDIA Corporation\PhysX\Common;C:\Program Files\NVIDIA Corporation\NVIDIA NvDLISR;C:\WINDOWS\system32;C:\WINDOWS;C:\WINDOWS\System32\Wbem;C:\WINDOWS\System32\WindowsPowerShell\v1.0\;C:\WINDOWS\System32\OpenSSH\;C:\Program Files\nodejs\;C:\ffmpeg\ffmpeg-8.0.1-essentials_build\bin;E:\android_studio\cmdline-tools\latest\bin;E:\android_studio\platform-tools;E:\android_studio\java_17\jdk-17.0.18+8\bin;C:\Program Files\Git\cmd;C:\Users\dhruv\miniconda3;C:\Users\dhruv\miniconda3\Library\mingw-w64\bin;C:\Users\dhruv\miniconda3\Library\usr\bin;C:\Users\dhruv\miniconda3\Library\bin;C:\Users\dhruv\miniconda3\Scripts;C:\Users\dhruv\AppData\Local\Microsoft\WindowsApps;C:\Users\dhruv\AppData\Local\Programs\Microsoft VS Code\bin;C:\Users\dhruv\AppData\Roaming\npm;C:\ffmpeg\ffmpeg-8.0.1-essentials_build\bin;E:\android_studio\cmdline-tools\bin;
USERNAME=dhruv
OS=Windows_NT
PROCESSOR_IDENTIFIER=AMD64 Family 25 Model 80 Stepping 0, AuthenticAMD
TMP=C:\Users\dhruv\AppData\Local\Temp
TEMP=C:\Users\dhruv\AppData\Local\Temp



Periodic native trim disabled


---------------  S Y S T E M  ---------------

OS:
 Windows 11 , 64 bit Build 26100 (10.0.26100.8115)
OS uptime: 5 days 5:32 hours
Hyper-V role detected

CPU: total 12 (initial active 12) (12 cores per cpu, 2 threads per core) family 25 model 80 stepping 0 microcode 0xa50000c, cx8, cmov, fxsr, ht, mmx, 3dnowpref, sse, sse2, sse3, ssse3, sse4a, sse4.1, sse4.2, popcnt, lzcnt, tsc, tscinvbit, avx, avx2, aes, erms, clmul, bmi1, bmi2, adx, sha, fma, vzeroupper, clflush, clflushopt, hv
Processor Information for processor 0
  Max Mhz: 3301, Current Mhz: 1805, Mhz Limit: 3301
Processor Information for processor 1
  Max Mhz: 3301, Current Mhz: 1805, Mhz Limit: 3301
Processor Information for processor 2
  Max Mhz: 3301, Current Mhz: 3301, Mhz Limit: 3301
Processor Information for processor 3
  Max Mhz: 3301, Current Mhz: 3301, Mhz Limit: 3301
Processor Information for processor 4
  Max Mhz: 3301, Current Mhz: 1805, Mhz Limit: 3301
Processor Information for processor 5
  Max Mhz: 3301, Current Mhz: 3301, Mhz Limit: 3301
Processor Information for processor 6
  Max Mhz: 3301, Current Mhz: 3301, Mhz Limit: 3301
Processor Information for processor 7
  Max Mhz: 3301, Current Mhz: 3301, Mhz Limit: 3301
Processor Information for processor 8
  Max Mhz: 3301, Current Mhz: 3301, Mhz Limit: 3301
Processor Information for processor 9
  Max Mhz: 3301, Current Mhz: 3301, Mhz Limit: 3301
Processor Information for processor 10
  Max Mhz: 3301, Current Mhz: 1805, Mhz Limit: 3301
Processor Information for processor 11
  Max Mhz: 3301, Current Mhz: 1805, Mhz Limit: 3301

Memory: 4k page, system-wide physical 5996M (168M free)
TotalPageFile size 24428M (AvailPageFile size 0M)
current process WorkingSet (physical memory assigned to process): 306M, peak: 1275M
current process commit charge ("private bytes"): 1804M, peak: 1813M

vm_info: OpenJDK 64-Bit Server VM (17.0.18+8) for windows-amd64 JRE (17.0.18+8), built on Jan 20 2026 22:28:22 by "admin" with MS VC++ 17.12 (VS2022)

END.
